"Position","Rank","Score","Title with Domain","Title","Domain","Submission Info","Time Ago","Author","Comments Count","Post URL","Author URL"
1,1,730,"Stranger Things: Tales From ‘85 | Official Teaser | Netflix (youtu.be)","Stranger Things: Tales From ‘85 | Official Teaser | Netflix","youtu.be","submitted 23 days ago by MoneyLibrarian9032 - ANNOUNCEMENT","23 days ago","MoneyLibrarian9032",,"https://youtu.be/fUiJulYbUaE?si=asEpu0HO-42c_UT5","https://old.reddit.com/user/MoneyLibrarian9032"
2,2,813,"DiscussionStranger Things Season 5 Episode Discussion Hub (self.StrangerThings)","Stranger Things Season 5 Episode Discussion Hub","self.StrangerThings","submitted 3 months ago * by HawkinnsHalfway happy[M] - ANNOUNCEMENT","3 months ago","Hawkinns","5 comments","https://old.reddit.com/r/StrangerThings/comments/1p7nrzq/stranger_things_season_5_episode_discussion_hub/","https://old.reddit.com/user/Hawkinns"
3,3,580,"DiscussionThe cheering in this scene makes absolutely 0 sense, regardless of Dustin's speech (i.redd.it)","The cheering in this scene makes absolutely 0 sense, regardless of Dustin's speech","i.redd.it","submitted 3 hours ago by Sudden_Pop_2279","3 hours ago","Sudden_Pop_2279",,"https://i.redd.it/alshocq1vqlg1.png","https://old.reddit.com/user/Sudden_Pop_2279"
4,4,797,"Guys i found the door 🚪 in gym (i.redd.it)","Guys i found the door 🚪 in gym","i.redd.it","submitted 10 hours ago by NPCOMAR7","10 hours ago","NPCOMAR7",,"https://i.redd.it/lybkkexitolg1.jpeg","https://old.reddit.com/user/NPCOMAR7"
5,5,1996,"Was Barb right or wrong here? (i.redd.it)","Was Barb right or wrong here?","i.redd.it","submitted 15 hours ago by Super-Liberal-Girl","15 hours ago","Super-Liberal-Girl",,"https://i.redd.it/p9mrriyz9nlg1.png","https://old.reddit.com/user/Super-Liberal-Girl"
6,6,515,"Mike’s college dorm (i.redd.it)","Mike’s college dorm","i.redd.it","submitted 10 hours ago by Lothloriens_","10 hours ago","Lothloriens_",,"https://i.redd.it/ge5vrqfhlolg1.jpeg","https://old.reddit.com/user/Lothloriens_"
7,7,226,"DiscussionI've seen quite a few people suggest that they would've preferred a more grounded and realistic approach when it came to Will's coming out scene due to the issues surrounding homosexuality in the 1980s - do you agree and if so how do you think this could've been best approached? (i.redd.it)","I've seen quite a few people suggest that they would've preferred a more grounded and realistic approach when it came to Will's coming out scene due to the issues surrounding homosexuality in the 1980s - do you agree and if so how do you think this could've been best approached?","i.redd.it","submitted 8 hours ago by General_Meal_3993","8 hours ago","General_Meal_3993",,"https://i.redd.it/2m4url5rbplg1.jpeg","https://old.reddit.com/user/General_Meal_3993"
8,8,89,"Look what finally came in (old.reddit.com)","Look what finally came in","old.reddit.com","submitted 4 hours ago by rustycliff","4 hours ago","rustycliff",,"https://www.reddit.com/gallery/1reutf2","https://old.reddit.com/user/rustycliff"
9,9,128,"Murray vs Yuri is an underrated rivalry. Murray didn't *need* to go to Russia, but he did. Hopper owes him big time (v.redd.it)","Murray vs Yuri is an underrated rivalry. Murray didn't *need* to go to Russia, but he did. Hopper owes him big time","v.redd.it","submitted 8 hours ago by _YuYevon_","8 hours ago","_YuYevon_","1:25","https://v.redd.it/wppqhttubplg1","https://old.reddit.com/user/_YuYevon_"
10,10,40,"SPOILERSVecna.. (i.redd.it)","Vecna..","i.redd.it","submitted 3 hours ago by Selanooo23","3 hours ago","Selanooo23",,"https://i.redd.it/hzq2bodswqlg1.jpeg","https://old.reddit.com/user/Selanooo23"
11,11,4438,"How in the world did Erica even get away with this?😭 (old.reddit.com)","How in the world did Erica even get away with this?😭","old.reddit.com","submitted 1 day ago by SamTheMarioMaster2R U N","1 day ago","SamTheMarioMaster2",,"https://www.reddit.com/gallery/1rdyf2z","https://old.reddit.com/user/SamTheMarioMaster2"
12,12,2751,"Was thrifting and found an exact replica of Steve's Jacket (old.reddit.com)","Was thrifting and found an exact replica of Steve's Jacket","old.reddit.com","submitted 1 day ago by leobearx","1 day ago","leobearx",,"https://www.reddit.com/gallery/1re06f3","https://old.reddit.com/user/leobearx"
13,13,67,"The Abyss WAS cold (self.StrangerThings)","The Abyss WAS cold","self.StrangerThings","submitted 7 hours ago by jackiee_tran","7 hours ago","jackiee_tran","28 comments","https://old.reddit.com/r/StrangerThings/comments/1repz5b/the_abyss_was_cold/","https://old.reddit.com/user/jackiee_tran"
14,14,33,"SPOILERSWhy did Jonathan and Nancy find melted army dudes and clean air? (self.StrangerThings)","Why did Jonathan and Nancy find melted army dudes and clean air?","self.StrangerThings","submitted 6 hours ago by RiparianFruitarianCoffee and Contemplation","6 hours ago","RiparianFruitarian","37 comments","https://old.reddit.com/r/StrangerThings/comments/1res7ns/why_did_jonathan_and_nancy_find_melted_army_dudes/","https://old.reddit.com/user/RiparianFruitarian"
15,15,20,"DiscussionJust finished the entire journey (S1-S5). My heart is heavy, but Hawkins will live forever. [Spoilers] (self.StrangerThings)","Just finished the entire journey (S1-S5). My heart is heavy, but Hawkins will live forever. [Spoilers]","self.StrangerThings","submitted 6 hours ago by M1H2M","6 hours ago","M1H2M","12 comments","https://old.reddit.com/r/StrangerThings/comments/1rerp80/just_finished_the_entire_journey_s1s5_my_heart_is/","https://old.reddit.com/user/M1H2M"
16,16,174,"They did it (v.redd.it)","They did it","v.redd.it","submitted 18 hours ago by Easy-Entrepreneur657","18 hours ago","Easy-Entrepreneur657","0:25","https://v.redd.it/y4rqisd0cmlg1","https://old.reddit.com/user/Easy-Entrepreneur657"
17,17,13,"SPOILERSFunny to think how different the lore of the series would have been if the The Lost Sister episode had been better received. (self.StrangerThings)","Funny to think how different the lore of the series would have been if the The Lost Sister episode had been better received.","self.StrangerThings","submitted 6 hours ago by GenghisGame","6 hours ago","GenghisGame","8 comments","https://old.reddit.com/r/StrangerThings/comments/1resvom/funny_to_think_how_different_the_lore_of_the/","https://old.reddit.com/user/GenghisGame"
18,18,14,"ST Pizza (self.StrangerThings)","ST Pizza","self.StrangerThings","submitted 5 hours ago by JiggsForlano","5 hours ago","JiggsForlano","12 comments","https://old.reddit.com/r/StrangerThings/comments/1ret8tz/st_pizza/","https://old.reddit.com/user/JiggsForlano"
19,19,"•","What if Mike got kidnapped, instead of Holly? (self.StrangerThings)","What if Mike got kidnapped, instead of Holly?","self.StrangerThings","submitted an hour ago by Weekly-Remote6886","an hour ago","Weekly-Remote6886","17 comments","https://old.reddit.com/r/StrangerThings/comments/1rezotz/what_if_mike_got_kidnapped_instead_of_holly/","https://old.reddit.com/user/Weekly-Remote6886"
20,20,6,"DiscussionThis Is For Mother Steve Harrlington | Steve Edit (v.redd.it)","This Is For Mother Steve Harrlington | Steve Edit","v.redd.it","submitted 3 hours ago by Odd-Rest-8899","3 hours ago","Odd-Rest-8899",,"https://v.redd.it/orcffazaqqlg1","https://old.reddit.com/user/Odd-Rest-8899"
21,21,1708,"Official character posters for 'Stranger Things: Tales from '85' (old.reddit.com)","Official character posters for 'Stranger Things: Tales from '85'","old.reddit.com","submitted 1 day ago by DemiFiendRSA","1 day ago","DemiFiendRSA",,"https://www.reddit.com/gallery/1rdo12u","https://old.reddit.com/user/DemiFiendRSA"
22,22,351,"S4 and S5 abandoned the 1980s theme (self.StrangerThings)","S4 and S5 abandoned the 1980s theme","self.StrangerThings","submitted 1 day ago by Acrobatic_Ebb1934","1 day ago","Acrobatic_Ebb1934","67 comments","https://old.reddit.com/r/StrangerThings/comments/1re0o2t/s4_and_s5_abandoned_the_1980s_theme/","https://old.reddit.com/user/Acrobatic_Ebb1934"
23,23,"•","Great Prequel (self.StrangerThings)","Great Prequel","self.StrangerThings","submitted an hour ago by Dependent_Lead_6357","an hour ago","Dependent_Lead_6357","2 comments","https://old.reddit.com/r/StrangerThings/comments/1rf01ko/great_prequel/","https://old.reddit.com/user/Dependent_Lead_6357"
24,24,245,"DiscussionHow different would seasons 4 and 5 play out if Hopper really did die at the end of season 3? (i.redd.it)","How different would seasons 4 and 5 play out if Hopper really did die at the end of season 3?","i.redd.it","submitted 1 day ago by AdUseful2297","1 day ago","AdUseful2297",,"https://i.redd.it/quhwmhhuaklg1.jpeg","https://old.reddit.com/user/AdUseful2297"
25,25,3,"DiscussionLenora Hills? (self.StrangerThings)","Lenora Hills?","self.StrangerThings","submitted 3 hours ago by El_Dorado_Tx","3 hours ago","El_Dorado_Tx","2 comments","https://old.reddit.com/r/StrangerThings/comments/1rew9i3/lenora_hills/","https://old.reddit.com/user/El_Dorado_Tx"
26,26,"•","SPOILERSCharacters’ lives after the show (self.StrangerThings)","Characters’ lives after the show","self.StrangerThings","submitted 14 minutes ago by PersianGuitarist","14 minutes ago","PersianGuitarist","1 comment","https://old.reddit.com/r/StrangerThings/comments/1rf10k4/characters_lives_after_the_show/","https://old.reddit.com/user/PersianGuitarist"
27,27,1,"DiscussionThe deaths in season 4 and 5 are terrifying. (self.StrangerThings)","The deaths in season 4 and 5 are terrifying.","self.StrangerThings","submitted 2 hours ago by Practical-Toe8729","2 hours ago","Practical-Toe8729","7 comments","https://old.reddit.com/r/StrangerThings/comments/1rexn7b/the_deaths_in_season_4_and_5_are_terrifying/","https://old.reddit.com/user/Practical-Toe8729"
28,28,3,"Look what I have (i.redd.it)","Look what I have","i.redd.it","submitted 3 hours ago by JediMasterSloth","3 hours ago","JediMasterSloth",,"https://i.redd.it/aq0cwky2xqlg1.jpeg","https://old.reddit.com/user/JediMasterSloth"
29,29,82,"SPOILERSI'm so sad she never got to watch the Disney Renaissance and Dreamworks films (i.redd.it)","I'm so sad she never got to watch the Disney Renaissance and Dreamworks films","i.redd.it","submitted 22 hours ago by mxmtz01","22 hours ago","mxmtz01",,"https://i.redd.it/1wfl9s3p7llg1.jpeg","https://old.reddit.com/user/mxmtz01"
30,30,20,"DiscussionJoyce’s Best Moment (self.StrangerThings)","Joyce’s Best Moment","self.StrangerThings","submitted 15 hours ago by Middle-Abalone-3142","15 hours ago","Middle-Abalone-3142","20 comments","https://old.reddit.com/r/StrangerThings/comments/1redpit/joyces_best_moment/","https://old.reddit.com/user/Middle-Abalone-3142"
31,31,15,"Three waterfalls soundtrack (v.redd.it)","Three waterfalls soundtrack","v.redd.it","submitted 13 hours ago by Potential-Height-342","13 hours ago","Potential-Height-342","0:43","https://v.redd.it/zjgynfbmxnlg1","https://old.reddit.com/user/Potential-Height-342"
32,32,409,"SPOILERSMy mom started season 4 and boy is she in a TIZZY hahahaha (old.reddit.com)","My mom started season 4 and boy is she in a TIZZY hahahaha","old.reddit.com","submitted 1 day ago by newsnuggets","1 day ago","newsnuggets",,"https://www.reddit.com/gallery/1rdrsz4","https://old.reddit.com/user/newsnuggets"
33,33,"•","DiscussionTitle: Here Are My Stranger Things Season 5? Predictions (NO Spoilers) (self.StrangerThings)","Title: Here Are My Stranger Things Season 5? Predictions (NO Spoilers)","self.StrangerThings","submitted 14 minutes ago by UHMchileanywayhot","14 minutes ago","UHMchileanywayhot",,"https://old.reddit.com/r/StrangerThings/comments/1rf10rl/title_here_are_my_stranger_things_season_5/","https://old.reddit.com/user/UHMchileanywayhot"
34,34,26,"DiscussionAn example of plot armor before season 5! Like, why didn't he just kill Hopper in this scene? (v.redd.it)","An example of plot armor before season 5! Like, why didn't he just kill Hopper in this scene?","v.redd.it","submitted 18 hours ago by Master-Teacher764","18 hours ago","Master-Teacher764","1:15","https://v.redd.it/1iwqewmlfmlg1","https://old.reddit.com/user/Master-Teacher764"
35,35,"•","Mileven as Clois (i.redd.it)","Mileven as Clois","i.redd.it","submitted 54 minutes ago by Super-Liberal-Girl","54 minutes ago","Super-Liberal-Girl",,"https://i.redd.it/jxmu5507lrlg1.jpeg","https://old.reddit.com/user/Super-Liberal-Girl"
36,36,61,"DiscussionStranger Things 5 wasn't that bad it was the Duffer Brothers comments and our own expectation that ruined it. (self.StrangerThings)","Stranger Things 5 wasn't that bad it was the Duffer Brothers comments and our own expectation that ruined it.","self.StrangerThings","submitted 23 hours ago by GuitarUsed3034","23 hours ago","GuitarUsed3034","65 comments","https://old.reddit.com/r/StrangerThings/comments/1re4v77/stranger_things_5_wasnt_that_bad_it_was_the/","https://old.reddit.com/user/GuitarUsed3034"
37,37,6,"Fan ArtStranger Things x A Christmas Story. (i.redd.it)","Stranger Things x A Christmas Story.","i.redd.it","submitted 11 hours ago by CWPLZL","11 hours ago","CWPLZL",,"https://i.redd.it/lrmu8kyaiolg1.jpeg","https://old.reddit.com/user/CWPLZL"
38,38,68,"DiscussionIm Not Really Excited For The Cartoon (self.StrangerThings)","Im Not Really Excited For The Cartoon","self.StrangerThings","submitted 1 day ago by greaterthanyou_","1 day ago","greaterthanyou_","77 comments","https://old.reddit.com/r/StrangerThings/comments/1re2eo7/im_not_really_excited_for_the_cartoon/","https://old.reddit.com/user/greaterthanyou_"
39,39,701,"Which family was better cast in terms of looks and actually resembled each other more? (old.reddit.com)","Which family was better cast in terms of looks and actually resembled each other more?","old.reddit.com","submitted 1 day ago by QuipThwipScoops Troop","1 day ago","QuipThwip",,"https://www.reddit.com/gallery/1rdi7qe","https://old.reddit.com/user/QuipThwip"
40,40,29,"Fan Art4$ thrift store find ! (old.reddit.com)","4$ thrift store find !","old.reddit.com","submitted 21 hours ago by PeachyOpossum","21 hours ago","PeachyOpossum",,"https://www.reddit.com/gallery/1re6dvb","https://old.reddit.com/user/PeachyOpossum"
41,41,79,"SPOILERSHot Take: The ending scene was a perfect scene to end the series and is one of the top scenes in the whole series (self.StrangerThings)","Hot Take: The ending scene was a perfect scene to end the series and is one of the top scenes in the whole series","self.StrangerThings","submitted 1 day ago by SkippersLog32","1 day ago","SkippersLog32","37 comments","https://old.reddit.com/r/StrangerThings/comments/1rdzlgw/hot_take_the_ending_scene_was_a_perfect_scene_to/","https://old.reddit.com/user/SkippersLog32"
42,42,19,"Describe Will's epilogue haircut very, very badly (i.redd.it)","Describe Will's epilogue haircut very, very badly","i.redd.it","submitted 20 hours ago by robin_robbin_a_bankYour ass is grass","20 hours ago","robin_robbin_a_bank",,"https://i.redd.it/x66zwqlaollg1.png","https://old.reddit.com/user/robin_robbin_a_bank"
43,43,195,"10 years ago I fell in love with Stranger Things… (i.redd.it)","10 years ago I fell in love with Stranger Things…","i.redd.it","submitted 1 day ago by ApprehensiveFarm4407sƃuᴉɥʇ ɹǝƃuɐɹʇS","1 day ago","ApprehensiveFarm4407",,"https://i.redd.it/plsc5p0mfhlg1.jpeg","https://old.reddit.com/user/ApprehensiveFarm4407"
44,44,7,"Need Help finding a certain segment from WSQK The Squawk's Broadcast (self.StrangerThings)","Need Help finding a certain segment from WSQK The Squawk's Broadcast","self.StrangerThings","submitted 17 hours ago * by Convenience-Store","17 hours ago","Convenience-Store","1 comment","https://old.reddit.com/r/StrangerThings/comments/1reag07/need_help_finding_a_certain_segment_from_wsqk_the/","https://old.reddit.com/user/Convenience-Store"
45,45,7004,"Mike got bullied in school for being “ugly” and yet his parents were canonically the hottest it-couple in their class (i.redd.it)","Mike got bullied in school for being “ugly” and yet his parents were canonically the hottest it-couple in their class","i.redd.it","submitted 2 days ago by QuipThwipScoops Troop","2 days ago","QuipThwip",,"https://i.redd.it/78juv6ixiblg1.jpeg","https://old.reddit.com/user/QuipThwip"
46,46,173,"MemeWTH are they looking at ??😭😭 (old.reddit.com)","WTH are they looking at ??😭😭","old.reddit.com","submitted 1 day ago by hitbyafridge","1 day ago","hitbyafridge",,"https://www.reddit.com/gallery/1rdkmv5","https://old.reddit.com/user/hitbyafridge"
47,47,0,"The Duffers do NOT hate Eleven (or why they left the door open 3 inches) (self.StrangerThings)","The Duffers do NOT hate Eleven (or why they left the door open 3 inches)","self.StrangerThings","submitted 10 hours ago by TheresFireInYourWay","10 hours ago","TheresFireInYourWay",,"https://old.reddit.com/r/StrangerThings/comments/1remgty/the_duffers_do_not_hate_eleven_or_why_they_left/","https://old.reddit.com/user/TheresFireInYourWay"
48,48,52,"DiscussionMy IMDb ratings after rewatching the entire series (i.redd.it)","My IMDb ratings after rewatching the entire series","i.redd.it","submitted 1 day ago by Cyrilbdr","1 day ago","Cyrilbdr",,"https://i.redd.it/ewd5ugaxbilg1.jpeg","https://old.reddit.com/user/Cyrilbdr"
49,49,178,"What do you think they were reading in this scene? (i.redd.it)","What do you think they were reading in this scene?","i.redd.it","submitted 1 day ago by Super-Liberal-Girl","1 day ago","Super-Liberal-Girl",,"https://i.redd.it/dmtbrr7l1glg1.jpeg","https://old.reddit.com/user/Super-Liberal-Girl"
50,50,3,"DiscussionEls true rival? (self.StrangerThings)","Els true rival?","self.StrangerThings","submitted 21 hours ago by Fadedstormz","21 hours ago","Fadedstormz","12 comments","https://old.reddit.com/r/StrangerThings/comments/1re6nyx/els_true_rival/","https://old.reddit.com/user/Fadedstormz"
51,51,108,"SPOILERSSo what exactly was this Vecna world going to be like? (self.StrangerThings)","So what exactly was this Vecna world going to be like?","self.StrangerThings","submitted 1 day ago by Amareldys","1 day ago","Amareldys","46 comments","https://old.reddit.com/r/StrangerThings/comments/1rdhknt/so_what_exactly_was_this_vecna_world_going_to_be/","https://old.reddit.com/user/Amareldys"
52,52,17,"SPOILERSMy Vision For the Stranger Things Finale (self.StrangerThings)","My Vision For the Stranger Things Finale","self.StrangerThings","submitted 1 day ago by BurnerAccount4Burns","1 day ago","BurnerAccount4Burns","9 comments","https://old.reddit.com/r/StrangerThings/comments/1rdwddl/my_vision_for_the_stranger_things_finale/","https://old.reddit.com/user/BurnerAccount4Burns"
53,53,60,"Tales from '85? (i.redd.it)","Tales from '85?","i.redd.it","submitted 1 day ago * by Relevant_Age8894Friends don't lie","1 day ago","Relevant_Age8894",,"https://i.redd.it/wtc780b7tglg1.jpeg","https://old.reddit.com/user/Relevant_Age8894"
54,54,297,"SPOILERSWhat are some ""plot holes"" in the final season that aren't actually plot holes? (self.StrangerThings)","What are some ""plot holes"" in the final season that aren't actually plot holes?","self.StrangerThings","submitted 1 day ago by LordNathan777","1 day ago","LordNathan777","108 comments","https://old.reddit.com/r/StrangerThings/comments/1rd8cxk/what_are_some_plot_holes_in_the_final_season_that/","https://old.reddit.com/user/LordNathan777"
55,55,954,"The lovely Kate Bush explains the meaning of ""Running Up That Hill"" (v.redd.it)","The lovely Kate Bush explains the meaning of ""Running Up That Hill""","v.redd.it","submitted 2 days ago by _YuYevon_","2 days ago","_YuYevon_","0:34","https://v.redd.it/9ngc6gasqblg1","https://old.reddit.com/user/_YuYevon_"
56,56,567,"I don't think the final was bad, i just don't think it lived up to season 4's really in any way. (i.redd.it)","I don't think the final was bad, i just don't think it lived up to season 4's really in any way.","i.redd.it","submitted 2 days ago by SamTheMarioMaster2R U N","2 days ago","SamTheMarioMaster2",,"https://i.redd.it/boy7icclnblg1.jpeg","https://old.reddit.com/user/SamTheMarioMaster2"
57,57,26,"DiscussionRobin’s Best Moment (self.StrangerThings)","Robin’s Best Moment","self.StrangerThings","submitted 1 day ago by Middle-Abalone-3142","1 day ago","Middle-Abalone-3142","29 comments","https://old.reddit.com/r/StrangerThings/comments/1rdikl1/robins_best_moment/","https://old.reddit.com/user/Middle-Abalone-3142"
58,58,63,"DiscussionAlright that’s enough hate, can we actually glaze the show for what it is? (self.StrangerThings)","Alright that’s enough hate, can we actually glaze the show for what it is?","self.StrangerThings","submitted 1 day ago by UncivilizedDemodog","1 day ago","UncivilizedDemodog","51 comments","https://old.reddit.com/r/StrangerThings/comments/1rdclv3/alright_thats_enough_hate_can_we_actually_glaze/","https://old.reddit.com/user/UncivilizedDemodog"
59,59,10,"DiscussionSeason 2, chapter 7: The Lost Sister (self.StrangerThings)","Season 2, chapter 7: The Lost Sister","self.StrangerThings","submitted 1 day ago by TapaSkat8","1 day ago","TapaSkat8","10 comments","https://old.reddit.com/r/StrangerThings/comments/1rdqmfe/season_2_chapter_7_the_lost_sister/","https://old.reddit.com/user/TapaSkat8"
60,60,2,"Did fire and thunder disfigure Henry into Vecna or ? (self.StrangerThings)","Did fire and thunder disfigure Henry into Vecna or ?","self.StrangerThings","submitted 1 day ago by BeneficialIssue2065","1 day ago","BeneficialIssue2065","1 comment","https://old.reddit.com/r/StrangerThings/comments/1re28z0/did_fire_and_thunder_disfigure_henry_into_vecna_or/","https://old.reddit.com/user/BeneficialIssue2065"
61,61,3,"DiscussionWhat if Stranger Things ended at Season 2 and became an anthology later on? (self.StrangerThings)","What if Stranger Things ended at Season 2 and became an anthology later on?","self.StrangerThings","submitted 1 day ago by Due-Dragonfly8200","1 day ago","Due-Dragonfly8200","11 comments","https://old.reddit.com/r/StrangerThings/comments/1rdyvez/what_if_stranger_things_ended_at_season_2_and/","https://old.reddit.com/user/Due-Dragonfly8200"
62,62,126,"Separate Ways lyrics foreshadowing what happens to Lucas and Max (i.redd.it)","Separate Ways lyrics foreshadowing what happens to Lucas and Max","i.redd.it","submitted 2 days ago by Ivy_starlight17","2 days ago","Ivy_starlight17",,"https://i.redd.it/a67pn07kfdlg1.jpeg","https://old.reddit.com/user/Ivy_starlight17"
63,63,177,"Fan ArtStrangerArt (old.reddit.com)","StrangerArt","old.reddit.com","submitted 2 days ago by IlustraRoma","2 days ago","IlustraRoma",,"https://www.reddit.com/gallery/1rd0ynf","https://old.reddit.com/user/IlustraRoma"
64,64,279,"""So Vecna has already spoken to Will and gone back in the Upside Down, why are there 8 minutes left?"" ... (old.reddit.com)","""So Vecna has already spoken to Will and gone back in the Upside Down, why are there 8 minutes left?"" ...","old.reddit.com","submitted 2 days ago by ElCreatol","2 days ago","ElCreatol",,"https://www.reddit.com/gallery/1rcvt8i","https://old.reddit.com/user/ElCreatol"
65,65,20,"Let's revisit the entire series (self.StrangerThings)","Let's revisit the entire series","self.StrangerThings","submitted 1 day ago by AdBackground6381","1 day ago","AdBackground6381","17 comments","https://old.reddit.com/r/StrangerThings/comments/1rderux/lets_revisit_the_entire_series/","https://old.reddit.com/user/AdBackground6381"
66,66,13,"How the hell didn't Vecna know the gov used the UD.... (self.StrangerThings)","How the hell didn't Vecna know the gov used the UD....","self.StrangerThings","submitted 1 day ago by El_Dorado_Tx","1 day ago","El_Dorado_Tx","26 comments","https://old.reddit.com/r/StrangerThings/comments/1rdhgn7/how_the_hell_didnt_vecna_know_the_gov_used_the_ud/","https://old.reddit.com/user/El_Dorado_Tx"
67,67,649,"All of the kids working together to come up with genius plans is what made Stranger Things so special (v.redd.it)","All of the kids working together to come up with genius plans is what made Stranger Things so special","v.redd.it","submitted 2 days ago by sadiesbfBoobies","2 days ago","sadiesbf","2:40","https://v.redd.it/akf3svf5w9lg1","https://old.reddit.com/user/sadiesbf"
68,68,6,"SPOILERSRewriting Episode 2 of Stranger Things Season 5 (self.StrangerThings)","Rewriting Episode 2 of Stranger Things Season 5","self.StrangerThings","submitted 1 day ago by Mister_Talker","1 day ago","Mister_Talker","2 comments","https://old.reddit.com/r/StrangerThings/comments/1rdpf3s/rewriting_episode_2_of_stranger_things_season_5/","https://old.reddit.com/user/Mister_Talker"
69,69,2,"DiscussionQuestion about S1E8 (self.StrangerThings)","Question about S1E8","self.StrangerThings","submitted 1 day ago by Logical-Bullfrog3216","1 day ago","Logical-Bullfrog3216","4 comments","https://old.reddit.com/r/StrangerThings/comments/1rdrhf3/question_about_s1e8/","https://old.reddit.com/user/Logical-Bullfrog3216"
70,70,664,"Would you have liked to see a prom-themed episode in Season 5? (i.redd.it)","Would you have liked to see a prom-themed episode in Season 5?","i.redd.it","submitted 2 days ago by Super-Liberal-Girl","2 days ago","Super-Liberal-Girl",,"https://i.redd.it/8omqe5okv8lg1.jpeg","https://old.reddit.com/user/Super-Liberal-Girl"
71,71,4387,"The shootout in the Byers house is an example of a ""shootout scene"" done right (v.redd.it)","The shootout in the Byers house is an example of a ""shootout scene"" done right","v.redd.it","submitted 3 days ago by _YuYevon_","3 days ago","_YuYevon_","1:52","https://v.redd.it/ckkuowa5h5lg1","https://old.reddit.com/user/_YuYevon_"
72,72,328,"Old slovak TV series from communistic era about kids meeting an alien girl kinda gives Stranger Things vibes lol. (v.redd.it)","Old slovak TV series from communistic era about kids meeting an alien girl kinda gives Stranger Things vibes lol.","v.redd.it","submitted 2 days ago by True_Dimension7521","2 days ago","True_Dimension7521","0:51","https://v.redd.it/ohjt9838d9lg1","https://old.reddit.com/user/True_Dimension7521"
73,73,64,"Fan ArtEye of vecna (i.redd.it)","Eye of vecna","i.redd.it","submitted 2 days ago by Diplodocus6510","2 days ago","Diplodocus6510",,"https://i.redd.it/3s39ve2kqblg1.jpeg","https://old.reddit.com/user/Diplodocus6510"
74,74,20,"Season 5 deaths. (self.StrangerThings)","Season 5 deaths.","self.StrangerThings","submitted 1 day ago by ShoddySurvey2956","1 day ago","ShoddySurvey2956","42 comments","https://old.reddit.com/r/StrangerThings/comments/1rd7dlv/season_5_deaths/","https://old.reddit.com/user/ShoddySurvey2956"
75,75,10,"Would Mike be interested in literature and what kind? (self.StrangerThings)","Would Mike be interested in literature and what kind?","self.StrangerThings","submitted 1 day ago by Head_Couple_3471","1 day ago","Head_Couple_3471","11 comments","https://old.reddit.com/r/StrangerThings/comments/1rdbeyy/would_mike_be_interested_in_literature_and_what/","https://old.reddit.com/user/Head_Couple_3471"
76,76,70,"DiscussionI can't get over the lighting in Season 5 (self.StrangerThings)","I can't get over the lighting in Season 5","self.StrangerThings","submitted 2 days ago by jai_hanyo","2 days ago","jai_hanyo","25 comments","https://old.reddit.com/r/StrangerThings/comments/1rctouv/i_cant_get_over_the_lighting_in_season_5/","https://old.reddit.com/user/jai_hanyo"
77,77,372,"People keep complaining about the plot armor in season 5 when really the plot armor has existed before then! (old.reddit.com)","People keep complaining about the plot armor in season 5 when really the plot armor has existed before then!","old.reddit.com","submitted 2 days ago by Master-Teacher764","2 days ago","Master-Teacher764",,"https://www.reddit.com/gallery/1rceom5","https://old.reddit.com/user/Master-Teacher764"
78,78,178,"DiscussionHow would things be different if THESE were our Demogorgons? (i.redd.it)","How would things be different if THESE were our Demogorgons?","i.redd.it","submitted 2 days ago by Prestigious-Exit3802Dump your ass","2 days ago","Prestigious-Exit3802",,"https://i.redd.it/61f5kcbbz8lg1.jpeg","https://old.reddit.com/user/Prestigious-Exit3802"
79,79,11,"DiscussionThe parallels between Season 1 and 5 (self.StrangerThings)","The parallels between Season 1 and 5","self.StrangerThings","submitted 2 days ago by Massive-Cream1799","2 days ago","Massive-Cream1799","14 comments","https://old.reddit.com/r/StrangerThings/comments/1rd6cxx/the_parallels_between_season_1_and_5/","https://old.reddit.com/user/Massive-Cream1799"
80,80,283,"DiscussionWhy isn't the army trying to find Nancy after spotting Eleven in episode 2 of season 5? (i.redd.it)","Why isn't the army trying to find Nancy after spotting Eleven in episode 2 of season 5?","i.redd.it","submitted 2 days ago by Cyrilbdr","2 days ago","Cyrilbdr",,"https://i.redd.it/j680d3lp38lg1.jpeg","https://old.reddit.com/user/Cyrilbdr"
81,81,288,"DiscussionEleven our favourite thief 🤣 (i.redd.it)","Eleven our favourite thief 🤣","i.redd.it","submitted 2 days ago by Louloute01","2 days ago","Louloute01",,"https://i.redd.it/5o9ekuayx7lg1.jpeg","https://old.reddit.com/user/Louloute01"
82,82,22,"Fan ArtStranger Things, art by SAMBRK, 2026 (OC) (i.redd.it)","Stranger Things, art by SAMBRK, 2026 (OC)","i.redd.it","submitted 2 days ago by mbs972","2 days ago","mbs972",,"https://i.redd.it/p3bhtidx4clg1.png","https://old.reddit.com/user/mbs972"
83,83,1019,"DiscussionMy biggest issue with Mike and Lucas is that they were written in a way that the only interesting things about them was their girlfriends... (i.redd.it)","My biggest issue with Mike and Lucas is that they were written in a way that the only interesting things about them was their girlfriends...","i.redd.it","submitted 3 days ago by General_Meal_3993","3 days ago","General_Meal_3993",,"https://i.redd.it/j7hf21i4d5lg1.jpeg","https://old.reddit.com/user/General_Meal_3993"
84,84,54,"DiscussionNancy Wheeler’s Best Moment (self.StrangerThings)","Nancy Wheeler’s Best Moment","self.StrangerThings","submitted 2 days ago by Middle-Abalone-3142","2 days ago","Middle-Abalone-3142","27 comments","https://old.reddit.com/r/StrangerThings/comments/1rcl3yw/nancy_wheelers_best_moment/","https://old.reddit.com/user/Middle-Abalone-3142"
85,85,0,"DiscussionI can really tell the duffers tried to make suck my fat one a popular saying but failed 😭😭 (self.StrangerThings)","I can really tell the duffers tried to make suck my fat one a popular saying but failed 😭😭","self.StrangerThings","submitted 1 day ago by teyapi","1 day ago","teyapi",,"https://old.reddit.com/r/StrangerThings/comments/1rdywhk/i_can_really_tell_the_duffers_tried_to_make_suck/","https://old.reddit.com/user/teyapi"
86,86,396,"DiscussionSo...it was just a coincidence? (i.redd.it)","So...it was just a coincidence?","i.redd.it","submitted 3 days ago by General_Meal_3993","3 days ago","General_Meal_3993",,"https://i.redd.it/bkbbswblc5lg1.png","https://old.reddit.com/user/General_Meal_3993"
87,87,0,"SPOILERSOn Complaints, Characterization, and the Ending of the Stranger Things Era: My Thoughts (self.StrangerThings)","On Complaints, Characterization, and the Ending of the Stranger Things Era: My Thoughts","self.StrangerThings","submitted 1 day ago by Hot_Faithlessness971","1 day ago","Hot_Faithlessness971",,"https://old.reddit.com/r/StrangerThings/comments/1rdnnq2/on_complaints_characterization_and_the_ending_of/","https://old.reddit.com/user/Hot_Faithlessness971"
88,88,13,"Reflections on Character Growth in Stranger Things (self.StrangerThings)","Reflections on Character Growth in Stranger Things","self.StrangerThings","submitted 2 days ago by Top-Story8474","2 days ago","Top-Story8474","3 comments","https://old.reddit.com/r/StrangerThings/comments/1rcnrbr/reflections_on_character_growth_in_stranger_things/","https://old.reddit.com/user/Top-Story8474"
89,89,0,"SPOILERSWill ever duffers reveal if Eleven you know. (self.StrangerThings)","Will ever duffers reveal if Eleven you know.","self.StrangerThings","submitted 1 day ago by Matejsteinhauser14","1 day ago","Matejsteinhauser14",,"https://old.reddit.com/r/StrangerThings/comments/1rdmyk0/will_ever_duffers_reveal_if_eleven_you_know/","https://old.reddit.com/user/Matejsteinhauser14"
90,90,1319,"Mike asking the important questions (i.redd.it)","Mike asking the important questions","i.redd.it","submitted 3 days ago by Super-Liberal-Girl","3 days ago","Super-Liberal-Girl",,"https://i.redd.it/i5fymcrm32lg1.jpeg","https://old.reddit.com/user/Super-Liberal-Girl"
91,91,0,"Jason is ""racist"" (argument) (self.StrangerThings)","Jason is ""racist"" (argument)","self.StrangerThings","submitted 1 day ago by El_Dorado_Tx","1 day ago","El_Dorado_Tx",,"https://old.reddit.com/r/StrangerThings/comments/1rdhobi/jason_is_racist_argument/","https://old.reddit.com/user/El_Dorado_Tx"
92,92,283,"Why does my random sketch done in history class look like El haha or it doesn’t IDK (i.redd.it)","Why does my random sketch done in history class look like El haha or it doesn’t IDK","i.redd.it","submitted 3 days ago by [deleted]","3 days ago",,,"https://i.redd.it/zk8lbvt4c4lg1.jpeg",
93,93,3,"DiscussionMusical analysis of the motifs of the bad guys in ST (self.StrangerThings)","Musical analysis of the motifs of the bad guys in ST","self.StrangerThings","submitted 2 days ago by Fadedstormz","2 days ago","Fadedstormz","3 comments","https://old.reddit.com/r/StrangerThings/comments/1rcsbr1/musical_analysis_of_the_motifs_of_the_bad_guys_in/","https://old.reddit.com/user/Fadedstormz"
94,94,861,"Behind the scenes.Season 4 Behind the scenes at the Byer's house. (i.redd.it)","Season 4 Behind the scenes at the Byer's house.","i.redd.it","submitted 3 days ago by Mani_sraoCastle Byers","3 days ago","Mani_srao",,"https://i.redd.it/n1j3ezm6n1lg1.png","https://old.reddit.com/user/Mani_srao"
95,95,86,"Just want to add my opinion to the internet that I thought the final season, and the final episode, were fantastic (self.StrangerThings)","Just want to add my opinion to the internet that I thought the final season, and the final episode, were fantastic","self.StrangerThings","submitted 3 days ago by cunninglinguist22","3 days ago","cunninglinguist22","37 comments","https://old.reddit.com/r/StrangerThings/comments/1rc379f/just_want_to_add_my_opinion_to_the_internet_that/","https://old.reddit.com/user/cunninglinguist22"
96,96,37,"SPOILERSStranger Things S1 EP1 personal review/rating (i.redd.it)","Stranger Things S1 EP1 personal review/rating","i.redd.it","submitted 3 days ago by LotusCrew5720Dungeon Master","3 days ago","LotusCrew5720",,"https://i.redd.it/ralewetr16lg1.jpeg","https://old.reddit.com/user/LotusCrew5720"
97,97,57,"DiscussionHow did Henry just so happen to get blasted to the location of the Mind Flayer? (SPOILERS) (i.redd.it)","How did Henry just so happen to get blasted to the location of the Mind Flayer? (SPOILERS)","i.redd.it","submitted 3 days ago by RiparianFruitarianCoffee and Contemplation","3 days ago","RiparianFruitarian",,"https://i.redd.it/aimoubax85lg1.jpeg","https://old.reddit.com/user/RiparianFruitarian"
98,98,489,"Stranger Things gave my favorite YouTuber a midlife crisis (i.redd.it)","Stranger Things gave my favorite YouTuber a midlife crisis","i.redd.it","submitted 3 days ago by terminus_tommy","3 days ago","terminus_tommy",,"https://i.redd.it/h5852xcxo1lg1.jpeg","https://old.reddit.com/user/terminus_tommy"
99,99,6,"Does anyone have any idea exactly how void works? (self.StrangerThings)","Does anyone have any idea exactly how void works?","self.StrangerThings","submitted 2 days ago by Lauren_HS28","2 days ago","Lauren_HS28","6 comments","https://old.reddit.com/r/StrangerThings/comments/1rcgg9h/does_anyone_have_any_idea_exactly_how_void_works/","https://old.reddit.com/user/Lauren_HS28"
100,100,291,"DiscussionMy favorite beast! The Demagogue! (old.reddit.com)","My favorite beast! The Demagogue!","old.reddit.com","submitted 3 days ago by Tnemmokon","3 days ago","Tnemmokon",,"https://www.reddit.com/gallery/1rbnnzw","https://old.reddit.com/user/Tnemmokon"
101,101,1363,"I made my own version (i.redd.it)","I made my own version","i.redd.it","submitted 3 days ago by CompetitionSea2076","3 days ago","CompetitionSea2076",,"https://i.redd.it/3xmm0cdkjzkg1.png","https://old.reddit.com/user/CompetitionSea2076"
102,102,51,"SPOILERSThe Mind flayer World... (i.redd.it)","The Mind flayer World...","i.redd.it","submitted 3 days ago by underthedraft","3 days ago","underthedraft",,"https://i.redd.it/kvez4lm7m4lg1.jpeg","https://old.reddit.com/user/underthedraft"
103,103,132,"DiscussionJust finished the series. I am now broken, thanks. (self.StrangerThings)","Just finished the series. I am now broken, thanks.","self.StrangerThings","submitted 3 days ago by Cyanode06","3 days ago","Cyanode06","26 comments","https://old.reddit.com/r/StrangerThings/comments/1rbs3k9/just_finished_the_series_i_am_now_broken_thanks/","https://old.reddit.com/user/Cyanode06"
104,104,210,"Fan ArtDemogorgon art (i.redd.it)","Demogorgon art","i.redd.it","submitted 3 days ago by Vee1204","3 days ago","Vee1204",,"https://i.redd.it/0bgq4av2u1lg1.jpeg","https://old.reddit.com/user/Vee1204"
105,105,186,"DiscussionThey absolutely must release the complete series on DVD. Netflix and the Duffer brothers, please do it! (i.redd.it)","They absolutely must release the complete series on DVD. Netflix and the Duffer brothers, please do it!","i.redd.it","submitted 3 days ago by Cyrilbdr","3 days ago","Cyrilbdr",,"https://i.redd.it/1x2vj62mg1lg1.jpeg","https://old.reddit.com/user/Cyrilbdr"
106,106,0,"DiscussionWait what (old.reddit.com)","Wait what","old.reddit.com","submitted 2 days ago by BensonFox64","2 days ago","BensonFox64",,"https://www.reddit.com/gallery/1rd4pak","https://old.reddit.com/user/BensonFox64"
107,107,0,"DiscussionWhat if the Price Twins reprised their roles as Holly in Season 5 instead? (i.redd.it)","What if the Price Twins reprised their roles as Holly in Season 5 instead?","i.redd.it","submitted 2 days ago by Due-Dragonfly8200","2 days ago","Due-Dragonfly8200",,"https://i.redd.it/wn65ci7z7clg1.jpeg","https://old.reddit.com/user/Due-Dragonfly8200"
108,108,5,"DiscussionRewriting Stranger Things Season 5 (starting with Episode 1) (self.StrangerThings)","Rewriting Stranger Things Season 5 (starting with Episode 1)","self.StrangerThings","submitted 3 days ago by Mister_Talker","3 days ago","Mister_Talker","20 comments","https://old.reddit.com/r/StrangerThings/comments/1rc6fku/rewriting_stranger_things_season_5_starting_with/","https://old.reddit.com/user/Mister_Talker"
109,109,27,"DiscussionSo I need to settle a debate (self.StrangerThings)","So I need to settle a debate","self.StrangerThings","submitted 3 days ago by Frogman55555","3 days ago","Frogman55555","85 comments","https://old.reddit.com/r/StrangerThings/comments/1rbv5v3/so_i_need_to_settle_a_debate/","https://old.reddit.com/user/Frogman55555"
110,110,36,"SPOILERSDoes the Party believe... (self.StrangerThings)","Does the Party believe...","self.StrangerThings","submitted 3 days ago by Interesting-Cancel13","3 days ago","Interesting-Cancel13","38 comments","https://old.reddit.com/r/StrangerThings/comments/1rbqmrp/does_the_party_believe/","https://old.reddit.com/user/Interesting-Cancel13"
111,111,25,"DiscussionJonathon’s Best Moment (self.StrangerThings)","Jonathon’s Best Moment","self.StrangerThings","submitted 3 days ago * by Middle-Abalone-3142","3 days ago","Middle-Abalone-3142","24 comments","https://old.reddit.com/r/StrangerThings/comments/1rbsxau/jonathons_best_moment/","https://old.reddit.com/user/Middle-Abalone-3142"
112,112,1111,"DiscussionI crashed out so hard when the news called this an earthquake… (i.redd.it)","I crashed out so hard when the news called this an earthquake…","i.redd.it","submitted 4 days ago by LightFox_NEFFEX","4 days ago","LightFox_NEFFEX",,"https://i.redd.it/nlhvozo5swkg1.jpeg","https://old.reddit.com/user/LightFox_NEFFEX"
113,113,8,"DiscussionI may very well be misunderstanding, but shouldn't the gates lead to the other side? (self.StrangerThings)","I may very well be misunderstanding, but shouldn't the gates lead to the other side?","self.StrangerThings","submitted 3 days ago by Due-Dragonfly8200","3 days ago","Due-Dragonfly8200","1 comment","https://old.reddit.com/r/StrangerThings/comments/1rc0gl7/i_may_very_well_be_misunderstanding_but_shouldnt/","https://old.reddit.com/user/Due-Dragonfly8200"
114,114,37,"Top 10 character arcs and developments imo… (old.reddit.com)","Top 10 character arcs and developments imo…","old.reddit.com","submitted 3 days ago by Sea-Philosopher2905","3 days ago","Sea-Philosopher2905",,"https://www.reddit.com/gallery/1rbn6uu","https://old.reddit.com/user/Sea-Philosopher2905"
115,115,18,"I wish the gang had a carnival scene together in season 3 (self.StrangerThings)","I wish the gang had a carnival scene together in season 3","self.StrangerThings","submitted 3 days ago by Agreeable_Gene7338","3 days ago","Agreeable_Gene7338","6 comments","https://old.reddit.com/r/StrangerThings/comments/1rbtrzc/i_wish_the_gang_had_a_carnival_scene_together_in/","https://old.reddit.com/user/Agreeable_Gene7338"
116,116,7,"DiscussionCan someone explain the argument scene between Mike and Hopper at the end of season 2 ? (self.StrangerThings)","Can someone explain the argument scene between Mike and Hopper at the end of season 2 ?","self.StrangerThings","submitted 3 days ago by alienkittycatty","3 days ago","alienkittycatty","6 comments","https://old.reddit.com/r/StrangerThings/comments/1rc1yz1/can_someone_explain_the_argument_scene_between/","https://old.reddit.com/user/alienkittycatty"
117,117,17,"(ISO) Will's S5 Shirt (i.redd.it)","(ISO) Will's S5 Shirt","i.redd.it","submitted 3 days ago by CECPizzaMunch","3 days ago","CECPizzaMunch",,"https://i.redd.it/ub7fxk7f63lg1.jpeg","https://old.reddit.com/user/CECPizzaMunch"
118,118,179,"This was my favorite reference/ homage in stranger things: (v.redd.it)","This was my favorite reference/ homage in stranger things:","v.redd.it","submitted 4 days ago by Numb3r3dDays","4 days ago","Numb3r3dDays","1:00","https://v.redd.it/f3g6n7cnwykg1","https://old.reddit.com/user/Numb3r3dDays"
119,119,8,"I honestly don't know how this could get any worse. (self.StrangerThings)","I honestly don't know how this could get any worse.","self.StrangerThings","submitted 3 days ago by Lauren_HS28","3 days ago","Lauren_HS28","25 comments","https://old.reddit.com/r/StrangerThings/comments/1rbuap9/i_honestly_dont_know_how_this_could_get_any_worse/","https://old.reddit.com/user/Lauren_HS28"
120,120,513,"DiscussionWhich antagonist was the most misunderstood? (i.redd.it)","Which antagonist was the most misunderstood?","i.redd.it","submitted 4 days ago by Sudden_Pop_2279","4 days ago","Sudden_Pop_2279",,"https://i.redd.it/q2xtuk78mwkg1.jpeg","https://old.reddit.com/user/Sudden_Pop_2279"
121,121,34,"Just finished the series. And I have some things to say about the ending... (self.StrangerThings)","Just finished the series. And I have some things to say about the ending...","self.StrangerThings","submitted 3 days ago by There_He-Goes","3 days ago","There_He-Goes","35 comments","https://old.reddit.com/r/StrangerThings/comments/1rbigqk/just_finished_the_series_and_i_have_some_things/","https://old.reddit.com/user/There_He-Goes"
122,122,93,"DiscussionI know this is probably the coldest, stalest take imaginable but I think they should've just split S4E9 into two episodes and tied up the loose ends, with no cliffhanger or season 5 (i.redd.it)","I know this is probably the coldest, stalest take imaginable but I think they should've just split S4E9 into two episodes and tied up the loose ends, with no cliffhanger or season 5","i.redd.it","submitted 4 days ago by Mothylphetamine_3-inches","4 days ago","Mothylphetamine_",,"https://i.redd.it/5p4ib2cm2zkg1.png","https://old.reddit.com/user/Mothylphetamine_"
123,123,9,"DiscussionI'm very torn on Kali/8(Season 5 spoilers) (self.StrangerThings)","I'm very torn on Kali/8(Season 5 spoilers)","self.StrangerThings","submitted 3 days ago by BLENDER-74","3 days ago","BLENDER-74","15 comments","https://old.reddit.com/r/StrangerThings/comments/1rbpjsr/im_very_torn_on_kali8season_5_spoilers/","https://old.reddit.com/user/BLENDER-74"
124,124,852,"Discussiondamn, the actors really did put far more thought into their characters than the duffers ever did 😭 (i.redd.it)","damn, the actors really did put far more thought into their characters than the duffers ever did 😭","i.redd.it","submitted 4 days ago by seoulcitylisa","4 days ago","seoulcitylisa",,"https://i.redd.it/g4dbz0lk7vkg1.jpeg","https://old.reddit.com/user/seoulcitylisa"
125,125,168,"DiscussionWhat is this decoration? (old.reddit.com)","What is this decoration?","old.reddit.com","submitted 4 days ago by pwdrums","4 days ago","pwdrums",,"https://www.reddit.com/gallery/1rb5wao","https://old.reddit.com/user/pwdrums"
126,126,17,"Fan Artumh billy fanart and my oc... (i.redd.it)","umh billy fanart and my oc...","i.redd.it","submitted 3 days ago by l_a_r_a_z","3 days ago","l_a_r_a_z",,"https://i.redd.it/p2jxbmzhx0lg1.jpeg","https://old.reddit.com/user/l_a_r_a_z"
127,127,0,"DiscussionThoughts? (self.StrangerThings)","Thoughts?","self.StrangerThings","submitted 2 days ago by Cyanode06","2 days ago","Cyanode06",,"https://old.reddit.com/r/StrangerThings/comments/1rcfdju/thoughts/","https://old.reddit.com/user/Cyanode06"
128,128,73,"Tales from '85 Concept Art (i.redd.it)","Tales from '85 Concept Art","i.redd.it","submitted 4 days ago by Super-Liberal-Girl","4 days ago","Super-Liberal-Girl",,"https://i.redd.it/hb7yj530gykg1.png","https://old.reddit.com/user/Super-Liberal-Girl"
129,129,451,"Shifting focus away from the Byers was a mistake (self.StrangerThings)","Shifting focus away from the Byers was a mistake","self.StrangerThings","submitted 4 days ago * by sapphicbrownAre you real? Did I make you?!","4 days ago","sapphicbrown","35 comments","https://old.reddit.com/r/StrangerThings/comments/1rau2fg/shifting_focus_away_from_the_byers_was_a_mistake/","https://old.reddit.com/user/sapphicbrown"
130,130,83,"One of the biggest unanswered questions… (i.redd.it)","One of the biggest unanswered questions…","i.redd.it","submitted 4 days ago by Hukares1234","4 days ago","Hukares1234",,"https://i.redd.it/ftwgqe6wsxkg1.jpeg","https://old.reddit.com/user/Hukares1234"
131,131,128,"you guys see it too right? (old.reddit.com)","you guys see it too right?","old.reddit.com","submitted 4 days ago by Rich-Satisfaction-53","4 days ago","Rich-Satisfaction-53",,"https://www.reddit.com/gallery/1rb33sx","https://old.reddit.com/user/Rich-Satisfaction-53"
132,132,249,"SPOILERSThe voices in my head (v.redd.it)","The voices in my head","v.redd.it","submitted 4 days ago by May_onnaise_959","4 days ago","May_onnaise_959","1:19","https://v.redd.it/i6rspjtyqvkg1","https://old.reddit.com/user/May_onnaise_959"
133,133,25,"DiscussionTell me your fav character without saying their name. (self.StrangerThings)","Tell me your fav character without saying their name.","self.StrangerThings","submitted 4 days ago by Closet-Cheeto","4 days ago","Closet-Cheeto","162 comments","https://old.reddit.com/r/StrangerThings/comments/1rbcxyi/tell_me_your_fav_character_without_saying_their/","https://old.reddit.com/user/Closet-Cheeto"
134,134,346,"In the Void by lyn_hui. (Finn Wolfhard also liked this artwork) (old.reddit.com)","In the Void by lyn_hui. (Finn Wolfhard also liked this artwork)","old.reddit.com","submitted 4 days ago by Super-Liberal-Girl","4 days ago","Super-Liberal-Girl",,"https://www.reddit.com/gallery/1raslx5","https://old.reddit.com/user/Super-Liberal-Girl"
135,135,4,"DiscussionAre there any characters you wish had more interactions? (self.StrangerThings)","Are there any characters you wish had more interactions?","self.StrangerThings","submitted 3 days ago by TheOmnipotentDevil18","3 days ago","TheOmnipotentDevil18","14 comments","https://old.reddit.com/r/StrangerThings/comments/1rbl7b7/are_there_any_characters_you_wish_had_more/","https://old.reddit.com/user/TheOmnipotentDevil18"
136,136,1787,"He was so cutee (i.redd.it)","He was so cutee","i.redd.it","submitted 5 days ago by May_onnaise_959","5 days ago","May_onnaise_959",,"https://i.redd.it/ycn03yi0nrkg1.jpeg","https://old.reddit.com/user/May_onnaise_959"
137,137,68,"SPOILERSHOT TAKE (self.StrangerThings)","HOT TAKE","self.StrangerThings","submitted 4 days ago by FormerStorage3230","4 days ago","FormerStorage3230","41 comments","https://old.reddit.com/r/StrangerThings/comments/1rb1idn/hot_take/","https://old.reddit.com/user/FormerStorage3230"
138,138,3,"merch and all (self.StrangerThings)","merch and all","self.StrangerThings","submitted 3 days ago by seaweedbrain25","3 days ago","seaweedbrain25","13 comments","https://old.reddit.com/r/StrangerThings/comments/1rbju6x/merch_and_all/","https://old.reddit.com/user/seaweedbrain25"
139,139,31,"Soooo I watched the season finale of Stranger Thing and I didn't hate it. In fact it was pretty good like a solid 8.9/10. I think the problem is that people should watch this like idk 3 or more times to get it, but hey that's just me (i.redd.it)","Soooo I watched the season finale of Stranger Thing and I didn't hate it. In fact it was pretty good like a solid 8.9/10. I think the problem is that people should watch this like idk 3 or more times to get it, but hey that's just me","i.redd.it","submitted 4 days ago by Organic-Composer9504","4 days ago","Organic-Composer9504",,"https://i.redd.it/rjovnvgdjxkg1.png","https://old.reddit.com/user/Organic-Composer9504"
140,140,31,"DiscussionSteve’s Best Moment (self.StrangerThings)","Steve’s Best Moment","self.StrangerThings","submitted 4 days ago by Middle-Abalone-3142","4 days ago","Middle-Abalone-3142","35 comments","https://old.reddit.com/r/StrangerThings/comments/1rb4re1/steves_best_moment/","https://old.reddit.com/user/Middle-Abalone-3142"
141,141,954,"Cookies! (i.redd.it)","Cookies!","i.redd.it","submitted 5 days ago by Louwheez81","5 days ago","Louwheez81",,"https://i.redd.it/iu0d40xbrrkg1.jpeg","https://old.reddit.com/user/Louwheez81"
142,142,32,"First image made me cry because the scene was sick as hell, second made me cry because it was sad as hell (old.reddit.com)","First image made me cry because the scene was sick as hell, second made me cry because it was sad as hell","old.reddit.com","submitted 4 days ago by Limp_Construction787Hellfire Club","4 days ago","Limp_Construction787",,"https://www.reddit.com/gallery/1rb3rb7","https://old.reddit.com/user/Limp_Construction787"
143,143,13,"Fan Art💙Stranger Things Converse♥️ (old.reddit.com)","💙Stranger Things Converse♥️","old.reddit.com","submitted 4 days ago by OwlPractical3546","4 days ago","OwlPractical3546",,"https://www.reddit.com/gallery/1rb9j85","https://old.reddit.com/user/OwlPractical3546"
144,144,171,"Seriously tho they didn't think of this ? (old.reddit.com)","Seriously tho they didn't think of this ?","old.reddit.com","submitted 4 days ago by Few-Spinach8114They say we are SPECIES.","4 days ago","Few-Spinach8114",,"https://www.reddit.com/gallery/1raqjng","https://old.reddit.com/user/Few-Spinach8114"
145,145,17,"SPOILERSS5E6 Melting building scene - Jonathan and Nancy’s clothes should have solidified, too. (self.StrangerThings)","S5E6 Melting building scene - Jonathan and Nancy’s clothes should have solidified, too.","self.StrangerThings","submitted 4 days ago by Meruem-x-Meruem","4 days ago","Meruem-x-Meruem","16 comments","https://old.reddit.com/r/StrangerThings/comments/1rb81h1/s5e6_melting_building_scene_jonathan_and_nancys/","https://old.reddit.com/user/Meruem-x-Meruem"
146,146,94,"Natalia is so underrated (self.StrangerThings)","Natalia is so underrated","self.StrangerThings","submitted 4 days ago by Final_Plum_2979","4 days ago","Final_Plum_2979","10 comments","https://old.reddit.com/r/StrangerThings/comments/1ratjtq/natalia_is_so_underrated/","https://old.reddit.com/user/Final_Plum_2979"
147,147,47,"SPOILERSHaha will, we always knew that (i.redd.it)","Haha will, we always knew that","i.redd.it","submitted 4 days ago by [deleted]","4 days ago",,,"https://i.redd.it/36wqo73o8wkg1.jpeg",
148,148,432,"My sisters got to meet Matt Duffer at Disney today (i.redd.it)","My sisters got to meet Matt Duffer at Disney today","i.redd.it","submitted 4 days ago by _Pasinski","4 days ago","_Pasinski",,"https://i.redd.it/dstwvrroiskg1.jpeg","https://old.reddit.com/user/_Pasinski"
149,149,28,"DiscussionFirst time watching Stranger Things! Just finished Season 4, Episode 7 and I am SHOCKED. (self.StrangerThings)","First time watching Stranger Things! Just finished Season 4, Episode 7 and I am SHOCKED.","self.StrangerThings","submitted 4 days ago by M1H2M","4 days ago","M1H2M","25 comments","https://old.reddit.com/r/StrangerThings/comments/1rb1x1r/first_time_watching_stranger_things_just_finished/","https://old.reddit.com/user/M1H2M"
150,150,0,"DiscussionI miss the time of the first 4 seasons, Netflix could change its mind and make season 6 (self.StrangerThings)","I miss the time of the first 4 seasons, Netflix could change its mind and make season 6","self.StrangerThings","submitted 3 days ago * by HarukoWy","3 days ago","HarukoWy",,"https://old.reddit.com/r/StrangerThings/comments/1rbn825/i_miss_the_time_of_the_first_4_seasons_netflix/","https://old.reddit.com/user/HarukoWy"
151,151,766,"Girlfriends, why? (i.redd.it)","Girlfriends, why?","i.redd.it","submitted 5 days ago by Super-Liberal-Girl","5 days ago","Super-Liberal-Girl",,"https://i.redd.it/u190nwlz6rkg1.png","https://old.reddit.com/user/Super-Liberal-Girl"
152,152,10,"Thought Id Make A Few Missing Lego Sticker Accessories For Max (i.redd.it)","Thought Id Make A Few Missing Lego Sticker Accessories For Max","i.redd.it","submitted 4 days ago by Last_One_Left50","4 days ago","Last_One_Left50",,"https://i.redd.it/lshe7zla2ykg1.jpeg","https://old.reddit.com/user/Last_One_Left50"
153,153,0,"Question how many people here believe that stranger things is the best tv show ever created (i.redd.it)","Question how many people here believe that stranger things is the best tv show ever created","i.redd.it","submitted 3 days ago by turdboi420heyjack","3 days ago","turdboi420heyjack",,"https://i.redd.it/hm27hkh154lg1.jpeg","https://old.reddit.com/user/turdboi420heyjack"
154,154,64,"DiscussionHow would Billy have flirted if Ted answered the door in season 2? (self.StrangerThings)","How would Billy have flirted if Ted answered the door in season 2?","self.StrangerThings","submitted 4 days ago by Designer_Advance116","4 days ago","Designer_Advance116","15 comments","https://old.reddit.com/r/StrangerThings/comments/1rarl6i/how_would_billy_have_flirted_if_ted_answered_the/","https://old.reddit.com/user/Designer_Advance116"
155,155,4212,"Despite both being new characters in S4, I really enjoyed this scene between them (i.redd.it)","Despite both being new characters in S4, I really enjoyed this scene between them","i.redd.it","submitted 5 days ago by Super-Liberal-Girl","5 days ago","Super-Liberal-Girl",,"https://i.redd.it/8z5dud31snkg1.jpeg","https://old.reddit.com/user/Super-Liberal-Girl"
156,156,8,"DiscussionWhat is your vecna song? (self.StrangerThings)","What is your vecna song?","self.StrangerThings","submitted 4 days ago by Training_Wrongdoer41","4 days ago","Training_Wrongdoer41","24 comments","https://old.reddit.com/r/StrangerThings/comments/1rb7som/what_is_your_vecna_song/","https://old.reddit.com/user/Training_Wrongdoer41"
157,157,32,"Fan ArtDIY Stranger Things Running Demogorgon Paper Craft (v.redd.it)","DIY Stranger Things Running Demogorgon Paper Craft","v.redd.it","submitted 4 days ago by Left_Hat_5838","4 days ago","Left_Hat_5838","0:10","https://v.redd.it/95t1ow6s7vkg1","https://old.reddit.com/user/Left_Hat_5838"
158,158,4,"Stranger Things model UN committee (self.StrangerThings)","Stranger Things model UN committee","self.StrangerThings","submitted 4 days ago by boohuis","4 days ago","boohuis","2 comments","https://old.reddit.com/r/StrangerThings/comments/1rb8f72/stranger_things_model_un_committee/","https://old.reddit.com/user/boohuis"
159,159,0,"SPOILERSMy take on a S5 rewrite (self.StrangerThings)","My take on a S5 rewrite","self.StrangerThings","submitted 3 days ago by WillowIsWeeping5Coffee and Contemplation","3 days ago","WillowIsWeeping5",,"https://old.reddit.com/r/StrangerThings/comments/1rbgvim/my_take_on_a_s5_rewrite/","https://old.reddit.com/user/WillowIsWeeping5"
160,160,7,"ToppsNow Value? (i.redd.it)","ToppsNow Value?","i.redd.it","submitted 4 days ago by creepyvideofinder","4 days ago","creepyvideofinder",,"https://i.redd.it/ae4wbkrs8xkg1.jpeg","https://old.reddit.com/user/creepyvideofinder"
161,161,8,"SZN 3 Finale (self.StrangerThings)","SZN 3 Finale","self.StrangerThings","submitted 4 days ago by NoHootsHuncho","4 days ago","NoHootsHuncho","4 comments","https://old.reddit.com/r/StrangerThings/comments/1rb3wbg/szn_3_finale/","https://old.reddit.com/user/NoHootsHuncho"
162,162,362,"11/10 closed captioning (i.redd.it)","11/10 closed captioning","i.redd.it","submitted 5 days ago by drewdog173","5 days ago","drewdog173",,"https://i.redd.it/cqgo8n7tbqkg1.jpeg","https://old.reddit.com/user/drewdog173"
163,163,1,"DiscussionSo rewatching season 5 (self.StrangerThings)","So rewatching season 5","self.StrangerThings","submitted 3 days ago by 864FastAsfBoy","3 days ago","864FastAsfBoy",,"https://old.reddit.com/r/StrangerThings/comments/1rbekf5/so_rewatching_season_5/","https://old.reddit.com/user/864FastAsfBoy"
164,164,11,"Max originally from San Diego? (self.StrangerThings)","Max originally from San Diego?","self.StrangerThings","submitted 4 days ago by El_Dorado_Tx","4 days ago","El_Dorado_Tx","24 comments","https://old.reddit.com/r/StrangerThings/comments/1rawwbh/max_originally_from_san_diego/","https://old.reddit.com/user/El_Dorado_Tx"
165,165,25,"SPOILERSJoyce's role in the finale (self.StrangerThings)","Joyce's role in the finale","self.StrangerThings","submitted 4 days ago * by Smilesandsunshine93","4 days ago","Smilesandsunshine93","12 comments","https://old.reddit.com/r/StrangerThings/comments/1raq7rb/joyces_role_in_the_finale/","https://old.reddit.com/user/Smilesandsunshine93"
166,166,9,"DiscussionPart 2 of Which looks Is Your Favorite (if you didn't see part 1 go see it first) (old.reddit.com)","Part 2 of Which looks Is Your Favorite (if you didn't see part 1 go see it first)","old.reddit.com","submitted 4 days ago by Appropriate-Diet3366","4 days ago","Appropriate-Diet3366",,"https://www.reddit.com/gallery/1raxdoc","https://old.reddit.com/user/Appropriate-Diet3366"
167,167,594,"I really expected to hear him say “i’m gay” even as he’s coming out he couldn’t just say those two simple words. (i.redd.it)","I really expected to hear him say “i’m gay” even as he’s coming out he couldn’t just say those two simple words.","i.redd.it","submitted 5 days ago by Remote_Nature_8166","5 days ago","Remote_Nature_8166",,"https://i.redd.it/wb5ot5561pkg1.jpeg","https://old.reddit.com/user/Remote_Nature_8166"
168,168,85,"DiscussionDoes anyone else think Dustin’s hair being shorter in the epilogue has symbolism to do with Dustin coming to terms with Eddies death? (i.redd.it)","Does anyone else think Dustin’s hair being shorter in the epilogue has symbolism to do with Dustin coming to terms with Eddies death?","i.redd.it","submitted 5 days ago by Totally_not_phoebe","5 days ago","Totally_not_phoebe",,"https://i.redd.it/epb573ov1skg1.jpeg","https://old.reddit.com/user/Totally_not_phoebe"
169,169,429,"Omg😭 (i.redd.it)","Omg😭","i.redd.it","submitted 5 days ago by May_onnaise_959","5 days ago","May_onnaise_959",,"https://i.redd.it/ejmvz1a5gpkg1.jpeg","https://old.reddit.com/user/May_onnaise_959"
170,170,3140,"Little 'on the spot' meme work going on... (i.redd.it)","Little 'on the spot' meme work going on...","i.redd.it","submitted 5 days ago by Bottlecap_riches","5 days ago","Bottlecap_riches",,"https://i.redd.it/0v1q4nfo8mkg1.jpeg","https://old.reddit.com/user/Bottlecap_riches"
171,171,2,"How was Max added to the show? (self.StrangerThings)","How was Max added to the show?","self.StrangerThings","submitted 4 days ago by El_Dorado_Tx","4 days ago","El_Dorado_Tx","56 comments","https://old.reddit.com/r/StrangerThings/comments/1rb7bg6/how_was_max_added_to_the_show/","https://old.reddit.com/user/El_Dorado_Tx"
172,172,322,"DiscussionStranger Things x Chips Ahoy Sweepstakes Prizes (old.reddit.com)","Stranger Things x Chips Ahoy Sweepstakes Prizes","old.reddit.com","submitted 5 days ago by SMODomite","5 days ago","SMODomite",,"https://www.reddit.com/gallery/1ra66j9","https://old.reddit.com/user/SMODomite"
173,173,9,"Mike and Will - Fleabag edition (old.reddit.com)","Mike and Will - Fleabag edition","old.reddit.com","submitted 4 days ago by matevskial","4 days ago","matevskial",,"https://www.reddit.com/gallery/1ratz7q","https://old.reddit.com/user/matevskial"
174,174,3,"Fan ArtHow do you rate my Demogorgon drawing? (i.redd.it)","How do you rate my Demogorgon drawing?","i.redd.it","submitted 4 days ago by Material-Yellow181","4 days ago","Material-Yellow181",,"https://i.redd.it/91pnnve4lwkg1.jpeg","https://old.reddit.com/user/Material-Yellow181"
175,175,0,"DiscussionThe anthology stuff never really went away (self.StrangerThings)","The anthology stuff never really went away","self.StrangerThings","submitted 4 days ago by Particular-Rule4232","4 days ago","Particular-Rule4232",,"https://old.reddit.com/r/StrangerThings/comments/1rb78m9/the_anthology_stuff_never_really_went_away/","https://old.reddit.com/user/Particular-Rule4232"
176,176,18,"DiscussionHow did Hopper get captured in Season 3? (self.StrangerThings)","How did Hopper get captured in Season 3?","self.StrangerThings","submitted 4 days ago by Zestyclose-Welcome48","4 days ago","Zestyclose-Welcome48","35 comments","https://old.reddit.com/r/StrangerThings/comments/1ral937/how_did_hopper_get_captured_in_season_3/","https://old.reddit.com/user/Zestyclose-Welcome48"
177,177,84,"DiscussionMr. Whatsit is undervalued in season 5 (i.redd.it)","Mr. Whatsit is undervalued in season 5","i.redd.it","submitted 5 days ago by Cyrilbdr","5 days ago","Cyrilbdr",,"https://i.redd.it/5tvkkz6zcqkg1.jpeg","https://old.reddit.com/user/Cyrilbdr"
178,178,335,"""Good Guy Demogorgon"" - That time the Demogorgon saved the day (v.redd.it)","""Good Guy Demogorgon"" - That time the Demogorgon saved the day","v.redd.it","submitted 5 days ago by _YuYevon_","5 days ago","_YuYevon_","1:51","https://v.redd.it/7pep1vhpvnkg1","https://old.reddit.com/user/_YuYevon_"
179,179,28,"Why I love Hopper 💕 💕 💗 💗 (v.redd.it)","Why I love Hopper 💕 💕 💗 💗","v.redd.it","submitted 5 days ago by Sea-Philosopher2905","5 days ago","Sea-Philosopher2905","2:07","https://v.redd.it/vkm3i4ryrrkg1","https://old.reddit.com/user/Sea-Philosopher2905"
180,180,80,"DiscussionMy top 10 best moments in strangers things 1-5 (i.redd.it)","My top 10 best moments in strangers things 1-5","i.redd.it","submitted 5 days ago by Cyrilbdr","5 days ago","Cyrilbdr",,"https://i.redd.it/ou8go4uhypkg1.jpeg","https://old.reddit.com/user/Cyrilbdr"
181,181,296,"The Stranger Things: The First Shadow year 2 cast is confirmed. (old.reddit.com)","The Stranger Things: The First Shadow year 2 cast is confirmed.","old.reddit.com","submitted 5 days ago by farreaching_snowballBabysitter","5 days ago","farreaching_snowball",,"https://www.reddit.com/gallery/1r9wne8","https://old.reddit.com/user/farreaching_snowball"
182,182,1,"so like would a stranger things MMO be good? (self.StrangerThings)","so like would a stranger things MMO be good?","self.StrangerThings","submitted 4 days ago by ConsistentEngineer72","4 days ago","ConsistentEngineer72",,"https://old.reddit.com/r/StrangerThings/comments/1rb065k/so_like_would_a_stranger_things_mmo_be_good/","https://old.reddit.com/user/ConsistentEngineer72"
183,183,364,"DiscussionI like season five but would have liked more scene between the originals (i.redd.it)","I like season five but would have liked more scene between the originals","i.redd.it","submitted 5 days ago by Cyrilbdr","5 days ago","Cyrilbdr",,"https://i.redd.it/pbw4wkrcpmkg1.jpeg","https://old.reddit.com/user/Cyrilbdr"
184,184,2,"SPOILERSWere big parts the storyline of season 3+4 really necessary? (self.StrangerThings)","Were big parts the storyline of season 3+4 really necessary?","self.StrangerThings","submitted 4 days ago by Long_Stick6393","4 days ago","Long_Stick6393",,"https://old.reddit.com/r/StrangerThings/comments/1raz29e/were_big_parts_the_storyline_of_season_34_really/","https://old.reddit.com/user/Long_Stick6393"
185,185,1,"Discussionunpopular opinion season 4 (self.StrangerThings)","unpopular opinion season 4","self.StrangerThings","submitted 4 days ago by AirMassive5414","4 days ago","AirMassive5414","18 comments","https://old.reddit.com/r/StrangerThings/comments/1raoout/unpopular_opinion_season_4/","https://old.reddit.com/user/AirMassive5414"
186,186,1245,"Will Byers report card from Season 2. Thoughts? (i.redd.it)","Will Byers report card from Season 2. Thoughts?","i.redd.it","submitted 6 days ago by Valvoras","6 days ago","Valvoras",,"https://i.redd.it/ocfri9pj8kkg1.jpeg","https://old.reddit.com/user/Valvoras"
187,187,0,"DiscussionHottest of the hot takes (self.StrangerThings)","Hottest of the hot takes","self.StrangerThings","submitted 4 days ago * by i_play_games174","4 days ago","i_play_games174",,"https://old.reddit.com/r/StrangerThings/comments/1rb88lu/hottest_of_the_hot_takes/","https://old.reddit.com/user/i_play_games174"
188,188,24,"Stranger Things yearbook quote (self.StrangerThings)","Stranger Things yearbook quote","self.StrangerThings","submitted 5 days ago by peeta4life","5 days ago","peeta4life","15 comments","https://old.reddit.com/r/StrangerThings/comments/1rab4vk/stranger_things_yearbook_quote/","https://old.reddit.com/user/peeta4life"
189,189,52,"SPOILERSSome nice foreshadowing for the S5 finale by Lucas in S4 (i.redd.it)","Some nice foreshadowing for the S5 finale by Lucas in S4","i.redd.it","submitted 5 days ago by ToxicRainbow27","5 days ago","ToxicRainbow27",,"https://i.redd.it/41bctbt8tokg1.png","https://old.reddit.com/user/ToxicRainbow27"
190,190,14,"Would the Party have a chance against the Smile Entity? (old.reddit.com)","Would the Party have a chance against the Smile Entity?","old.reddit.com","submitted 5 days ago by MrSFedora","5 days ago","MrSFedora",,"https://www.reddit.com/gallery/1rackel","https://old.reddit.com/user/MrSFedora"
191,191,10,"THE GANGS SECRECY PUTS ALL CIVILIANS IN DANGER (self.StrangerThings)","THE GANGS SECRECY PUTS ALL CIVILIANS IN DANGER","self.StrangerThings","submitted 5 days ago by COW_GO_MOOO","5 days ago","COW_GO_MOOO","12 comments","https://old.reddit.com/r/StrangerThings/comments/1radiz9/the_gangs_secrecy_puts_all_civilians_in_danger/","https://old.reddit.com/user/COW_GO_MOOO"
192,192,76,"DiscussionThis is the most underrated originals soundtrack of all Stranger Things; it's so epic. (v.redd.it)","This is the most underrated originals soundtrack of all Stranger Things; it's so epic.","v.redd.it","submitted 5 days ago by Cyrilbdr","5 days ago","Cyrilbdr","0:33","https://v.redd.it/o9c1igr9qnkg1","https://old.reddit.com/user/Cyrilbdr"
193,193,1,"DiscussionWho cares about milevan vs. Byler! Anyways the shipping war has ruined the fandom (self.StrangerThings)","Who cares about milevan vs. Byler! Anyways the shipping war has ruined the fandom","self.StrangerThings","submitted 4 days ago by Forsaken_Dig_7092","4 days ago","Forsaken_Dig_7092","116 comments","https://old.reddit.com/r/StrangerThings/comments/1raj642/who_cares_about_milevan_vs_byler_anyways_the/","https://old.reddit.com/user/Forsaken_Dig_7092"
194,194,37,"Fan ArtDemogorgon Artwork (i.redd.it)","Demogorgon Artwork","i.redd.it","submitted 5 days ago by PiechartPrints","5 days ago","PiechartPrints",,"https://i.redd.it/3cminyy5hokg1.jpeg","https://old.reddit.com/user/PiechartPrints"
195,195,8,"80's VibesOlympics and Stranger Things (self.StrangerThings)","Olympics and Stranger Things","self.StrangerThings","submitted 5 days ago by Grad0507","5 days ago","Grad0507","3 comments","https://old.reddit.com/r/StrangerThings/comments/1racjfm/olympics_and_stranger_things/","https://old.reddit.com/user/Grad0507"
196,196,0,"DiscussionRemember when the Demogorgon used to teleport? What happened to that? (self.StrangerThings)","Remember when the Demogorgon used to teleport? What happened to that?","self.StrangerThings","submitted 4 days ago by Due-Dragonfly8200","4 days ago","Due-Dragonfly8200",,"https://old.reddit.com/r/StrangerThings/comments/1rb27nw/remember_when_the_demogorgon_used_to_teleport/","https://old.reddit.com/user/Due-Dragonfly8200"
197,197,60,"SPOILERSJonathan and Lucas are both very underrated characters. And I’m glad that had their heroic moments in the finale (self.StrangerThings)","Jonathan and Lucas are both very underrated characters. And I’m glad that had their heroic moments in the finale","self.StrangerThings","submitted 5 days ago by Nostalgia-Freak-1998Scoops Troop","5 days ago","Nostalgia-Freak-1998","14 comments","https://old.reddit.com/r/StrangerThings/comments/1r9vvig/jonathan_and_lucas_are_both_very_underrated/","https://old.reddit.com/user/Nostalgia-Freak-1998"
198,198,1062,"Duffer Brothers offer their thoughts on why Dr. Kay & military just up and left (i.redd.it)","Duffer Brothers offer their thoughts on why Dr. Kay & military just up and left","i.redd.it","submitted 6 days ago by _YuYevon_","6 days ago","_YuYevon_",,"https://i.redd.it/30c7m1jeqikg1.jpeg","https://old.reddit.com/user/_YuYevon_"
199,199,11,"Fan TheoryWhat if Soteria supressed the influence of the Mindflayer? (self.StrangerThings)","What if Soteria supressed the influence of the Mindflayer?","self.StrangerThings","submitted 5 days ago by Muted-Can4546","5 days ago","Muted-Can4546","11 comments","https://old.reddit.com/r/StrangerThings/comments/1ra64nk/what_if_soteria_supressed_the_influence_of_the/","https://old.reddit.com/user/Muted-Can4546"
200,200,25,"Which one was your favorite stranger things outfit (old.reddit.com)","Which one was your favorite stranger things outfit","old.reddit.com","submitted 5 days ago by Appropriate-Diet3366","5 days ago","Appropriate-Diet3366",,"https://www.reddit.com/gallery/1ra053e","https://old.reddit.com/user/Appropriate-Diet3366"
201,201,8,"Did Vecna target anyone over 18? (self.StrangerThings)","Did Vecna target anyone over 18?","self.StrangerThings","submitted 5 days ago by InfernalClockwork3","5 days ago","InfernalClockwork3","14 comments","https://old.reddit.com/r/StrangerThings/comments/1raabe6/did_vecna_target_anyone_over_18/","https://old.reddit.com/user/InfernalClockwork3"
202,202,17,"Even with Hopper’s progressions and regressions, I still love his overall arc and character and ending! ❤️ 💕 💗 (old.reddit.com)","Even with Hopper’s progressions and regressions, I still love his overall arc and character and ending! ❤️ 💕 💗","old.reddit.com","submitted 5 days ago by Sea-Philosopher2905","5 days ago","Sea-Philosopher2905",,"https://www.reddit.com/gallery/1ra0ax1","https://old.reddit.com/user/Sea-Philosopher2905"
203,203,48,"Steve and Max are my favourite characters:Eddie’s overrated. (i.redd.it)","Steve and Max are my favourite characters:Eddie’s overrated.","i.redd.it","submitted 5 days ago by TheDigitalPillow13","5 days ago","TheDigitalPillow13",,"https://i.redd.it/2dndja5cnmkg1.jpeg","https://old.reddit.com/user/TheDigitalPillow13"
204,204,11,"DiscussionSo..big Question! (self.StrangerThings)","So..big Question!","self.StrangerThings","submitted 5 days ago by [deleted]","5 days ago",,"18 comments","https://old.reddit.com/r/StrangerThings/comments/1ra1rca/sobig_question/",
205,205,321,"DiscussionWill's Connection To The Hive Mind Is Embarrassingly Inconsistent. (old.reddit.com)","Will's Connection To The Hive Mind Is Embarrassingly Inconsistent.","old.reddit.com","submitted 6 days ago by bluestickcoolZombie Boy","6 days ago","bluestickcool",,"https://www.reddit.com/gallery/1r9danv","https://old.reddit.com/user/bluestickcool"
206,206,1243,"Did they really have curfew at 4:00? (i.redd.it)","Did they really have curfew at 4:00?","i.redd.it","submitted 6 days ago by Lazy-Proposal1133","6 days ago","Lazy-Proposal1133",,"https://i.redd.it/ddcx7dewngkg1.jpeg","https://old.reddit.com/user/Lazy-Proposal1133"
207,207,8,"DiscussionAm I the only one who thought of this? (old.reddit.com)","Am I the only one who thought of this?","old.reddit.com","submitted 5 days ago by Impossible_Lie_4172","5 days ago","Impossible_Lie_4172",,"https://www.reddit.com/gallery/1ra091l","https://old.reddit.com/user/Impossible_Lie_4172"
208,208,161,"DiscussionOne of my biggest issues with Stranger Things Season 5 for me is the lack of a consistent tone or aesthetic. (i.redd.it)","One of my biggest issues with Stranger Things Season 5 for me is the lack of a consistent tone or aesthetic.","i.redd.it","submitted 6 days ago by General_Meal_3993","6 days ago","General_Meal_3993",,"https://i.redd.it/gzqae6gedjkg1.png","https://old.reddit.com/user/General_Meal_3993"
209,209,3014,"Happy 22nd Birthday to Millie! (i.redd.it)","Happy 22nd Birthday to Millie!","i.redd.it","submitted 6 days ago by HostMaterial4907","6 days ago","HostMaterial4907",,"https://i.redd.it/hnhxjgf5kekg1.jpeg","https://old.reddit.com/user/HostMaterial4907"
210,210,563,"DiscussionThis is so beautiful (Art by Nikkotari on Instagram). (old.reddit.com)","This is so beautiful (Art by Nikkotari on Instagram).","old.reddit.com","submitted 6 days ago by 00_Sunflower_00","6 days ago","00_Sunflower_00",,"https://www.reddit.com/gallery/1r92vlm","https://old.reddit.com/user/00_Sunflower_00"
211,211,1,"DiscussionQuestion on store name (self.StrangerThings)","Question on store name","self.StrangerThings","submitted 5 days ago by Brilliant_Mountain53","5 days ago","Brilliant_Mountain53",,"https://old.reddit.com/r/StrangerThings/comments/1raetto/question_on_store_name/","https://old.reddit.com/user/Brilliant_Mountain53"
212,212,854,"DiscussionThe S5 Mind Flayer Makes No Sense. (old.reddit.com)","The S5 Mind Flayer Makes No Sense.","old.reddit.com","submitted 6 days ago by bluestickcoolZombie Boy","6 days ago","bluestickcool",,"https://www.reddit.com/gallery/1r8xb27","https://old.reddit.com/user/bluestickcool"
213,213,124,"DiscussionHopper's speech to El can work to anyone who's not doing well psychologically (v.redd.it)","Hopper's speech to El can work to anyone who's not doing well psychologically","v.redd.it","submitted 6 days ago by HawkinnsHalfway happy","6 days ago","Hawkinns",,"https://v.redd.it/zoeatvdcpikg1","https://old.reddit.com/user/Hawkinns"
214,214,1289,"It was the most liked Netflix post on Instagram (now 2nd after BTS), not just on Stranger Things (i.redd.it)","It was the most liked Netflix post on Instagram (now 2nd after BTS), not just on Stranger Things","i.redd.it","submitted 6 days ago by Storyteller11556","6 days ago","Storyteller11556",,"https://i.redd.it/gsn74h7hwekg1.jpeg","https://old.reddit.com/user/Storyteller11556"
215,215,33,"DiscussionSeason 5 (self.StrangerThings)","Season 5","self.StrangerThings","submitted 6 days ago by aPowerbric","6 days ago","aPowerbric","36 comments","https://old.reddit.com/r/StrangerThings/comments/1r9j8jt/season_5/","https://old.reddit.com/user/aPowerbric"
216,216,19,"Putting together a ""continuation"" of WSQK The Squawk! (i.redd.it)","Putting together a ""continuation"" of WSQK The Squawk!","i.redd.it","submitted 6 days ago by minecrafter1OOO","6 days ago","minecrafter1OOO",,"https://i.redd.it/h39ayrhivkkg1.png","https://old.reddit.com/user/minecrafter1OOO"
217,217,33,"Stranger Things on Ice (self.StrangerThings)","Stranger Things on Ice","self.StrangerThings","submitted 6 days ago by Frequent_Response998","6 days ago","Frequent_Response998","14 comments","https://old.reddit.com/r/StrangerThings/comments/1r9hng6/stranger_things_on_ice/","https://old.reddit.com/user/Frequent_Response998"
218,218,2144,"I love Nancy's reaction when Jonathan says ""Maybe you missed?"" after shooting the Exotic Matter (i.redd.it)","I love Nancy's reaction when Jonathan says ""Maybe you missed?"" after shooting the Exotic Matter","i.redd.it","submitted 7 days ago by ElCreatol","7 days ago","ElCreatol",,"https://i.redd.it/98y631s1pckg1.jpeg","https://old.reddit.com/user/ElCreatol"
219,219,38,"DiscussionStranger Things Revisions: The Upside Down (i.redd.it)","Stranger Things Revisions: The Upside Down","i.redd.it","submitted 6 days ago by Due-Dragonfly8200","6 days ago","Due-Dragonfly8200",,"https://i.redd.it/ipul2f2pyikg1.jpeg","https://old.reddit.com/user/Due-Dragonfly8200"
220,220,33,"DiscussionWas Max’s jaw not broken like Vecna’s other victims? (self.StrangerThings)","Was Max’s jaw not broken like Vecna’s other victims?","self.StrangerThings","submitted 6 days ago by CombatPanoo","6 days ago","CombatPanoo","28 comments","https://old.reddit.com/r/StrangerThings/comments/1r9e3qt/was_maxs_jaw_not_broken_like_vecnas_other_victims/","https://old.reddit.com/user/CombatPanoo"
221,221,54,"SPOILERSJust finished - Wow (self.StrangerThings)","Just finished - Wow","self.StrangerThings","submitted 6 days ago by Gonner_Getcha","6 days ago","Gonner_Getcha","16 comments","https://old.reddit.com/r/StrangerThings/comments/1r9ahnu/just_finished_wow/","https://old.reddit.com/user/Gonner_Getcha"
222,222,0,"Never seen Stranger Things (self.StrangerThings)","Never seen Stranger Things","self.StrangerThings","submitted 5 days ago by mydaughter69","5 days ago","mydaughter69",,"https://old.reddit.com/r/StrangerThings/comments/1rafb2p/never_seen_stranger_things/","https://old.reddit.com/user/mydaughter69"
223,223,624,"“Am I dreaming or is that you Harrington?” (i.redd.it)","“Am I dreaming or is that you Harrington?”","i.redd.it","submitted 6 days ago by DoctorCumfart","6 days ago","DoctorCumfart",,"https://i.redd.it/y9h3d4jrcekg1.jpeg","https://old.reddit.com/user/DoctorCumfart"
224,224,71,"Fan ArtDemogorgon - Upside Down Forest - Digital Stained Glass Landscape - By me, 2026 (i.redd.it)","Demogorgon - Upside Down Forest - Digital Stained Glass Landscape - By me, 2026","i.redd.it","submitted 6 days ago by KrimsonVioletStudio","6 days ago","KrimsonVioletStudio",,"https://i.redd.it/uujffj3crhkg1.jpeg","https://old.reddit.com/user/KrimsonVioletStudio"
225,225,152,"SPOILERSMike’s explanation of Eleven’s fate is true (self.StrangerThings)","Mike’s explanation of Eleven’s fate is true","self.StrangerThings","submitted 6 days ago * by Biddy_Impeccadillo","6 days ago","Biddy_Impeccadillo","39 comments","https://old.reddit.com/r/StrangerThings/comments/1r8z7a6/mikes_explanation_of_elevens_fate_is_true/","https://old.reddit.com/user/Biddy_Impeccadillo"
226,226,2,"S4E7 hot (?) take (self.StrangerThings)","S4E7 hot (?) take","self.StrangerThings","submitted 5 days ago by wormedupface","5 days ago","wormedupface","8 comments","https://old.reddit.com/r/StrangerThings/comments/1r9zxft/s4e7_hot_take/","https://old.reddit.com/user/wormedupface"
227,227,32,"The Duffer Brothers must've suffered from some sort of burnout when writing and filming Season 5 (self.StrangerThings)","The Duffer Brothers must've suffered from some sort of burnout when writing and filming Season 5","self.StrangerThings","submitted 6 days ago by Due-Dragonfly8200","6 days ago","Due-Dragonfly8200","16 comments","https://old.reddit.com/r/StrangerThings/comments/1r9cdc8/the_duffer_brothers_mustve_suffered_from_some/","https://old.reddit.com/user/Due-Dragonfly8200"
228,228,8,"MemesHmmm… (i.redd.it)","Hmmm…","i.redd.it","submitted 5 days ago by Low-Bird8217","5 days ago","Low-Bird8217",,"https://i.redd.it/56gwmfqa9lkg1.png","https://old.reddit.com/user/Low-Bird8217"
229,229,0,"DiscussionHow i would have ended the series (self.StrangerThings)","How i would have ended the series","self.StrangerThings","submitted 5 days ago * by mstrmchl","5 days ago","mstrmchl",,"https://old.reddit.com/r/StrangerThings/comments/1ra9s9s/how_i_would_have_ended_the_series/","https://old.reddit.com/user/mstrmchl"
230,230,78,"Fan Artraretempter on Instagram (i.redd.it)","raretempter on Instagram","i.redd.it","submitted 6 days ago by Evening_Internet_358","6 days ago","Evening_Internet_358",,"https://i.redd.it/x4c4fk5axgkg1.jpeg","https://old.reddit.com/user/Evening_Internet_358"
231,231,30,"Mike all of Season 2 (i.redd.it)","Mike all of Season 2","i.redd.it","submitted 6 days ago by Little-Fish777","6 days ago","Little-Fish777",,"https://i.redd.it/fxla69to5ikg1.jpeg","https://old.reddit.com/user/Little-Fish777"
232,232,2180,"DiscussionYeah no, its 100% the Mind Flayer. (i.redd.it)","Yeah no, its 100% the Mind Flayer.","i.redd.it","submitted 7 days ago by Sudden_Pop_2279","7 days ago","Sudden_Pop_2279",,"https://i.redd.it/rivqsavu2bkg1.png","https://old.reddit.com/user/Sudden_Pop_2279"
233,233,5,"Discussionseason 5 episode 8 (self.StrangerThings)","season 5 episode 8","self.StrangerThings","submitted 6 days ago by Ghost_111207","6 days ago","Ghost_111207","11 comments","https://old.reddit.com/r/StrangerThings/comments/1r9jz55/season_5_episode_8/","https://old.reddit.com/user/Ghost_111207"
234,234,160,"Dustin is the king of quotes that only make sense in context (old.reddit.com)","Dustin is the king of quotes that only make sense in context","old.reddit.com","submitted 6 days ago by AdUseful2297","6 days ago","AdUseful2297",,"https://www.reddit.com/gallery/1r8svuy","https://old.reddit.com/user/AdUseful2297"
235,235,286,"DiscussionSeasons 2 and 4. How did the mind flayer leave the Abyss? (old.reddit.com)","Seasons 2 and 4. How did the mind flayer leave the Abyss?","old.reddit.com","submitted 7 days ago by Remote-Variation4838","7 days ago","Remote-Variation4838",,"https://www.reddit.com/gallery/1r8njys","https://old.reddit.com/user/Remote-Variation4838"
236,236,3277,"Fan ArtSHREKNA 💚🔥🔥🔥 (i.redd.it)","SHREKNA 💚🔥🔥🔥","i.redd.it","submitted 7 days ago by ImmigrationIsAllowed","7 days ago","ImmigrationIsAllowed",,"https://i.redd.it/vvdateqqz8kg1.png","https://old.reddit.com/user/ImmigrationIsAllowed"
237,237,20,"Fan Artrunning up that hill (i.redd.it)","running up that hill","i.redd.it","submitted 6 days ago by MrPuppeTss","6 days ago","MrPuppeTss",,"https://i.redd.it/pyebisz5sgkg1.png","https://old.reddit.com/user/MrPuppeTss"
238,238,8,"How many times did you watch the whole series? (self.StrangerThings)","How many times did you watch the whole series?","self.StrangerThings","submitted 6 days ago by T4serFace","6 days ago","T4serFace","24 comments","https://old.reddit.com/r/StrangerThings/comments/1r98ov5/how_many_times_did_you_watch_the_whole_series/","https://old.reddit.com/user/T4serFace"
239,239,144,"DiscussionWhat Could've Made The Final Fight Better. (v.redd.it)","What Could've Made The Final Fight Better.","v.redd.it","submitted 7 days ago * by bluestickcoolZombie Boy","7 days ago","bluestickcool",,"https://v.redd.it/tt5sdo345dkg1","https://old.reddit.com/user/bluestickcool"
240,240,10,"SPOILERSHenry was not born evil. (self.StrangerThings)","Henry was not born evil.","self.StrangerThings","submitted 6 days ago by StatisticianAware588","6 days ago","StatisticianAware588","19 comments","https://old.reddit.com/r/StrangerThings/comments/1r94pzm/henry_was_not_born_evil/","https://old.reddit.com/user/StatisticianAware588"
241,241,5021,"DiscussionNo wonder Karen was scared af when she couldn't find Mike 😭😭 (i.redd.it)","No wonder Karen was scared af when she couldn't find Mike 😭😭","i.redd.it","submitted 7 days ago by 00_Sunflower_00","7 days ago","00_Sunflower_00",,"https://i.redd.it/6egynw7ov6kg1.png","https://old.reddit.com/user/00_Sunflower_00"
242,242,526,"DiscussionThe constant usage of a loud sound effect during scene transitions bothered me a lot in season 5 (v.redd.it)","The constant usage of a loud sound effect during scene transitions bothered me a lot in season 5","v.redd.it","submitted 7 days ago * by HawkinnsHalfway happy","7 days ago","Hawkinns","1:27","https://v.redd.it/825sv71saakg1","https://old.reddit.com/user/Hawkinns"
243,243,306,"Jane and her siblings <3 (i.redd.it)","Jane and her siblings <3","i.redd.it","submitted 7 days ago by Olya_rooThis is music!!","7 days ago","Olya_roo",,"https://i.redd.it/ktveyuwh1bkg1.jpeg","https://old.reddit.com/user/Olya_roo"
244,244,334,"DiscussionNow that we have the complete seasons 1-5, what questions about the lore and plot points do you still have? (i.redd.it)","Now that we have the complete seasons 1-5, what questions about the lore and plot points do you still have?","i.redd.it","submitted 7 days ago by Cyrilbdr","7 days ago","Cyrilbdr",,"https://i.redd.it/o4gvxlyrtakg1.jpeg","https://old.reddit.com/user/Cyrilbdr"
245,245,59,"Rate this horrible looking Mind Flayer I drew with Will's drawing as reference (i.redd.it)","Rate this horrible looking Mind Flayer I drew with Will's drawing as reference","i.redd.it","submitted 7 days ago by Piyush_Arora_","7 days ago","Piyush_Arora_",,"https://i.redd.it/mcjfln3cfdkg1.jpeg","https://old.reddit.com/user/Piyush_Arora_"
246,246,18,"Season four finale (self.StrangerThings)","Season four finale","self.StrangerThings","submitted 6 days ago by kingalex26","6 days ago","kingalex26","12 comments","https://old.reddit.com/r/StrangerThings/comments/1r8u16b/season_four_finale/","https://old.reddit.com/user/kingalex26"
247,247,172,"Tales from '85 releases in 2 months! What are your hopes/predictions? (i.redd.it)","Tales from '85 releases in 2 months! What are your hopes/predictions?","i.redd.it","submitted 7 days ago by Super-Liberal-Girl","7 days ago","Super-Liberal-Girl",,"https://i.redd.it/c17ay0bt7bkg1.jpeg","https://old.reddit.com/user/Super-Liberal-Girl"
248,248,22,"DiscussionDid i miss something or is it a mistake??? (self.StrangerThings)","Did i miss something or is it a mistake???","self.StrangerThings","submitted 6 days ago by NoConnection8566","6 days ago","NoConnection8566","16 comments","https://old.reddit.com/r/StrangerThings/comments/1r8slx4/did_i_miss_something_or_is_it_a_mistake/","https://old.reddit.com/user/NoConnection8566"
249,249,2,"DiscussionStranger Things Seasons Ranked (self.StrangerThings)","Stranger Things Seasons Ranked","self.StrangerThings","submitted 6 days ago by AstonMac","6 days ago","AstonMac","31 comments","https://old.reddit.com/r/StrangerThings/comments/1r978ik/stranger_things_seasons_ranked/","https://old.reddit.com/user/AstonMac"
250,250,39,"Fan ArtI wanted to share this fun little project (old.reddit.com)","I wanted to share this fun little project","old.reddit.com","submitted 7 days ago by cesar0900","7 days ago","cesar0900",,"https://www.reddit.com/gallery/1r8mqri","https://old.reddit.com/user/cesar0900"
251,251,305,"Back when the show was about the characters and their bond, not just the plot.. (v.redd.it)","Back when the show was about the characters and their bond, not just the plot..","v.redd.it","submitted 7 days ago by foxcutbabeCrazy together","7 days ago","foxcutbabe","2:09","https://v.redd.it/6zndj2jon9kg1","https://old.reddit.com/user/foxcutbabe"
252,252,3,"DiscussionHow would an interaction between Vecna and the Sirens of greek mythology go? (old.reddit.com)","How would an interaction between Vecna and the Sirens of greek mythology go?","old.reddit.com","submitted 6 days ago by Square-Frosting1518","6 days ago","Square-Frosting1518",,"https://www.reddit.com/gallery/1r927vh","https://old.reddit.com/user/Square-Frosting1518"
253,253,11,"Mind Flayer Part 2 (i.redd.it)","Mind Flayer Part 2","i.redd.it","submitted 6 days ago by Piyush_Arora_","6 days ago","Piyush_Arora_",,"https://i.redd.it/qwafnt4ouekg1.png","https://old.reddit.com/user/Piyush_Arora_"
254,254,24,"Fan Theory[THEORY] Steve Harrington is Frank Heffley, and the ""D. O. R. E"" is a mind trick. (old.reddit.com)","[THEORY] Steve Harrington is Frank Heffley, and the ""D. O. R. E"" is a mind trick.","old.reddit.com","submitted 7 days ago by AreYouDum","7 days ago","AreYouDum",,"https://www.reddit.com/gallery/1r8n8tw","https://old.reddit.com/user/AreYouDum"
255,255,212,"SPOILERSI run the radio station that inspired WSQK in Stranger Things — here’s what they got right (self.StrangerThings)","I run the radio station that inspired WSQK in Stranger Things — here’s what they got right","self.StrangerThings","submitted 7 days ago * by Practical-Season858","7 days ago","Practical-Season858","28 comments","https://old.reddit.com/r/StrangerThings/comments/1r84wel/i_run_the_radio_station_that_inspired_wsqk_in/","https://old.reddit.com/user/Practical-Season858"
256,256,19,"Stranger things recap in one minute BUT in minecraft (v.redd.it)","Stranger things recap in one minute BUT in minecraft","v.redd.it","submitted 7 days ago by craflocks","7 days ago","craflocks","1:01","https://v.redd.it/i6fe6zu6yckg1","https://old.reddit.com/user/craflocks"
257,257,134,"Closing the gate (by Barbesz) (i.redd.it)","Closing the gate (by Barbesz)","i.redd.it","submitted 7 days ago by Super-Liberal-Girl","7 days ago","Super-Liberal-Girl",,"https://i.redd.it/u75jjjjan9kg1.png","https://old.reddit.com/user/Super-Liberal-Girl"
258,258,221,"Fan ArtAura Will (i.redd.it)","Aura Will","i.redd.it","submitted 7 days ago by Laus_sketchels","7 days ago","Laus_sketchels",,"https://i.redd.it/16fosrsqy7kg1.jpeg","https://old.reddit.com/user/Laus_sketchels"
259,259,56,"Looks like some inspiration for the Demogorgon design (i.redd.it)","Looks like some inspiration for the Demogorgon design","i.redd.it","submitted 7 days ago by crazylegsmcgraw","7 days ago","crazylegsmcgraw",,"https://i.redd.it/hr59ca5o3akg1.jpeg","https://old.reddit.com/user/crazylegsmcgraw"
260,260,269,"80's VibesMy fiancée and I filmed a ""what if"" short movie, set in the mid 80s 📽 (v.redd.it)","My fiancée and I filmed a ""what if"" short movie, set in the mid 80s 📽","v.redd.it","submitted 7 days ago by alt_retro","7 days ago","alt_retro","1:51","https://v.redd.it/g6f3llhid7kg1","https://old.reddit.com/user/alt_retro"
261,261,7,"SPOILERSHow did it all start? (self.StrangerThings)","How did it all start?","self.StrangerThings","submitted 7 days ago by PutPsychological9682","7 days ago","PutPsychological9682",,"https://old.reddit.com/r/StrangerThings/comments/1r8mz74/how_did_it_all_start/","https://old.reddit.com/user/PutPsychological9682"
262,262,0,"SPOILERSHot take people only hate the ending because they didn't understand it (self.StrangerThings)","Hot take people only hate the ending because they didn't understand it","self.StrangerThings","submitted 6 days ago by Atom7456","6 days ago","Atom7456",,"https://old.reddit.com/r/StrangerThings/comments/1r9h59a/hot_take_people_only_hate_the_ending_because_they/","https://old.reddit.com/user/Atom7456"
263,263,20,"Fan ArtLEGO Stranger Things 5 | Trailer | Full version (v.redd.it)","LEGO Stranger Things 5 | Trailer | Full version","v.redd.it","submitted 7 days ago by RyRyManga","7 days ago","RyRyManga","2:33","https://v.redd.it/63d86aiauakg1","https://old.reddit.com/user/RyRyManga"
264,264,2,"DiscussionWhat mobile games would the Stranger Things kids play (modern au) (self.StrangerThings)","What mobile games would the Stranger Things kids play (modern au)","self.StrangerThings","submitted 6 days ago by Galinda__","6 days ago","Galinda__","8 comments","https://old.reddit.com/r/StrangerThings/comments/1r8rsyy/what_mobile_games_would_the_stranger_things_kids/","https://old.reddit.com/user/Galinda__"
265,265,7,"Who is Jim for Real?… (v.redd.it)","Who is Jim for Real?…","v.redd.it","submitted 7 days ago by Active_Post_536","7 days ago","Active_Post_536","0:06","https://v.redd.it/nyv7wmlaobkg1","https://old.reddit.com/user/Active_Post_536"
266,266,128,"""JOYCE! DRIVE!!!!""Most valid Hopper crashout (i.redd.it)","Most valid Hopper crashout","i.redd.it","submitted 7 days ago by AdUseful2297","7 days ago","AdUseful2297",,"https://i.redd.it/arh18yzs27kg1.jpeg","https://old.reddit.com/user/AdUseful2297"
267,267,481,"DiscussionInside of Holly’s telescope is inconsistent (i.redd.it)","Inside of Holly’s telescope is inconsistent","i.redd.it","submitted 8 days ago by ChampionTimes99","8 days ago","ChampionTimes99",,"https://i.redd.it/mxrr66e3u4kg1.jpeg","https://old.reddit.com/user/ChampionTimes99"
268,268,198,"SPOILERSWhat was the point of this? (i.redd.it)","What was the point of this?","i.redd.it","submitted 8 days ago by No_Pattern677","8 days ago","No_Pattern677",,"https://i.redd.it/b3bja0jt66kg1.jpeg","https://old.reddit.com/user/No_Pattern677"
269,269,2,"80's VibesWhen i just got over my addiction! (v.redd.it)","When i just got over my addiction!","v.redd.it","submitted 6 days ago by Southern-voice-","6 days ago","Southern-voice-","0:31","https://v.redd.it/66v9t6x7kekg1","https://old.reddit.com/user/Southern-voice-"
270,270,11,"DiscussionModern show/ tv shows (self.StrangerThings)","Modern show/ tv shows","self.StrangerThings","submitted 7 days ago by Sure_Party_8505","7 days ago","Sure_Party_8505","9 comments","https://old.reddit.com/r/StrangerThings/comments/1r89wtl/modern_show_tv_shows/","https://old.reddit.com/user/Sure_Party_8505"
271,271,11,"DiscussionSo...what is the Abyss anyway? (self.StrangerThings)","So...what is the Abyss anyway?","self.StrangerThings","submitted 7 days ago by theeviloneisyouMusic has a way of finding you, even in the darkest of places","7 days ago","theeviloneisyou","18 comments","https://old.reddit.com/r/StrangerThings/comments/1r89ugi/sowhat_is_the_abyss_anyway/","https://old.reddit.com/user/theeviloneisyou"
272,272,724,"Why is season 5 just characters having epiphanies and explaining things with props and analogies? (self.StrangerThings)","Why is season 5 just characters having epiphanies and explaining things with props and analogies?","self.StrangerThings","submitted 8 days ago by Peepee-Papa","8 days ago","Peepee-Papa","132 comments","https://old.reddit.com/r/StrangerThings/comments/1r7ei7r/why_is_season_5_just_characters_having_epiphanies/","https://old.reddit.com/user/Peepee-Papa"
273,273,120,"SPOILERSLoved the show but imagine if we got a Vecna and Dr. Brenner scene all those years later? The two that started it all. Father and son. (i.redd.it)","Loved the show but imagine if we got a Vecna and Dr. Brenner scene all those years later? The two that started it all. Father and son.","i.redd.it","submitted 8 days ago by Willing-Leather-9788[🍰]","8 days ago","Willing-Leather-9788",,"https://i.redd.it/2qccu202i6kg1.jpeg","https://old.reddit.com/user/Willing-Leather-9788"
274,274,18,"finally figured out who fina scene Mike reminded me of (old.reddit.com)","finally figured out who fina scene Mike reminded me of","old.reddit.com","submitted 7 days ago by Starcourt_ST84","7 days ago","Starcourt_ST84",,"https://www.reddit.com/gallery/1r82x5n","https://old.reddit.com/user/Starcourt_ST84"
275,275,0,"People who HATE the ending of stranger things thought too highly of the show. (self.StrangerThings)","People who HATE the ending of stranger things thought too highly of the show.","self.StrangerThings","submitted 6 days ago by Alexhasadhd","6 days ago","Alexhasadhd",,"https://old.reddit.com/r/StrangerThings/comments/1r90ptx/people_who_hate_the_ending_of_stranger_things/","https://old.reddit.com/user/Alexhasadhd"
276,276,898,"DiscussionStranger things peaked here! (v.redd.it)","Stranger things peaked here!","v.redd.it","submitted 8 days ago by foxcutbabeCrazy together","8 days ago","foxcutbabe","3:00","https://v.redd.it/hw5nqb7hp2kg1","https://old.reddit.com/user/foxcutbabe"
277,277,0,"Is stranger things season 5 worth watching dispute the negative reactions online. (self.StrangerThings)","Is stranger things season 5 worth watching dispute the negative reactions online.","self.StrangerThings","submitted 6 days ago by Opposite-Gur9710","6 days ago","Opposite-Gur9710",,"https://old.reddit.com/r/StrangerThings/comments/1r900t1/is_stranger_things_season_5_worth_watching/","https://old.reddit.com/user/Opposite-Gur9710"
278,278,106,"DiscussionTerry Ives? (self.StrangerThings)","Terry Ives?","self.StrangerThings","submitted 8 days ago by Into_the_rabbit_hole","8 days ago","Into_the_rabbit_hole","42 comments","https://old.reddit.com/r/StrangerThings/comments/1r7r1mw/terry_ives/","https://old.reddit.com/user/Into_the_rabbit_hole"
279,279,28,"Even in another universe… (i.redd.it)","Even in another universe…","i.redd.it","submitted 7 days ago by Yoshisnightmare","7 days ago","Yoshisnightmare",,"https://i.redd.it/ldoif9dr58kg1.jpeg","https://old.reddit.com/user/Yoshisnightmare"
280,280,193,"I loved the Mr. Whatsit persona but, there should have been more horror to it (i.redd.it)","I loved the Mr. Whatsit persona but, there should have been more horror to it","i.redd.it","submitted 8 days ago by Due-Dragonfly8200","8 days ago","Due-Dragonfly8200",,"https://i.redd.it/bssmat0cm4kg1.jpeg","https://old.reddit.com/user/Due-Dragonfly8200"
281,281,104,"DiscussionDid it seem like to anyone else that the Henry origin reveal in the cave was anti climatic? [NSFW] (self.StrangerThings)","Did it seem like to anyone else that the Henry origin reveal in the cave was anti climatic? [NSFW]","self.StrangerThings","submitted 8 days ago by Penrose_Ultimate","8 days ago","Penrose_Ultimate","74 comments","https://old.reddit.com/r/StrangerThings/comments/1r7nrfi/did_it_seem_like_to_anyone_else_that_the_henry/","https://old.reddit.com/user/Penrose_Ultimate"
282,282,17,"DiscussionDid you know that the Manga/Anime Elfenlied was a major inspiration for Eleven’s character? (old.reddit.com)","Did you know that the Manga/Anime Elfenlied was a major inspiration for Eleven’s character?","old.reddit.com","submitted 7 days ago by KeeperServant_Reborn","7 days ago","KeeperServant_Reborn",,"https://www.reddit.com/gallery/1r7z9s7","https://old.reddit.com/user/KeeperServant_Reborn"
283,283,60,"Can we thank the duffers (self.StrangerThings)","Can we thank the duffers","self.StrangerThings","submitted 8 days ago by Simple_Rub_9660I believe.","8 days ago","Simple_Rub_9660","44 comments","https://old.reddit.com/r/StrangerThings/comments/1r7rws0/can_we_thank_the_duffers/","https://old.reddit.com/user/Simple_Rub_9660"
284,284,3,"SPOILERSPros and Cons of Season 5 (self.StrangerThings)","Pros and Cons of Season 5","self.StrangerThings","submitted 7 days ago * by Capital_Patience8750","7 days ago","Capital_Patience8750","5 comments","https://old.reddit.com/r/StrangerThings/comments/1r8bilb/pros_and_cons_of_season_5/","https://old.reddit.com/user/Capital_Patience8750"
285,285,473,"This is so cute. I have infinite love for artists [art by foreigncarlyk on X] (i.redd.it)","This is so cute. I have infinite love for artists [art by foreigncarlyk on X]","i.redd.it","submitted 8 days ago by 00_Sunflower_00","8 days ago","00_Sunflower_00",,"https://i.redd.it/lmq6a7le42kg1.png","https://old.reddit.com/user/00_Sunflower_00"
286,286,6,"*sigh*.....I couldn't draw the claws shh- (i.redd.it)","*sigh*.....I couldn't draw the claws shh-","i.redd.it","submitted 7 days ago by UnlikelyEditor7334","7 days ago","UnlikelyEditor7334",,"https://i.redd.it/e3tnq0who8kg1.jpeg","https://old.reddit.com/user/UnlikelyEditor7334"
287,287,300,"Vecna was really defeated by the Power of Love in Season 4 (v.redd.it)","Vecna was really defeated by the Power of Love in Season 4","v.redd.it","submitted 8 days ago by Valvoras","8 days ago","Valvoras","2:34","https://v.redd.it/8xx7f4gpe2kg1","https://old.reddit.com/user/Valvoras"
288,288,0,"Ok something that bothers me and a lot of ppl (self.StrangerThings)","Ok something that bothers me and a lot of ppl","self.StrangerThings","submitted 7 days ago by Simple_Rub_9660I believe.","7 days ago","Simple_Rub_9660",,"https://old.reddit.com/r/StrangerThings/comments/1r8fkxd/ok_something_that_bothers_me_and_a_lot_of_ppl/","https://old.reddit.com/user/Simple_Rub_9660"
289,289,20,"WSQK Station Sign Neon Logo (old.reddit.com)","WSQK Station Sign Neon Logo","old.reddit.com","submitted 7 days ago by Last_One_Left50","7 days ago","Last_One_Left50",,"https://www.reddit.com/gallery/1r7u520","https://old.reddit.com/user/Last_One_Left50"
290,290,180,"Fan ArtI painted Will the Wise ✨✨ (i.redd.it)","I painted Will the Wise ✨✨","i.redd.it","submitted 8 days ago by NarcissisticBatLordWill the Wise","8 days ago","NarcissisticBatLord",,"https://i.redd.it/6kpz3s8qt2kg1.jpeg","https://old.reddit.com/user/NarcissisticBatLord"
291,291,2,"huge gaps in filming Stranger Things (self.StrangerThings)","huge gaps in filming Stranger Things","self.StrangerThings","submitted 7 days ago by TermAccomplished1868","7 days ago","TermAccomplished1868","27 comments","https://old.reddit.com/r/StrangerThings/comments/1r85ntu/huge_gaps_in_filming_stranger_things/","https://old.reddit.com/user/TermAccomplished1868"
292,292,4,"SPOILERSI haven't seen season 5 yet but just finished seasonn 4 who thinks they should of finished it there (self.StrangerThings)","I haven't seen season 5 yet but just finished seasonn 4 who thinks they should of finished it there","self.StrangerThings","submitted 7 days ago * by ComparisonAncient455","7 days ago","ComparisonAncient455","38 comments","https://old.reddit.com/r/StrangerThings/comments/1r7x95x/i_havent_seen_season_5_yet_but_just_finished/","https://old.reddit.com/user/ComparisonAncient455"
293,293,40,"DiscussionDemogorgons and Demodogs were at least in the season. But Demobats just completely vanished. (self.StrangerThings)","Demogorgons and Demodogs were at least in the season. But Demobats just completely vanished.","self.StrangerThings","submitted 8 days ago by Pengmaeda","8 days ago","Pengmaeda","41 comments","https://old.reddit.com/r/StrangerThings/comments/1r7ikn3/demogorgons_and_demodogs_were_at_least_in_the/","https://old.reddit.com/user/Pengmaeda"
294,294,34,"Why did the Upside Down suddenly become so red? (self.StrangerThings)","Why did the Upside Down suddenly become so red?","self.StrangerThings","submitted 8 days ago by IhateOrangeJuiceGang","8 days ago","IhateOrangeJuiceGang","18 comments","https://old.reddit.com/r/StrangerThings/comments/1r7knon/why_did_the_upside_down_suddenly_become_so_red/","https://old.reddit.com/user/IhateOrangeJuiceGang"
295,295,7,"SPOILERSTheory of how Mind Flayer came to be (self.StrangerThings)","Theory of how Mind Flayer came to be","self.StrangerThings","submitted 7 days ago by HulkSonofThanos","7 days ago","HulkSonofThanos","5 comments","https://old.reddit.com/r/StrangerThings/comments/1r7wnuf/theory_of_how_mind_flayer_came_to_be/","https://old.reddit.com/user/HulkSonofThanos"
296,296,7,"SPOILERSWas Henry the true victim of the show? (self.StrangerThings)","Was Henry the true victim of the show?","self.StrangerThings","submitted 7 days ago by Willing-Leather-9788[🍰]","7 days ago","Willing-Leather-9788","17 comments","https://old.reddit.com/r/StrangerThings/comments/1r7ud1r/was_henry_the_true_victim_of_the_show/","https://old.reddit.com/user/Willing-Leather-9788"
297,297,122,"Fan ArtMax Mayfield Fanart (i.redd.it)","Max Mayfield Fanart","i.redd.it","submitted 8 days ago by AdventureKid98","8 days ago","AdventureKid98",,"https://i.redd.it/45ireksl42kg1.png","https://old.reddit.com/user/AdventureKid98"
298,298,29,"Genuine ratings?? (old.reddit.com)","Genuine ratings??","old.reddit.com","submitted 8 days ago by UnlikelyEditor7334","8 days ago","UnlikelyEditor7334",,"https://www.reddit.com/gallery/1r7h1s4","https://old.reddit.com/user/UnlikelyEditor7334"
299,299,23,"Fan TheoryThe Max Mayfield story that was never told — a psychedelic dive into guilt, the Walkman, and the shadows of her past (fan concept) (old.reddit.com)","The Max Mayfield story that was never told — a psychedelic dive into guilt, the Walkman, and the shadows of her past (fan concept)","old.reddit.com","submitted 8 days ago by Automatic_End5728","8 days ago","Automatic_End5728",,"https://www.reddit.com/gallery/1r7gxbm","https://old.reddit.com/user/Automatic_End5728"
300,300,2,"Fan TheorySeason 5 (self.StrangerThings)","Season 5","self.StrangerThings","submitted 7 days ago * by Zealousideal_Aide109","7 days ago","Zealousideal_Aide109","2 comments","https://old.reddit.com/r/StrangerThings/comments/1r7yu1t/season_5/","https://old.reddit.com/user/Zealousideal_Aide109"
301,301,0,"DiscussionIs there anything about Eleven's way of speaking being based on Starfire from Teen Titans? (self.StrangerThings)","Is there anything about Eleven's way of speaking being based on Starfire from Teen Titans?","self.StrangerThings","submitted 7 days ago by Agreeable_Budget200","7 days ago","Agreeable_Budget200",,"https://old.reddit.com/r/StrangerThings/comments/1r8ie7e/is_there_anything_about_elevens_way_of_speaking/","https://old.reddit.com/user/Agreeable_Budget200"
302,302,8,"Gift idea help! (self.StrangerThings)","Gift idea help!","self.StrangerThings","submitted 8 days ago by Own-Explanation-6175","8 days ago","Own-Explanation-6175","19 comments","https://old.reddit.com/r/StrangerThings/comments/1r7pjjk/gift_idea_help/","https://old.reddit.com/user/Own-Explanation-6175"
303,303,0,"SPOILERSAlt ending (self.StrangerThings)","Alt ending","self.StrangerThings","submitted 7 days ago by Warm-Celebration9406","7 days ago","Warm-Celebration9406",,"https://old.reddit.com/r/StrangerThings/comments/1r82952/alt_ending/","https://old.reddit.com/user/Warm-Celebration9406"
304,304,570,"lumax wedding | fanart by @pzz_pls on x (i.redd.it)","lumax wedding | fanart by @pzz_pls on x","i.redd.it","submitted 9 days ago by WillowTheSorceress","9 days ago","WillowTheSorceress",,"https://i.redd.it/w4gpk39ncyjg1.jpeg","https://old.reddit.com/user/WillowTheSorceress"
305,305,2,"DiscussionDemogorgan Gate confusion (self.StrangerThings)","Demogorgan Gate confusion","self.StrangerThings","submitted 8 days ago by Comfortable-Bake-921","8 days ago","Comfortable-Bake-921","13 comments","https://old.reddit.com/r/StrangerThings/comments/1r7s1ce/demogorgan_gate_confusion/","https://old.reddit.com/user/Comfortable-Bake-921"
306,306,0,"DiscussionSame character or nah? (i.redd.it)","Same character or nah?","i.redd.it","submitted 7 days ago by Soul_Mate_4ever","7 days ago","Soul_Mate_4ever",,"https://i.redd.it/9w9lfe5bpbkg1.jpeg","https://old.reddit.com/user/Soul_Mate_4ever"
307,307,369,"Tales from 85 update - Nikki will be an ""inventor"" and is going to bond closely with Will (old.reddit.com)","Tales from 85 update - Nikki will be an ""inventor"" and is going to bond closely with Will","old.reddit.com","submitted 9 days ago by Valvoras","9 days ago","Valvoras",,"https://www.reddit.com/gallery/1r6t97p","https://old.reddit.com/user/Valvoras"
308,308,43,"This was 4 years ago🥹 (old.reddit.com)","This was 4 years ago🥹","old.reddit.com","submitted 8 days ago by ThickCase8403","8 days ago","ThickCase8403",,"https://www.reddit.com/gallery/1r75d67","https://old.reddit.com/user/ThickCase8403"
309,309,18,"Fan ArtMaking a stranger things inspired game in Scrath (i.redd.it)","Making a stranger things inspired game in Scrath","i.redd.it","submitted 8 days ago by Lazy_Turnover2189","8 days ago","Lazy_Turnover2189",,"https://i.redd.it/reftxnfk43kg1.jpeg","https://old.reddit.com/user/Lazy_Turnover2189"
310,310,11,"DiscussionWhy was the military scarier than Vecna in the finale… (self.StrangerThings)","Why was the military scarier than Vecna in the finale…","self.StrangerThings","submitted 8 days ago by PleasantAmphibian153","8 days ago","PleasantAmphibian153","17 comments","https://old.reddit.com/r/StrangerThings/comments/1r7gs5t/why_was_the_military_scarier_than_vecna_in_the/","https://old.reddit.com/user/PleasantAmphibian153"
311,311,17,"DiscussionWhat if Stranger Things was an HBO show instead of Netflix? (self.StrangerThings)","What if Stranger Things was an HBO show instead of Netflix?","self.StrangerThings","submitted 8 days ago by Vivid_Army6800","8 days ago","Vivid_Army6800","100 comments","https://old.reddit.com/r/StrangerThings/comments/1r793io/what_if_stranger_things_was_an_hbo_show_instead/","https://old.reddit.com/user/Vivid_Army6800"
312,312,214,"The Wormhole Diagram by the DBs (i.redd.it)","The Wormhole Diagram by the DBs","i.redd.it","submitted 9 days ago by Outta_the_ShadowsDid the leg slow you down?","9 days ago","Outta_the_Shadows",,"https://i.redd.it/rarvdcguqyjg1.jpeg","https://old.reddit.com/user/Outta_the_Shadows"
313,313,982,"SPOILERSOne of the biggest missed opportunities in the series. (i.redd.it)","One of the biggest missed opportunities in the series.","i.redd.it","submitted 9 days ago by Necessary-Win-8730","9 days ago","Necessary-Win-8730",,"https://i.redd.it/0aahjljcvvjg1.jpeg","https://old.reddit.com/user/Necessary-Win-8730"
314,314,4,"DiscussionSoundtrack Scores Favorites of the Entire Series (self.StrangerThings)","Soundtrack Scores Favorites of the Entire Series","self.StrangerThings","submitted 8 days ago by HulkSonofThanos","8 days ago","HulkSonofThanos","6 comments","https://old.reddit.com/r/StrangerThings/comments/1r7jit8/soundtrack_scores_favorites_of_the_entire_series/","https://old.reddit.com/user/HulkSonofThanos"
315,315,0,"Jamie Campbell Bower Returning As Henry Creel (self.StrangerThings)","Jamie Campbell Bower Returning As Henry Creel","self.StrangerThings","submitted 7 days ago by ThatAtlasGuy","7 days ago","ThatAtlasGuy",,"https://old.reddit.com/r/StrangerThings/comments/1r7vvff/jamie_campbell_bower_returning_as_henry_creel/","https://old.reddit.com/user/ThatAtlasGuy"
316,316,550,"SPOILERSThe military were pretty forgiving in the end (v.redd.it)","The military were pretty forgiving in the end","v.redd.it","submitted 9 days ago by Some_guy_named_Lewis","9 days ago","Some_guy_named_Lewis",,"https://v.redd.it/yrq6nslhrvjg1","https://old.reddit.com/user/Some_guy_named_Lewis"
317,317,14,"platonic bond (self.StrangerThings)","platonic bond","self.StrangerThings","submitted 8 days ago by seaweedbrain25","8 days ago","seaweedbrain25","55 comments","https://old.reddit.com/r/StrangerThings/comments/1r73xck/platonic_bond/","https://old.reddit.com/user/seaweedbrain25"
318,318,4,"Summarize an entire season in one sentence only (self.StrangerThings)","Summarize an entire season in one sentence only","self.StrangerThings","submitted 8 days ago * by TermAccomplished1868","8 days ago","TermAccomplished1868","34 comments","https://old.reddit.com/r/StrangerThings/comments/1r7dyhx/summarize_an_entire_season_in_one_sentence_only/","https://old.reddit.com/user/TermAccomplished1868"
319,319,2101,"DiscussionFavorite one season wonder? (old.reddit.com)","Favorite one season wonder?","old.reddit.com","submitted 9 days ago by Responsible-Air8087","9 days ago","Responsible-Air8087",,"https://www.reddit.com/gallery/1r62c1s","https://old.reddit.com/user/Responsible-Air8087"
320,320,2,"DiscussionWho controls the Vecna ​​hive or the mind? My opinion (self.StrangerThings)","Who controls the Vecna ​​hive or the mind? My opinion","self.StrangerThings","submitted 8 days ago by Cyrilbdr","8 days ago","Cyrilbdr","7 comments","https://old.reddit.com/r/StrangerThings/comments/1r7gmuk/who_controls_the_vecna_hive_or_the_mind_my_opinion/","https://old.reddit.com/user/Cyrilbdr"
321,321,4005,"Still one of the best scenes in the entire series (old.reddit.com)","Still one of the best scenes in the entire series","old.reddit.com","submitted 10 days ago by SamTheMarioMaster2R U N","10 days ago","SamTheMarioMaster2",,"https://www.reddit.com/gallery/1r5x6n0","https://old.reddit.com/user/SamTheMarioMaster2"
322,322,111,"DiscussionSteve was right about Eddie but.. (self.StrangerThings)","Steve was right about Eddie but..","self.StrangerThings","submitted 9 days ago by Severe-blake6720","9 days ago","Severe-blake6720","52 comments","https://old.reddit.com/r/StrangerThings/comments/1r6mees/steve_was_right_about_eddie_but/","https://old.reddit.com/user/Severe-blake6720"
323,323,3,"Fan Artfanfic: Stranger Thing- The Hydra Project. (self.StrangerThings)","fanfic: Stranger Thing- The Hydra Project.","self.StrangerThings","submitted 8 days ago by silverbollocks","8 days ago","silverbollocks","comment","https://old.reddit.com/r/StrangerThings/comments/1r7b9cb/fanfic_stranger_thing_the_hydra_project/","https://old.reddit.com/user/silverbollocks"
324,324,138,"Fan ArtLight still exists where friendship lives. (i.redd.it)","Light still exists where friendship lives.","i.redd.it","submitted 9 days ago by MrPuppeTss","9 days ago","MrPuppeTss",,"https://i.redd.it/7zgvahcuwwjg1.png","https://old.reddit.com/user/MrPuppeTss"
325,325,3,"Hey have any of you seen the Stranger Things Broadway Show? Is it worth it? (self.StrangerThings)","Hey have any of you seen the Stranger Things Broadway Show? Is it worth it?","self.StrangerThings","submitted 8 days ago by Dimplefrom-YAKatinka","8 days ago","Dimplefrom-YA","13 comments","https://old.reddit.com/r/StrangerThings/comments/1r7apcb/hey_have_any_of_you_seen_the_stranger_things/","https://old.reddit.com/user/Dimplefrom-YA"
326,326,"20.4k","Maya Hawke got Married! (old.reddit.com)","Maya Hawke got Married!","old.reddit.com","submitted 10 days ago by sapphicbrownAre you real? Did I make you?!","10 days ago","sapphicbrown",,"https://www.reddit.com/gallery/1r5m85t","https://old.reddit.com/user/sapphicbrown"
327,327,20,"DiscussionWSQK Returns (self.StrangerThings)","WSQK Returns","self.StrangerThings","submitted 9 days ago by novabookworm","9 days ago","novabookworm","10 comments","https://old.reddit.com/r/StrangerThings/comments/1r6x4di/wsqk_returns/","https://old.reddit.com/user/novabookworm"
328,328,1,"DiscussionIs Upside Down and the dimension X toxic or radioactive? (self.StrangerThings)","Is Upside Down and the dimension X toxic or radioactive?","self.StrangerThings","submitted 8 days ago by Matejsteinhauser14","8 days ago","Matejsteinhauser14",,"https://old.reddit.com/r/StrangerThings/comments/1r7en5e/is_upside_down_and_the_dimension_x_toxic_or/","https://old.reddit.com/user/Matejsteinhauser14"
329,329,944,"The whole show is so memeable (i.redd.it)","The whole show is so memeable","i.redd.it","submitted 9 days ago by yonBonbonbon[🍰]","9 days ago","yonBonbonbon",,"https://i.redd.it/vrkjzqwiksjg1.jpeg","https://old.reddit.com/user/yonBonbonbon"
330,330,39,"DiscussionDuring season 3 here in brasil we had a susie doll dressed as eleven (old.reddit.com)","During season 3 here in brasil we had a susie doll dressed as eleven","old.reddit.com","submitted 9 days ago by Plenty_Confidence674","9 days ago","Plenty_Confidence674",,"https://www.reddit.com/gallery/1r6o9h2","https://old.reddit.com/user/Plenty_Confidence674"
331,331,2383,"Man this hits 💔 (v.redd.it)","Man this hits 💔","v.redd.it","submitted 10 days ago by farreaching_snowballBabysitter","10 days ago","farreaching_snowball","0:16","https://v.redd.it/112dgtmsvqjg1","https://old.reddit.com/user/farreaching_snowball"
332,332,246,"The awkward ""blank makes you crazy"" in the supermarket is one of the best Mike/El scenes (v.redd.it)","The awkward ""blank makes you crazy"" in the supermarket is one of the best Mike/El scenes","v.redd.it","submitted 9 days ago by Valvoras","9 days ago","Valvoras","1:40","https://v.redd.it/0iu42hoacujg1","https://old.reddit.com/user/Valvoras"
333,333,53,"DiscussionUltimately, if you look closely at Vecna ​​and the mind win in almost every season. (i.redd.it)","Ultimately, if you look closely at Vecna ​​and the mind win in almost every season.","i.redd.it","submitted 9 days ago by Cyrilbdr","9 days ago","Cyrilbdr",,"https://i.redd.it/b65t03uqswjg1.jpeg","https://old.reddit.com/user/Cyrilbdr"
334,334,0,"Fan ArtStranger Things- The Hydra Project (Season 5 fanfic) (drive.google.com)","Stranger Things- The Hydra Project (Season 5 fanfic)","drive.google.com","submitted 8 days ago * by silverbollocks","8 days ago","silverbollocks",,"https://drive.google.com/file/d/1hTh2dm4Y7Z0_Tb_9ynXioRsr8YcO1NFO/view?usp=drivesdk","https://old.reddit.com/user/silverbollocks"
335,335,17,"DiscussionTales from 85’ Eleven figure revealed at Toy Fair (i.redd.it)","Tales from 85’ Eleven figure revealed at Toy Fair","i.redd.it","submitted 9 days ago by Frozen_cephalopod","9 days ago","Frozen_cephalopod",,"https://i.redd.it/ho6q83tklyjg1.jpeg","https://old.reddit.com/user/Frozen_cephalopod"
336,336,2,"Any fanfics recommendations? (self.StrangerThings)","Any fanfics recommendations?","self.StrangerThings","submitted 8 days ago by Azstraassssvvs","8 days ago","Azstraassssvvs","12 comments","https://old.reddit.com/r/StrangerThings/comments/1r74r9s/any_fanfics_recommendations/","https://old.reddit.com/user/Azstraassssvvs"
337,337,821,"The two Stranger Things performances I think 100% deserved Emmy wins (i.redd.it)","The two Stranger Things performances I think 100% deserved Emmy wins","i.redd.it","submitted 10 days ago by QuipThwipScoops Troop","10 days ago","QuipThwip",,"https://i.redd.it/8x3h1skh2sjg1.jpeg","https://old.reddit.com/user/QuipThwip"
338,338,84,"Stranger Things The First Shadow Broadway (i.redd.it)","Stranger Things The First Shadow Broadway","i.redd.it","submitted 9 days ago by nyc-chiclet","9 days ago","nyc-chiclet",,"https://i.redd.it/5mbuqh1povjg1.jpeg","https://old.reddit.com/user/nyc-chiclet"
339,339,9,"DiscussionHas anyone seen the new show Ponies? (self.StrangerThings)","Has anyone seen the new show Ponies?","self.StrangerThings","submitted 9 days ago * by tsegelke","9 days ago","tsegelke","7 comments","https://old.reddit.com/r/StrangerThings/comments/1r6tnpf/has_anyone_seen_the_new_show_ponies/","https://old.reddit.com/user/tsegelke"
340,340,506,"DiscussionHow does the mind flayer have a physical body? (old.reddit.com)","How does the mind flayer have a physical body?","old.reddit.com","submitted 10 days ago by Beautiful_Owl_4448Friends don't lie","10 days ago","Beautiful_Owl_4448",,"https://www.reddit.com/gallery/1r5y4ob","https://old.reddit.com/user/Beautiful_Owl_4448"
341,341,0,"DiscussionStranger Thins 5 Rewrite (self.StrangerThings)","Stranger Thins 5 Rewrite","self.StrangerThings","submitted 8 days ago by newoxide2004","8 days ago","newoxide2004",,"https://old.reddit.com/r/StrangerThings/comments/1r7kjr5/stranger_thins_5_rewrite/","https://old.reddit.com/user/newoxide2004"
342,342,5,"accurate floor map of wheeler's second floor (self.StrangerThings)","accurate floor map of wheeler's second floor","self.StrangerThings","submitted 9 days ago by OP-Ashley","9 days ago","OP-Ashley","7 comments","https://old.reddit.com/r/StrangerThings/comments/1r6ss8c/accurate_floor_map_of_wheelers_second_floor/","https://old.reddit.com/user/OP-Ashley"
343,343,32,"Fan ArtStranger Things Season 5 Trailer made in LEGO animation (v.redd.it)","Stranger Things Season 5 Trailer made in LEGO animation","v.redd.it","submitted 9 days ago by RyRyManga","9 days ago","RyRyManga","0:51","https://v.redd.it/iwpirzw4nvjg1","https://old.reddit.com/user/RyRyManga"
344,344,12,"SPOILERSAnyone know what the song is here? S5 E1 (v.redd.it)","Anyone know what the song is here? S5 E1","v.redd.it","submitted 9 days ago by Muginpugreddit","9 days ago","Muginpugreddit","1:13","https://v.redd.it/8bpkd6lqwwjg1","https://old.reddit.com/user/Muginpugreddit"
345,345,0,"SPOILERSNancy’s plot armor (self.StrangerThings)","Nancy’s plot armor","self.StrangerThings","submitted 8 days ago by zerousel","8 days ago","zerousel",,"https://old.reddit.com/r/StrangerThings/comments/1r7ea6r/nancys_plot_armor/","https://old.reddit.com/user/zerousel"
346,346,14,"DiscussionWhat would you like to change in the script for season 5 ? (self.StrangerThings)","What would you like to change in the script for season 5 ?","self.StrangerThings","submitted 9 days ago * by Round_Panda7974","9 days ago","Round_Panda7974","42 comments","https://old.reddit.com/r/StrangerThings/comments/1r6i8dj/what_would_you_like_to_change_in_the_script_for/","https://old.reddit.com/user/Round_Panda7974"
347,347,131,"DiscussionHere's my top 5, what do you think? (old.reddit.com)","Here's my top 5, what do you think?","old.reddit.com","submitted 10 days ago by Defiant-Medium2387","10 days ago","Defiant-Medium2387",,"https://www.reddit.com/gallery/1r6098a","https://old.reddit.com/user/Defiant-Medium2387"
348,348,266,"DiscussionSubtle foreshadowing? (i.redd.it)","Subtle foreshadowing?","i.redd.it","submitted 10 days ago by FxrryTrxsh","10 days ago","FxrryTrxsh",,"https://i.redd.it/8mvog20z6rjg1.gif","https://old.reddit.com/user/FxrryTrxsh"
349,349,59,"First Shadow play spoilersFirst Shadow Proshot (i.redd.it)","First Shadow Proshot","i.redd.it","submitted 9 days ago by AdAdvanced7188","9 days ago","AdAdvanced7188",,"https://i.redd.it/kk3ndb2qltjg1.jpeg","https://old.reddit.com/user/AdAdvanced7188"
350,350,6,"Did Brenner really got a better closure than Henry? (self.StrangerThings)","Did Brenner really got a better closure than Henry?","self.StrangerThings","submitted 9 days ago by Muted-Can4546","9 days ago","Muted-Can4546","23 comments","https://old.reddit.com/r/StrangerThings/comments/1r6koj9/did_brenner_really_got_a_better_closure_than_henry/","https://old.reddit.com/user/Muted-Can4546"
351,351,11,"Mike Wheeler’s ending (self.StrangerThings)","Mike Wheeler’s ending","self.StrangerThings","submitted 9 days ago * by Lothloriens_","9 days ago","Lothloriens_","28 comments","https://old.reddit.com/r/StrangerThings/comments/1r6dv0e/mike_wheelers_ending/","https://old.reddit.com/user/Lothloriens_"
352,352,23,"A closer look at the new Stranger Things Tales From '85 Jazwares toys! (old.reddit.com)","A closer look at the new Stranger Things Tales From '85 Jazwares toys!","old.reddit.com","submitted 9 days ago by TypeCreepy6764","9 days ago","TypeCreepy6764",,"https://www.reddit.com/gallery/1r67m4d","https://old.reddit.com/user/TypeCreepy6764"
353,353,300,"Why did the Demogorgon take Barb in the first season? (self.StrangerThings)","Why did the Demogorgon take Barb in the first season?","self.StrangerThings","submitted 10 days ago by Valvoras","10 days ago","Valvoras","44 comments","https://old.reddit.com/r/StrangerThings/comments/1r5p79c/why_did_the_demogorgon_take_barb_in_the_first/","https://old.reddit.com/user/Valvoras"
354,354,2989,"Fun fact — After getting beaten by Jonathan, bullied by his friend, and punched by Billy, Steve finally won his first one-on-one fight by beating a Russian in this goofy outfit. (i.redd.it)","Fun fact — After getting beaten by Jonathan, bullied by his friend, and punched by Billy, Steve finally won his first one-on-one fight by beating a Russian in this goofy outfit.","i.redd.it","submitted 10 days ago by Kindly_Department142I believe.","10 days ago","Kindly_Department142",,"https://i.redd.it/qugrrzn0zljg1.jpeg","https://old.reddit.com/user/Kindly_Department142"
355,355,213,"Stranger Things: The First Shadow coming to Netflix (self.StrangerThings)","Stranger Things: The First Shadow coming to Netflix","self.StrangerThings","submitted 10 days ago by Ok_Initiative2210","10 days ago","Ok_Initiative2210","52 comments","https://old.reddit.com/r/StrangerThings/comments/1r5qoi0/stranger_things_the_first_shadow_coming_to_netflix/","https://old.reddit.com/user/Ok_Initiative2210"
356,356,11,"I liked the unproposal scene a lot, but (self.StrangerThings)","I liked the unproposal scene a lot, but","self.StrangerThings","submitted 9 days ago by Sharawadgi","9 days ago","Sharawadgi","8 comments","https://old.reddit.com/r/StrangerThings/comments/1r6aedu/i_liked_the_unproposal_scene_a_lot_but/","https://old.reddit.com/user/Sharawadgi"
357,357,8,"DiscussionWho would Defend Vecna? (self.StrangerThings)","Who would Defend Vecna?","self.StrangerThings","submitted 9 days ago by MTredit","9 days ago","MTredit","16 comments","https://old.reddit.com/r/StrangerThings/comments/1r6b6sd/who_would_defend_vecna/","https://old.reddit.com/user/MTredit"
358,358,46,"The finale. (self.StrangerThings)","The finale.","self.StrangerThings","submitted 10 days ago by YardThin4425","10 days ago","YardThin4425","19 comments","https://old.reddit.com/r/StrangerThings/comments/1r5z52v/the_finale/","https://old.reddit.com/user/YardThin4425"
359,359,0,"Discussionits been a while but i must ask why do so ma sny people dislike season 5? (self.StrangerThings)","its been a while but i must ask why do so ma sny people dislike season 5?","self.StrangerThings","submitted 8 days ago by Alternative_Sun_9006","8 days ago","Alternative_Sun_9006",,"https://old.reddit.com/r/StrangerThings/comments/1r73yfz/its_been_a_while_but_i_must_ask_why_do_so_ma_sny/","https://old.reddit.com/user/Alternative_Sun_9006"
360,360,83,"DiscussionWhich vecna is better? (old.reddit.com)","Which vecna is better?","old.reddit.com","submitted 10 days ago by SyzothSXA","10 days ago","SyzothSXA",,"https://www.reddit.com/gallery/1r5u376","https://old.reddit.com/user/SyzothSXA"
361,361,3,"DiscussionStranger things weapons and powers (self.StrangerThings)","Stranger things weapons and powers","self.StrangerThings","submitted 9 days ago * by International-Back55","9 days ago","International-Back55","5 comments","https://old.reddit.com/r/StrangerThings/comments/1r6g12j/stranger_things_weapons_and_powers/","https://old.reddit.com/user/International-Back55"
362,362,20,"DiscussionThe Abyss should have just been a Different Region within the Upside Down (self.StrangerThings)","The Abyss should have just been a Different Region within the Upside Down","self.StrangerThings","submitted 9 days ago by Ogsonic","9 days ago","Ogsonic","14 comments","https://old.reddit.com/r/StrangerThings/comments/1r629ok/the_abyss_should_have_just_been_a_different/","https://old.reddit.com/user/Ogsonic"
363,363,295,"Season 1 Finale - Eleven defeats the Demogorgon and vanishes - thoughts on this iconic scene? (v.redd.it)","Season 1 Finale - Eleven defeats the Demogorgon and vanishes - thoughts on this iconic scene?","v.redd.it","submitted 10 days ago by Super-Liberal-Girl","10 days ago","Super-Liberal-Girl","2:59","https://v.redd.it/azktirwh9ojg1","https://old.reddit.com/user/Super-Liberal-Girl"
364,364,0,"DiscussionI honestly don’t get why people dislike the last season (self.StrangerThings)","I honestly don’t get why people dislike the last season","self.StrangerThings","submitted 8 days ago by mistamushpresser2112","8 days ago","mistamushpresser2112",,"https://old.reddit.com/r/StrangerThings/comments/1r714cn/i_honestly_dont_get_why_people_dislike_the_last/","https://old.reddit.com/user/mistamushpresser2112"
365,365,21,"SPOILERSWere Chrissy, patrick, fred, etc all implied to be in Vecnas mind? (self.StrangerThings)","Were Chrissy, patrick, fred, etc all implied to be in Vecnas mind?","self.StrangerThings","submitted 10 days ago by Ogsonic","10 days ago","Ogsonic","11 comments","https://old.reddit.com/r/StrangerThings/comments/1r5xpim/were_chrissy_patrick_fred_etc_all_implied_to_be/","https://old.reddit.com/user/Ogsonic"
366,366,39,"Is it me or does Mike (self.StrangerThings)","Is it me or does Mike","self.StrangerThings","submitted 10 days ago by InfernalClockwork3","10 days ago","InfernalClockwork3","23 comments","https://old.reddit.com/r/StrangerThings/comments/1r5rn3j/is_it_me_or_does_mike/","https://old.reddit.com/user/InfernalClockwork3"
367,367,10,"Discussionwhy was will not feeling pain in season 3? (self.StrangerThings)","why was will not feeling pain in season 3?","self.StrangerThings","submitted 10 days ago by Ghost_111207","10 days ago","Ghost_111207","40 comments","https://old.reddit.com/r/StrangerThings/comments/1r604vf/why_was_will_not_feeling_pain_in_season_3/","https://old.reddit.com/user/Ghost_111207"
368,368,118,"DiscussionWe saw this trio for like 5 seconds but I loved their chaoticness so much (old.reddit.com)","We saw this trio for like 5 seconds but I loved their chaoticness so much","old.reddit.com","submitted 10 days ago by FayyadhScrollingBada Bada Boom","10 days ago","FayyadhScrolling",,"https://www.reddit.com/gallery/1r5i8ao","https://old.reddit.com/user/FayyadhScrolling"
369,369,61,"Robin now married, sorry Vickie (people.com)","Robin now married, sorry Vickie","people.com","submitted 10 days ago by Shpion007Snipers chew gum.","10 days ago","Shpion007",,"https://people.com/maya-hawke-christian-lee-hutson-marry-in-surprise-valentines-day-wedding-photos-11724036","https://old.reddit.com/user/Shpion007"
370,370,2,"SPOILERSVecna (self.StrangerThings)","Vecna","self.StrangerThings","submitted 9 days ago by Sukaran09","9 days ago","Sukaran09","8 comments","https://old.reddit.com/r/StrangerThings/comments/1r68t8s/vecna/","https://old.reddit.com/user/Sukaran09"
371,371,34,"Why do people complain so much about the actors playing the protagonists becoming older than their characters? (self.StrangerThings)","Why do people complain so much about the actors playing the protagonists becoming older than their characters?","self.StrangerThings","submitted 10 days ago by SexxyDude69","10 days ago","SexxyDude69","45 comments","https://old.reddit.com/r/StrangerThings/comments/1r5q0zq/why_do_people_complain_so_much_about_the_actors/","https://old.reddit.com/user/SexxyDude69"
372,372,6,"saddest songs? (self.StrangerThings)","saddest songs?","self.StrangerThings","submitted 9 days ago by seaweedbrain25","9 days ago","seaweedbrain25","46 comments","https://old.reddit.com/r/StrangerThings/comments/1r627dj/saddest_songs/","https://old.reddit.com/user/seaweedbrain25"
373,373,7,"DiscussionMax should've been there (self.StrangerThings)","Max should've been there","self.StrangerThings","submitted 9 days ago by Electronic_Orchid649","9 days ago","Electronic_Orchid649","6 comments","https://old.reddit.com/r/StrangerThings/comments/1r62xpl/max_shouldve_been_there/","https://old.reddit.com/user/Electronic_Orchid649"
374,374,3,"SPOILERSI feel like bob deserved a better conclusion for what he brought to the show. (self.StrangerThings)","I feel like bob deserved a better conclusion for what he brought to the show.","self.StrangerThings","submitted 9 days ago * by Neat-Start-6514","9 days ago","Neat-Start-6514",,"https://old.reddit.com/r/StrangerThings/comments/1r6cz0j/i_feel_like_bob_deserved_a_better_conclusion_for/","https://old.reddit.com/user/Neat-Start-6514"
375,375,0,"Discussionunpopular opinion (self.StrangerThings)","unpopular opinion","self.StrangerThings","submitted 9 days ago by Odd_Yogurt_1609","9 days ago","Odd_Yogurt_1609",,"https://old.reddit.com/r/StrangerThings/comments/1r6cw97/unpopular_opinion/","https://old.reddit.com/user/Odd_Yogurt_1609"
376,376,399,"DiscussionI feel so bad for her.. She lost her daughter twice💔 (i.redd.it)","I feel so bad for her.. She lost her daughter twice💔","i.redd.it","submitted 10 days ago by foxcutbabeCrazy together","10 days ago","foxcutbabe",,"https://i.redd.it/ckm3usdsxljg1.jpeg","https://old.reddit.com/user/foxcutbabe"
377,377,0,"DiscussionDustin’s obsession with eddie was weird (self.StrangerThings)","Dustin’s obsession with eddie was weird","self.StrangerThings","submitted 9 days ago by Difficult-Tennis-271","9 days ago","Difficult-Tennis-271",,"https://old.reddit.com/r/StrangerThings/comments/1r6t72g/dustins_obsession_with_eddie_was_weird/","https://old.reddit.com/user/Difficult-Tennis-271"
378,378,107,"ShippingStoryteller and the mage.🫀 (v.redd.it)","Storyteller and the mage.🫀","v.redd.it","submitted 10 days ago by Vivid-Parking973Zombie Boy","10 days ago","Vivid-Parking973","0:15","https://v.redd.it/wzxfmpl80ojg1","https://old.reddit.com/user/Vivid-Parking973"
379,379,3,"DiscussionI need help (self.StrangerThings)","I need help","self.StrangerThings","submitted 9 days ago by BEEFfdfjgdhkh","9 days ago","BEEFfdfjgdhkh","8 comments","https://old.reddit.com/r/StrangerThings/comments/1r66wg2/i_need_help/","https://old.reddit.com/user/BEEFfdfjgdhkh"
380,380,53,"Broooo there’s no way 😭 (i.redd.it)","Broooo there’s no way 😭","i.redd.it","submitted 10 days ago by RequirementEarly7837","10 days ago","RequirementEarly7837",,"https://i.redd.it/cl9mo8dhmojg1.png","https://old.reddit.com/user/RequirementEarly7837"
381,381,37,"DiscussionFav Robin outfit. Mine has to be the leather jacket and white tee in s5. (old.reddit.com)","Fav Robin outfit. Mine has to be the leather jacket and white tee in s5.","old.reddit.com","submitted 10 days ago by natalia-d12","10 days ago","natalia-d12",,"https://www.reddit.com/gallery/1r5ksjs","https://old.reddit.com/user/natalia-d12"
382,382,8,"DiscussionOutcome of Dr. Kay's Lab Experiments (self.StrangerThings)","Outcome of Dr. Kay's Lab Experiments","self.StrangerThings","submitted 10 days ago by Outta_the_ShadowsDid the leg slow you down?","10 days ago","Outta_the_Shadows","10 comments","https://old.reddit.com/r/StrangerThings/comments/1r5vn70/outcome_of_dr_kays_lab_experiments/","https://old.reddit.com/user/Outta_the_Shadows"
383,383,27,"SPOILERSspoiled season 4 for myself (self.StrangerThings)","spoiled season 4 for myself","self.StrangerThings","submitted 10 days ago by Numerous-Insurance13","10 days ago","Numerous-Insurance13","5 comments","https://old.reddit.com/r/StrangerThings/comments/1r5luw1/spoiled_season_4_for_myself/","https://old.reddit.com/user/Numerous-Insurance13"
384,384,39,"DiscussionDoes anyone else think back to this scene whenever they’re sick? (i.redd.it)","Does anyone else think back to this scene whenever they’re sick?","i.redd.it","submitted 10 days ago by RadioProfessional981","10 days ago","RadioProfessional981",,"https://i.redd.it/qhhu6331mojg1.jpeg","https://old.reddit.com/user/RadioProfessional981"
385,385,0,"How did the Wheeler telephone work? (self.StrangerThings)","How did the Wheeler telephone work?","self.StrangerThings","submitted 9 days ago by OkContact2573","9 days ago","OkContact2573",,"https://old.reddit.com/r/StrangerThings/comments/1r6medr/how_did_the_wheeler_telephone_work/","https://old.reddit.com/user/OkContact2573"
386,386,11,"Going to visit Hawkins, need suggestions! (self.StrangerThings)","Going to visit Hawkins, need suggestions!","self.StrangerThings","submitted 10 days ago by Acceptable-Host-9052","10 days ago","Acceptable-Host-9052","16 comments","https://old.reddit.com/r/StrangerThings/comments/1r5ryy8/going_to_visit_hawkins_need_suggestions/","https://old.reddit.com/user/Acceptable-Host-9052"
387,387,47,"My only problem with the season is the interviews post season (self.StrangerThings)","My only problem with the season is the interviews post season","self.StrangerThings","submitted 10 days ago by AnxiousBlob_07","10 days ago","AnxiousBlob_07","34 comments","https://old.reddit.com/r/StrangerThings/comments/1r5f1kq/my_only_problem_with_the_season_is_the_interviews/","https://old.reddit.com/user/AnxiousBlob_07"
388,388,1042,"A+ cinematography - The scene of the 4 teens riding their bikes in the Rightside Up and the camera turning over to show the 4 older teens simultaneously riding their bikes in the Upside Down (v.redd.it)","A+ cinematography - The scene of the 4 teens riding their bikes in the Rightside Up and the camera turning over to show the 4 older teens simultaneously riding their bikes in the Upside Down","v.redd.it","submitted 11 days ago by _YuYevon_","11 days ago","_YuYevon_","0:30","https://v.redd.it/rv316mblqijg1","https://old.reddit.com/user/_YuYevon_"
389,389,1232,"Season 5 was so ass for El. (i.redd.it)","Season 5 was so ass for El.","i.redd.it","submitted 11 days ago by 00_Sunflower_00","11 days ago","00_Sunflower_00",,"https://i.redd.it/zbir4wxrcijg1.jpeg","https://old.reddit.com/user/00_Sunflower_00"
390,390,25,"Had fun decorating my door! (i.redd.it)","Had fun decorating my door!","i.redd.it","submitted 10 days ago by RK800-50","10 days ago","RK800-50",,"https://i.redd.it/bu4afuneeojg1.jpeg","https://old.reddit.com/user/RK800-50"
391,391,189,"DiscussionSuch a shame out of these 3, Andy is the one (i.redd.it)","Such a shame out of these 3, Andy is the one","i.redd.it","submitted 11 days ago by Sudden_Pop_2279","11 days ago","Sudden_Pop_2279",,"https://i.redd.it/ovoq44dvpkjg1.png","https://old.reddit.com/user/Sudden_Pop_2279"
392,392,488,"Why did Susie have to change Dustin’s grades? (self.StrangerThings)","Why did Susie have to change Dustin’s grades?","self.StrangerThings","submitted 11 days ago by NovelIntrepid","11 days ago","NovelIntrepid","78 comments","https://old.reddit.com/r/StrangerThings/comments/1r4wm80/why_did_susie_have_to_change_dustins_grades/","https://old.reddit.com/user/NovelIntrepid"
393,393,278,"SPOILERSWhats a scene you cant stop Rewatching/Cant Forget (i.redd.it)","Whats a scene you cant stop Rewatching/Cant Forget","i.redd.it","submitted 11 days ago by Duckyy_13Scoops Troop","11 days ago","Duckyy_13",,"https://i.redd.it/ia992fscvjjg1.png","https://old.reddit.com/user/Duckyy_13"
394,394,232,"POV: We thought this was the same dimension (old.reddit.com)","POV: We thought this was the same dimension","old.reddit.com","submitted 11 days ago by Due-Dragonfly8200","11 days ago","Due-Dragonfly8200",,"https://www.reddit.com/gallery/1r4zvvh","https://old.reddit.com/user/Due-Dragonfly8200"
395,395,6,"SPOILERSJust finished S5 (self.StrangerThings)","Just finished S5","self.StrangerThings","submitted 10 days ago * by AnpanV","10 days ago","AnpanV",,"https://old.reddit.com/r/StrangerThings/comments/1r5nr7c/just_finished_s5/","https://old.reddit.com/user/AnpanV"
396,396,1075,"Will/El is a fascinating relationship that they should have explored more (old.reddit.com)","Will/El is a fascinating relationship that they should have explored more","old.reddit.com","submitted 11 days ago by sapphicbrownAre you real? Did I make you?!","11 days ago","sapphicbrown",,"https://www.reddit.com/gallery/1r4lwjq","https://old.reddit.com/user/sapphicbrown"
397,397,0,"I hate the ending (self.StrangerThings)","I hate the ending","self.StrangerThings","submitted 9 days ago by Simple_Rub_9660I believe.","9 days ago","Simple_Rub_9660",,"https://old.reddit.com/r/StrangerThings/comments/1r6a4ug/i_hate_the_ending/","https://old.reddit.com/user/Simple_Rub_9660"
398,398,0,"Do we think (self.StrangerThings)","Do we think","self.StrangerThings","submitted 9 days ago by Simple_Rub_9660I believe.","9 days ago","Simple_Rub_9660",,"https://old.reddit.com/r/StrangerThings/comments/1r6b1ec/do_we_think/","https://old.reddit.com/user/Simple_Rub_9660"
399,399,26,"Fan ArtDIY stranger things Demogirgon keychain (i.redd.it)","DIY stranger things Demogirgon keychain","i.redd.it","submitted 10 days ago by Left_Hat_5838","10 days ago","Left_Hat_5838",,"https://i.redd.it/m8703etgkmjg1.jpeg","https://old.reddit.com/user/Left_Hat_5838"
400,400,568,"The Mike/Lucas Ghostbusters argument - who was in the right? (v.redd.it)","The Mike/Lucas Ghostbusters argument - who was in the right?","v.redd.it","submitted 11 days ago by Super-Liberal-Girl","11 days ago","Super-Liberal-Girl","0:44","https://v.redd.it/tl0ijiyu4hjg1","https://old.reddit.com/user/Super-Liberal-Girl"
401,401,284,"DiscussionWhat was the saddest death in stranger things for me it was dartanian (i.redd.it)","What was the saddest death in stranger things for me it was dartanian","i.redd.it","submitted 11 days ago by Fantastic_Series_589","11 days ago","Fantastic_Series_589",,"https://i.redd.it/yxjpzqag8ijg1.jpeg","https://old.reddit.com/user/Fantastic_Series_589"
402,402,131,"Exactly how much I really love season 5! No amount of hate or detest of that season shall ruin my view on the season!! ❤️ ❤️ ❤️ ❤️ ❤️ (v.redd.it)","Exactly how much I really love season 5! No amount of hate or detest of that season shall ruin my view on the season!! ❤️ ❤️ ❤️ ❤️ ❤️","v.redd.it","submitted 11 days ago by Sea-Philosopher2905","11 days ago","Sea-Philosopher2905","0:29","https://v.redd.it/kts3v78majjg1","https://old.reddit.com/user/Sea-Philosopher2905"
403,403,1213,"Discussionnancy wheeler is the plot 🙏 (i.redd.it)","nancy wheeler is the plot 🙏","i.redd.it","submitted 11 days ago by HostMaterial4907","11 days ago","HostMaterial4907",,"https://i.redd.it/wrih43z5lfjg1.jpeg","https://old.reddit.com/user/HostMaterial4907"
404,404,542,"SPOILERSRandom fact - El is featured in the finale end credits... eleven times (old.reddit.com)","Random fact - El is featured in the finale end credits... eleven times","old.reddit.com","submitted 11 days ago by thelumpur","11 days ago","thelumpur",,"https://www.reddit.com/gallery/1r4kzqo","https://old.reddit.com/user/thelumpur"
405,405,339,"Fan ArtLast time i did Will. now its EL. i painted this using bleach🙌 (old.reddit.com)","Last time i did Will. now its EL. i painted this using bleach🙌","old.reddit.com","submitted 11 days ago by BleachCraft2027","11 days ago","BleachCraft2027",,"https://www.reddit.com/gallery/1r4o8g1","https://old.reddit.com/user/BleachCraft2027"
406,406,2,"DiscussionMinor plot hole/missed detailing (self.StrangerThings)","Minor plot hole/missed detailing","self.StrangerThings","submitted 10 days ago by BEEFfdfjgdhkh","10 days ago","BEEFfdfjgdhkh","11 comments","https://old.reddit.com/r/StrangerThings/comments/1r5nwof/minor_plot_holemissed_detailing/","https://old.reddit.com/user/BEEFfdfjgdhkh"
407,407,22,"Discussiondoes anyone know when pre-production of season 5 began? (self.StrangerThings)","does anyone know when pre-production of season 5 began?","self.StrangerThings","submitted 10 days ago by SheepShagginShea","10 days ago","SheepShagginShea","21 comments","https://old.reddit.com/r/StrangerThings/comments/1r57ju6/does_anyone_know_when_preproduction_of_season_5/","https://old.reddit.com/user/SheepShagginShea"
408,408,5,"DiscussionChapter 4 question, unfair accountability? (self.StrangerThings)","Chapter 4 question, unfair accountability?","self.StrangerThings","submitted 10 days ago * by KorruptedPineapple","10 days ago","KorruptedPineapple","16 comments","https://old.reddit.com/r/StrangerThings/comments/1r5fozi/chapter_4_question_unfair_accountability/","https://old.reddit.com/user/KorruptedPineapple"
409,409,12,"Grew up in the 80s two of my MOST fav songs was RAD (=peak) (self.StrangerThings)","Grew up in the 80s two of my MOST fav songs was RAD (=peak)","self.StrangerThings","submitted 10 days ago * by Drogon-Dracarys4everRunning Up That Hill","10 days ago","Drogon-Dracarys4ever","5 comments","https://old.reddit.com/r/StrangerThings/comments/1r58k1j/grew_up_in_the_80s_two_of_my_most_fav_songs_was/","https://old.reddit.com/user/Drogon-Dracarys4ever"
410,410,2315,"I’m not crying, you are 😭🫵?!! (old.reddit.com)","I’m not crying, you are 😭🫵?!!","old.reddit.com","submitted 12 days ago by s_musaahmed011","12 days ago","s_musaahmed",,"https://www.reddit.com/gallery/1r48dfq","https://old.reddit.com/user/s_musaahmed"
411,411,375,"The Upside Down has existed before in another location. (self.StrangerThings)","The Upside Down has existed before in another location.","self.StrangerThings","submitted 11 days ago by J89x","11 days ago","J89x","110 comments","https://old.reddit.com/r/StrangerThings/comments/1r4iu1z/the_upside_down_has_existed_before_in_another/","https://old.reddit.com/user/J89x"
412,412,1,"(possible) SPOILERSI still don't understand how the different monsters in each season tie together (btw idk if this post will count as a spoiler js putting spoiler just in case) (self.StrangerThings)","I still don't understand how the different monsters in each season tie together (btw idk if this post will count as a spoiler js putting spoiler just in case)","self.StrangerThings","submitted 10 days ago by Ok-Success-1006Hellfire Lives","10 days ago","Ok-Success-1006",,"https://old.reddit.com/r/StrangerThings/comments/1r5nk2j/i_still_dont_understand_how_the_different/","https://old.reddit.com/user/Ok-Success-1006"
413,413,33,"SPOILERSMy Season 1 vs Season 5 comparison. (self.StrangerThings)","My Season 1 vs Season 5 comparison.","self.StrangerThings","submitted 11 days ago * by Soul_Mate_4ever","11 days ago","Soul_Mate_4ever","23 comments","https://old.reddit.com/r/StrangerThings/comments/1r4yn6p/my_season_1_vs_season_5_comparison/","https://old.reddit.com/user/Soul_Mate_4ever"
414,414,0,"SPOILERSSeason 5 Holly v Demogorgon (self.StrangerThings)","Season 5 Holly v Demogorgon","self.StrangerThings","submitted 10 days ago by BlackestSole","10 days ago","BlackestSole",,"https://old.reddit.com/r/StrangerThings/comments/1r5xfln/season_5_holly_v_demogorgon/","https://old.reddit.com/user/BlackestSole"
415,415,158,"How do we feel about the fact that Eleven kept spying on Mike remotely all year in S2? (v.redd.it)","How do we feel about the fact that Eleven kept spying on Mike remotely all year in S2?","v.redd.it","submitted 11 days ago by Super-Liberal-Girl","11 days ago","Super-Liberal-Girl","1:33","https://v.redd.it/zp7781mmogjg1","https://old.reddit.com/user/Super-Liberal-Girl"
416,416,40,"Does this mean I should run? (v.redd.it)","Does this mean I should run?","v.redd.it","submitted 11 days ago by Confident-Suit-6577","11 days ago","Confident-Suit-6577","0:10","https://v.redd.it/2qbq0rejvijg1","https://old.reddit.com/user/Confident-Suit-6577"
417,417,0,"SPOILERSEl final scene slander (self.StrangerThings)","El final scene slander","self.StrangerThings","submitted 10 days ago by r0tt3nzkulz","10 days ago","r0tt3nzkulz",,"https://old.reddit.com/r/StrangerThings/comments/1r5vbb2/el_final_scene_slander/","https://old.reddit.com/user/r0tt3nzkulz"
418,418,73,"SPOILERSToday I just remembered that this show saved someone from drowning… (youtu.be)","Today I just remembered that this show saved someone from drowning…","youtu.be","submitted 11 days ago by Unusual-Temporary533","11 days ago","Unusual-Temporary533",,"https://youtu.be/8optVTZ7Zbs?si=_Hk9G9HtZNaM2JlC","https://old.reddit.com/user/Unusual-Temporary533"
419,419,2725,"DiscussionWhat felt like actual stakes at hand, more than the final battle. Vecna actually felt like a threatening presence and not like a joke. That incredible ending set up...... we didn't know how good we truly had it at the time. (v.redd.it)","What felt like actual stakes at hand, more than the final battle. Vecna actually felt like a threatening presence and not like a joke. That incredible ending set up...... we didn't know how good we truly had it at the time.","v.redd.it","submitted 12 days ago by zekevich","12 days ago","zekevich","0:21","https://v.redd.it/3lvvld4pqbjg1","https://old.reddit.com/user/zekevich"
420,420,1132,"It’s hilarious that people are calling Matthew Modine “Papa” in the comments. (i.redd.it)","It’s hilarious that people are calling Matthew Modine “Papa” in the comments.","i.redd.it","submitted 12 days ago by No_Pay9293","12 days ago","No_Pay9293",,"https://i.redd.it/vjbxff78lcjg1.jpeg","https://old.reddit.com/user/No_Pay9293"
421,421,13,"Rink O Mania Discourse in Fandom (self.StrangerThings)","Rink O Mania Discourse in Fandom","self.StrangerThings","submitted 11 days ago by Lothloriens_","11 days ago","Lothloriens_","17 comments","https://old.reddit.com/r/StrangerThings/comments/1r4zbgo/rink_o_mania_discourse_in_fandom/","https://old.reddit.com/user/Lothloriens_"
422,422,58,"DiscussionWho has SEEN Vecna? (self.StrangerThings)","Who has SEEN Vecna?","self.StrangerThings","submitted 11 days ago by CarterBenton","11 days ago","CarterBenton","36 comments","https://old.reddit.com/r/StrangerThings/comments/1r4li76/who_has_seen_vecna/","https://old.reddit.com/user/CarterBenton"
423,423,59,"Fan ArtSteve and Jonathan art by bunnypeony_ on Twitter (old.reddit.com)","Steve and Jonathan art by bunnypeony_ on Twitter","old.reddit.com","submitted 11 days ago by FayyadhScrollingBada Bada Boom","11 days ago","FayyadhScrolling",,"https://www.reddit.com/gallery/1r4k0dz","https://old.reddit.com/user/FayyadhScrolling"
424,424,472,"They’re the cutest (i.redd.it)","They’re the cutest","i.redd.it","submitted 12 days ago by Brief-Tumbleweed-761","12 days ago","Brief-Tumbleweed-761",,"https://i.redd.it/l8ldvgearcjg1.gif","https://old.reddit.com/user/Brief-Tumbleweed-761"
425,425,14,"DiscussionDoes anyone know why the Duffer Brothers decided to shift the vibe in season 3? (self.StrangerThings)","Does anyone know why the Duffer Brothers decided to shift the vibe in season 3?","self.StrangerThings","submitted 11 days ago by IhateOrangeJuiceGang","11 days ago","IhateOrangeJuiceGang","15 comments","https://old.reddit.com/r/StrangerThings/comments/1r4sd1a/does_anyone_know_why_the_duffer_brothers_decided/","https://old.reddit.com/user/IhateOrangeJuiceGang"
426,426,178,"DiscussionAnyone else wish we had more scenes between these two? Pairing them up during one of the seasons would've made for an interesting dynamic (i.redd.it)","Anyone else wish we had more scenes between these two? Pairing them up during one of the seasons would've made for an interesting dynamic","i.redd.it","submitted 12 days ago by CombatPanoo","12 days ago","CombatPanoo",,"https://i.redd.it/ukbza9mdtdjg1.png","https://old.reddit.com/user/CombatPanoo"
427,427,23,"DiscussionJust Curious (self.StrangerThings)","Just Curious","self.StrangerThings","submitted 11 days ago by RelativeFantastic695","11 days ago","RelativeFantastic695","5 comments","https://old.reddit.com/r/StrangerThings/comments/1r4lchw/just_curious/","https://old.reddit.com/user/RelativeFantastic695"
428,428,28,"What do you think the characters will do with their lives? (self.StrangerThings)","What do you think the characters will do with their lives?","self.StrangerThings","submitted 11 days ago by J89x","11 days ago","J89x","21 comments","https://old.reddit.com/r/StrangerThings/comments/1r4j1fu/what_do_you_think_the_characters_will_do_with/","https://old.reddit.com/user/J89x"
429,429,17,"80's VibesNike Unveils Final Stranger Things Sneaker Collaboration (si.com)","Nike Unveils Final Stranger Things Sneaker Collaboration","si.com","submitted 11 days ago by Patb1489Coffee and Contemplation","11 days ago","Patb1489",,"https://www.si.com/fannation/sneakers/news/nike-unveils-final-stranger-things-sneaker-collaboration","https://old.reddit.com/user/Patb1489"
430,430,1357,"Who is this chick?, and what is she doing in my Stranger Things cartoon? (i.redd.it)","Who is this chick?, and what is she doing in my Stranger Things cartoon?","i.redd.it","submitted 12 days ago by Alastor_culture_","12 days ago","Alastor_culture_",,"https://i.redd.it/gfqltbtoo9jg1.jpeg","https://old.reddit.com/user/Alastor_culture_"
431,431,29,"DiscussionRanking main characters by importance and audience POV (self.StrangerThings)","Ranking main characters by importance and audience POV","self.StrangerThings","submitted 11 days ago * by Puzzled_Two_3490","11 days ago","Puzzled_Two_3490","20 comments","https://old.reddit.com/r/StrangerThings/comments/1r4gqu9/ranking_main_characters_by_importance_and/","https://old.reddit.com/user/Puzzled_Two_3490"
432,432,371,"DiscussionThings I Noticed in the Stranger Things Finale! (old.reddit.com)","Things I Noticed in the Stranger Things Finale!","old.reddit.com","submitted 12 days ago * by CraftingFazerFreak","12 days ago","CraftingFazer",,"https://www.reddit.com/gallery/1r3yfbm","https://old.reddit.com/user/CraftingFazer"
433,433,0,"DiscussionWhat if Stranger Things Season 3 was set in 2005, instead of 1985? (self.StrangerThings)","What if Stranger Things Season 3 was set in 2005, instead of 1985?","self.StrangerThings","submitted 10 days ago by Level_Past_4521","10 days ago","Level_Past_4521",,"https://old.reddit.com/r/StrangerThings/comments/1r5e5al/what_if_stranger_things_season_3_was_set_in_2005/","https://old.reddit.com/user/Level_Past_4521"
434,434,14,"DiscussionIf Stranger Things was set in the 90s, what 90s songs would you use and when? (self.StrangerThings)","If Stranger Things was set in the 90s, what 90s songs would you use and when?","self.StrangerThings","submitted 11 days ago by JAL140","11 days ago","JAL140","40 comments","https://old.reddit.com/r/StrangerThings/comments/1r4jslq/if_stranger_things_was_set_in_the_90s_what_90s/","https://old.reddit.com/user/JAL140"
435,435,104,"Mike Wheeler Valentinés Day Cards (old.reddit.com)","Mike Wheeler Valentinés Day Cards","old.reddit.com","submitted 12 days ago by _YuYevon_","12 days ago","_YuYevon_",,"https://www.reddit.com/gallery/1r46s3e","https://old.reddit.com/user/_YuYevon_"
436,436,95,"Fan Artpaladin + sorcerer | fanart by @markkrpg on x (i.redd.it)","paladin + sorcerer | fanart by @markkrpg on x","i.redd.it","submitted 12 days ago by WillowTheSorceress","12 days ago","WillowTheSorceress",,"https://i.redd.it/aio8xz3mwcjg1.jpeg","https://old.reddit.com/user/WillowTheSorceress"
437,437,111,"Happy Valentine’s Day to everyone (i.redd.it)","Happy Valentine’s Day to everyone","i.redd.it","submitted 12 days ago by Giancarlo_Edu","12 days ago","Giancarlo_Edu",,"https://i.redd.it/oyjn0cnplcjg1.jpeg","https://old.reddit.com/user/Giancarlo_Edu"
438,438,305,"He really lived his biggest fear, that was losing her, only one(beside El) to not get happy ending. (i.redd.it)","He really lived his biggest fear, that was losing her, only one(beside El) to not get happy ending.","i.redd.it","submitted 12 days ago by Ambitious_Pass_1193","12 days ago","Ambitious_Pass_1193",,"https://i.redd.it/by4no3dzmajg1.jpeg","https://old.reddit.com/user/Ambitious_Pass_1193"
439,439,2,"DiscussionDoes anyone know if the actors will be doing any more ST events (e.g. cons) (self.StrangerThings)","Does anyone know if the actors will be doing any more ST events (e.g. cons)","self.StrangerThings","submitted 11 days ago by _Spidey-Fan_","11 days ago","_Spidey-Fan_","31 comments","https://old.reddit.com/r/StrangerThings/comments/1r4sdjy/does_anyone_know_if_the_actors_will_be_doing_any/","https://old.reddit.com/user/_Spidey-Fan_"
440,440,18,"DiscussionJust finished the Season 5 finale (self.StrangerThings)","Just finished the Season 5 finale","self.StrangerThings","submitted 11 days ago by lizzypoo690","11 days ago","lizzypoo690","48 comments","https://old.reddit.com/r/StrangerThings/comments/1r4dwx5/just_finished_the_season_5_finale/","https://old.reddit.com/user/lizzypoo690"
441,441,418,"Who is the smartest not your favourite the smartest (old.reddit.com)","Who is the smartest not your favourite the smartest","old.reddit.com","submitted 12 days ago by stranger-things-fan_","12 days ago","stranger-things-fan_",,"https://www.reddit.com/gallery/1r3p796","https://old.reddit.com/user/stranger-things-fan_"
442,442,319,"Vecna vs Eleven showed a big lack of creativity (i.redd.it)","Vecna vs Eleven showed a big lack of creativity","i.redd.it","submitted 12 days ago by ElCreatol","12 days ago","ElCreatol",,"https://i.redd.it/oepwiftir9jg1.jpeg","https://old.reddit.com/user/ElCreatol"
443,443,82,"Last Episode: WTF was their re-entry plan? (spoilers) (self.StrangerThings)","Last Episode: WTF was their re-entry plan? (spoilers)","self.StrangerThings","submitted 12 days ago by Double_Bastard","12 days ago","Double_Bastard","89 comments","https://old.reddit.com/r/StrangerThings/comments/1r41eoy/last_episode_wtf_was_their_reentry_plan_spoilers/","https://old.reddit.com/user/Double_Bastard"
444,444,101,"Fan ArtMy last fanart. Evil one (old.reddit.com)","My last fanart. Evil one","old.reddit.com","submitted 12 days ago by vesmir_neasi","12 days ago","vesmir_neasi",,"https://www.reddit.com/gallery/1r3zl6r","https://old.reddit.com/user/vesmir_neasi"
445,445,14,"Since they used the rock to tease the upcoming project, what do you guys think the new live action spin-off will be about? (i.redd.it)","Since they used the rock to tease the upcoming project, what do you guys think the new live action spin-off will be about?","i.redd.it","submitted 11 days ago * by Due-Dragonfly8200","11 days ago","Due-Dragonfly8200",,"https://i.redd.it/qkhcl7hgbejg1.jpeg","https://old.reddit.com/user/Due-Dragonfly8200"
446,446,0,"DiscussionUnpopular Opinion - Steve (self.StrangerThings)","Unpopular Opinion - Steve","self.StrangerThings","submitted 11 days ago by Modis_teleprompterPeople say I’m too negative","11 days ago","Modis_teleprompter",,"https://old.reddit.com/r/StrangerThings/comments/1r4tza4/unpopular_opinion_steve/","https://old.reddit.com/user/Modis_teleprompter"
447,447,70,"DiscussionAddressing a commonly misused term (self.StrangerThings)","Addressing a commonly misused term","self.StrangerThings","submitted 12 days ago by fimorayta","12 days ago","fimorayta","37 comments","https://old.reddit.com/r/StrangerThings/comments/1r3x5ub/addressing_a_commonly_misused_term/","https://old.reddit.com/user/fimorayta"
448,448,0,"DiscussionSprite sheets needed! (self.StrangerThings)","Sprite sheets needed!","self.StrangerThings","submitted 11 days ago by Francium_yea","11 days ago","Francium_yea",,"https://old.reddit.com/r/StrangerThings/comments/1r4pan7/sprite_sheets_needed/","https://old.reddit.com/user/Francium_yea"
449,449,0,"SPOILERSWhat did you think of the season 5 ending/season. (self.StrangerThings)","What did you think of the season 5 ending/season.","self.StrangerThings","submitted 11 days ago by Additional-Layer-392","11 days ago","Additional-Layer-392",,"https://old.reddit.com/r/StrangerThings/comments/1r51lnj/what_did_you_think_of_the_season_5_endingseason/","https://old.reddit.com/user/Additional-Layer-392"
450,450,13,"DiscussionWell is one of these rares? (i.redd.it)","Well is one of these rares?","i.redd.it","submitted 12 days ago by Plenty_Confidence674","12 days ago","Plenty_Confidence674",,"https://i.redd.it/5bodjh4ikdjg1.jpeg","https://old.reddit.com/user/Plenty_Confidence674"
451,451,18,"Interrogate me about Stranger Things (plus art I made) (I am not in season 5 yet I'm in season 4 episode 5) (i.redd.it)","Interrogate me about Stranger Things (plus art I made) (I am not in season 5 yet I'm in season 4 episode 5)","i.redd.it","submitted 12 days ago by FioRRRella2013Ahoy!","12 days ago","FioRRRella2013",,"https://i.redd.it/jvx7oco8fcjg1.jpeg","https://old.reddit.com/user/FioRRRella2013"
452,452,47,"Finally Built the Upside Down Lego (old.reddit.com)","Finally Built the Upside Down Lego","old.reddit.com","submitted 12 days ago by UmadSummers","12 days ago","UmadSummers",,"https://www.reddit.com/gallery/1r3vl0n","https://old.reddit.com/user/UmadSummers"
453,453,780,"""S3 Robin is so much different than S4/S5 Robin!""... Meanwhile, here is an actual scene from Season 3 disproving that claim (v.redd.it)","""S3 Robin is so much different than S4/S5 Robin!""... Meanwhile, here is an actual scene from Season 3 disproving that claim","v.redd.it","submitted 13 days ago by _YuYevon_","13 days ago","_YuYevon_","0:11","https://v.redd.it/exeta30c76jg1","https://old.reddit.com/user/_YuYevon_"
454,454,75,"Friends don’t lie! (i.redd.it)","Friends don’t lie!","i.redd.it","submitted 12 days ago by funkoscotland1979","12 days ago","funkoscotland1979",,"https://i.redd.it/rp2d6hhdw9jg1.jpeg","https://old.reddit.com/user/funkoscotland1979"
455,455,39,"Fan ArtMade this Van in a driving game. I know it’s not the exact model, but close enough. (old.reddit.com)","Made this Van in a driving game. I know it’s not the exact model, but close enough.","old.reddit.com","submitted 12 days ago by Opening-Rip1551","12 days ago","Opening-Rip1551",,"https://www.reddit.com/gallery/1r3wa4v","https://old.reddit.com/user/Opening-Rip1551"
456,456,12,"DiscussionThe iconic scene of Joyce (self.StrangerThings)","The iconic scene of Joyce","self.StrangerThings","submitted 12 days ago by InfernalClockwork3","12 days ago","InfernalClockwork3","20 comments","https://old.reddit.com/r/StrangerThings/comments/1r42jsw/the_iconic_scene_of_joyce/","https://old.reddit.com/user/InfernalClockwork3"
457,457,1285,"New images from the tales from 85 cartoon (old.reddit.com)","New images from the tales from 85 cartoon","old.reddit.com","submitted 13 days ago by mandyluvspuppies","13 days ago","mandyluvspuppies",,"https://www.reddit.com/gallery/1r33ha3","https://old.reddit.com/user/mandyluvspuppies"
458,458,3,"DiscussionMike painting funko (self.StrangerThings)","Mike painting funko","self.StrangerThings","submitted 12 days ago by number1lukafan","12 days ago","number1lukafan","3 comments","https://old.reddit.com/r/StrangerThings/comments/1r4b22q/mike_painting_funko/","https://old.reddit.com/user/number1lukafan"
459,459,2968,"🚶🚶🚶 (i.redd.it)","🚶🚶🚶","i.redd.it","submitted 13 days ago by StarforgeVoyager","13 days ago","StarforgeVoyager",,"https://i.redd.it/r9ep13znq2jg1.jpeg","https://old.reddit.com/user/StarforgeVoyager"
460,460,9,"Vecna’s trance (self.StrangerThings)","Vecna’s trance","self.StrangerThings","submitted 12 days ago by JediMasterSloth","12 days ago","JediMasterSloth","13 comments","https://old.reddit.com/r/StrangerThings/comments/1r428sc/vecnas_trance/","https://old.reddit.com/user/JediMasterSloth"
461,461,16,"Fan ArtDustin and Eleven in the Horrid Henry Books (i.redd.it)","Dustin and Eleven in the Horrid Henry Books","i.redd.it","submitted 12 days ago by Free-Pin543","12 days ago","Free-Pin543",,"https://i.redd.it/cz2wrs5s7bjg1.jpeg","https://old.reddit.com/user/Free-Pin543"
462,462,27,"You get to the grocery store. You open your car door. You see this happening. What's your next move? (v.redd.it)","You get to the grocery store. You open your car door. You see this happening. What's your next move?","v.redd.it","submitted 12 days ago by volcanicnight","12 days ago","volcanicnight","0:11","https://v.redd.it/a8hftd8m8ajg1","https://old.reddit.com/user/volcanicnight"
463,463,1,"SPOILERSSame difference (i.redd.it)","Same difference","i.redd.it","submitted 11 days ago by Vast_Rip4896","11 days ago","Vast_Rip4896",,"https://i.redd.it/yqjcze66ifjg1.jpeg","https://old.reddit.com/user/Vast_Rip4896"
464,464,410,"One of the best friendships on the show. (old.reddit.com)","One of the best friendships on the show.","old.reddit.com","submitted 13 days ago by sapphicbrownAre you real? Did I make you?!","13 days ago","sapphicbrown",,"https://www.reddit.com/gallery/1r39hhk","https://old.reddit.com/user/sapphicbrown"
465,465,0,"ShippingTo Milevens & Bylers: (self.StrangerThings)","To Milevens & Bylers:","self.StrangerThings","submitted 11 days ago by FlynnxPanFreak","11 days ago","FlynnxPan",,"https://old.reddit.com/r/StrangerThings/comments/1r4f7wi/to_milevens_bylers/","https://old.reddit.com/user/FlynnxPan"
466,466,0,"Bravo on the M Cave reference (self.StrangerThings)","Bravo on the M Cave reference","self.StrangerThings","submitted 11 days ago by BrickCityRiot","11 days ago","BrickCityRiot",,"https://old.reddit.com/r/StrangerThings/comments/1r4f2ig/bravo_on_the_m_cave_reference/","https://old.reddit.com/user/BrickCityRiot"
467,467,164,"i saw someone else post their shrine so i figured i would share mine! (old.reddit.com)","i saw someone else post their shrine so i figured i would share mine!","old.reddit.com","submitted 13 days ago by AdAdvanced7188","13 days ago","AdAdvanced7188",,"https://www.reddit.com/gallery/1r3fae1","https://old.reddit.com/user/AdAdvanced7188"
468,468,1100,"DiscussionWhy were they never seen again after season 2 (old.reddit.com)","Why were they never seen again after season 2","old.reddit.com","submitted 13 days ago by kodyross209","13 days ago","kodyross209",,"https://www.reddit.com/gallery/1r304y8","https://old.reddit.com/user/kodyross209"
469,469,1619,"Angela has quit her social media (v.redd.it)","Angela has quit her social media","v.redd.it","submitted 13 days ago by pinkpastelsweater011","13 days ago","pinkpastelsweater","0:13","https://v.redd.it/86uu3922w2jg1","https://old.reddit.com/user/pinkpastelsweater"
470,470,145,"after what felt like years i finally found max and the ghostbusters set 😭😭 (i.redd.it)","after what felt like years i finally found max and the ghostbusters set 😭😭","i.redd.it","submitted 13 days ago by AdAdvanced7188","13 days ago","AdAdvanced7188",,"https://i.redd.it/to2btxa7o6jg1.jpeg","https://old.reddit.com/user/AdAdvanced7188"
471,471,180,"SPOILERSReason why Karen Wheeler could subdue Demogorgon (is not a plot hole) (self.StrangerThings)","Reason why Karen Wheeler could subdue Demogorgon (is not a plot hole)","self.StrangerThings","submitted 13 days ago by AnnieLovesStories","13 days ago","AnnieLovesStories","44 comments","https://old.reddit.com/r/StrangerThings/comments/1r3c3a4/reason_why_karen_wheeler_could_subdue_demogorgon/","https://old.reddit.com/user/AnnieLovesStories"
472,472,15,"Why'd he do jazz hands? Kind of an inappropriate time, Lucas (i.redd.it)","Why'd he do jazz hands? Kind of an inappropriate time, Lucas","i.redd.it","submitted 12 days ago by Annual-Tree1337","12 days ago","Annual-Tree1337",,"https://i.redd.it/2h1c7xnf1ajg1.png","https://old.reddit.com/user/Annual-Tree1337"
473,473,845,"Valentines box for school (i.redd.it)","Valentines box for school","i.redd.it","submitted 13 days ago by Zestyclose_Raisin418","13 days ago","Zestyclose_Raisin418",,"https://i.redd.it/d3lqg8xl63jg1.jpeg","https://old.reddit.com/user/Zestyclose_Raisin418"
474,474,5,"DiscussionThe Closest Things We’re Getting to an official 3D Things Game (self.StrangerThings)","The Closest Things We’re Getting to an official 3D Things Game","self.StrangerThings","submitted 12 days ago * by ThatAtlasGuy","12 days ago","ThatAtlasGuy","6 comments","https://old.reddit.com/r/StrangerThings/comments/1r3tfu6/the_closest_things_were_getting_to_an_official_3d/","https://old.reddit.com/user/ThatAtlasGuy"
475,475,87,"DiscussionWhy would the military assume El was in Hawkins? (self.StrangerThings)","Why would the military assume El was in Hawkins?","self.StrangerThings","submitted 13 days ago by drumdrumdrums","13 days ago","drumdrumdrums","56 comments","https://old.reddit.com/r/StrangerThings/comments/1r3buwm/why_would_the_military_assume_el_was_in_hawkins/","https://old.reddit.com/user/drumdrumdrums"
476,476,8,"Fan ArtEddie charm for bag and gift. (i.redd.it)","Eddie charm for bag and gift.","i.redd.it","submitted 12 days ago by Left_Hat_5838","12 days ago","Left_Hat_5838",,"https://i.redd.it/bz519dl3e9jg1.jpeg","https://old.reddit.com/user/Left_Hat_5838"
477,477,7,"80's VibesEarlier 80’s Easter eggs? (self.StrangerThings)","Earlier 80’s Easter eggs?","self.StrangerThings","submitted 12 days ago by PhanaticMom33","12 days ago","PhanaticMom33","13 comments","https://old.reddit.com/r/StrangerThings/comments/1r3pp28/earlier_80s_easter_eggs/","https://old.reddit.com/user/PhanaticMom33"
478,478,60,"I think this was the only time Vecna got hugged by someone (i.redd.it)","I think this was the only time Vecna got hugged by someone","i.redd.it","submitted 13 days ago by Teppiest","13 days ago","Teppiest",,"https://i.redd.it/gz57a07la5jg1.png","https://old.reddit.com/user/Teppiest"
479,479,0,"Could you edit/skip past Season 3 to make it tween-suitable? (self.StrangerThings)","Could you edit/skip past Season 3 to make it tween-suitable?","self.StrangerThings","submitted 11 days ago by whatisthismarmite","11 days ago","whatisthismarmite",,"https://old.reddit.com/r/StrangerThings/comments/1r4f8gi/could_you_editskip_past_season_3_to_make_it/","https://old.reddit.com/user/whatisthismarmite"
480,480,77,"What is your opinion of Connie Frazier (from Season 1)? (i.redd.it)","What is your opinion of Connie Frazier (from Season 1)?","i.redd.it","submitted 13 days ago by _YuYevon_","13 days ago","_YuYevon_",,"https://i.redd.it/dl7xh6gdq4jg1.jpeg","https://old.reddit.com/user/_YuYevon_"
481,481,4,"How the finale should have ended (self.StrangerThings)","How the finale should have ended","self.StrangerThings","submitted 12 days ago by ContentPicture6098","12 days ago","ContentPicture6098","17 comments","https://old.reddit.com/r/StrangerThings/comments/1r3n1un/how_the_finale_should_have_ended/","https://old.reddit.com/user/ContentPicture6098"
482,482,205,"The Mike/Will argument from Season 3 - who was more in the wrong? (v.redd.it)","The Mike/Will argument from Season 3 - who was more in the wrong?","v.redd.it","submitted 13 days ago by Super-Liberal-Girl","13 days ago","Super-Liberal-Girl","1:04","https://v.redd.it/zajo9f47p2jg1","https://old.reddit.com/user/Super-Liberal-Girl"
483,483,46,"SPOILERSThe disconnect between what they thought we wanted and what (I think) we actually wanted: (self.StrangerThings)","The disconnect between what they thought we wanted and what (I think) we actually wanted:","self.StrangerThings","submitted 13 days ago by EatsPeanutButterI don't trust doctors who smoke... or call me sweetheart","13 days ago","EatsPeanutButter","47 comments","https://old.reddit.com/r/StrangerThings/comments/1r36k34/the_disconnect_between_what_they_thought_we/","https://old.reddit.com/user/EatsPeanutButter"
484,484,513,"SPOILERSThe ending of Eleven's story was changed at the last minute (self.StrangerThings)","The ending of Eleven's story was changed at the last minute","self.StrangerThings","submitted 13 days ago by AdBackground6381","13 days ago","AdBackground6381","169 comments","https://old.reddit.com/r/StrangerThings/comments/1r2nwex/the_ending_of_elevens_story_was_changed_at_the/","https://old.reddit.com/user/AdBackground6381"
485,485,65,"DiscussionKyle Dixon and Michael Stein (i.redd.it)","Kyle Dixon and Michael Stein","i.redd.it","submitted 13 days ago by Modis_teleprompterPeople say I’m too negative","13 days ago","Modis_teleprompter",,"https://i.redd.it/w7squ4d894jg1.jpeg","https://old.reddit.com/user/Modis_teleprompter"
486,486,8,"Fan ArtWhat is your favourite ST poster ( season or character ) ?. Whether it is official or fan art (self.StrangerThings)","What is your favourite ST poster ( season or character ) ?. Whether it is official or fan art","self.StrangerThings","submitted 13 days ago by Notalabel_4566","13 days ago","Notalabel_4566","5 comments","https://old.reddit.com/r/StrangerThings/comments/1r3foz8/what_is_your_favourite_st_poster_season_or/","https://old.reddit.com/user/Notalabel_4566"
487,487,179,"DiscussionHot Take (i.redd.it)","Hot Take","i.redd.it","submitted 13 days ago by Plus-Fun-7438","13 days ago","Plus-Fun-7438",,"https://i.redd.it/jewz35z3s1jg1.jpeg","https://old.reddit.com/user/Plus-Fun-7438"
488,488,0,"Who would win in a fight (old.reddit.com)","Who would win in a fight","old.reddit.com","submitted 12 days ago by stranger-things-fan_","12 days ago","stranger-things-fan_",,"https://www.reddit.com/gallery/1r3qwvb","https://old.reddit.com/user/stranger-things-fan_"
489,489,20,"SPOILERSIs it weird that the only thing I've cried to is Eddie? (self.StrangerThings)","Is it weird that the only thing I've cried to is Eddie?","self.StrangerThings","submitted 13 days ago by Sam_is_gud","13 days ago","Sam_is_gud","21 comments","https://old.reddit.com/r/StrangerThings/comments/1r36cmx/is_it_weird_that_the_only_thing_ive_cried_to_is/","https://old.reddit.com/user/Sam_is_gud"
490,490,26,"Fan ArtI made the mind flayer out of clay how well did I do? (i.redd.it)","I made the mind flayer out of clay how well did I do?","i.redd.it","submitted 13 days ago by Afraid-Tap-260","13 days ago","Afraid-Tap-260",,"https://i.redd.it/sj4jhsf7g4jg1.jpeg","https://old.reddit.com/user/Afraid-Tap-260"
491,491,776,"DiscussionWe could've had another Metallica moment (v.redd.it)","We could've had another Metallica moment","v.redd.it","submitted 14 days ago by Almighty_Popo","14 days ago","Almighty_Popo","1:20","https://v.redd.it/t3m7sew8uyig1","https://old.reddit.com/user/Almighty_Popo"
492,492,0,"SPOILERSDbz reference? (self.StrangerThings)","Dbz reference?","self.StrangerThings","submitted 12 days ago by Few-Championship2548","12 days ago","Few-Championship2548",,"https://old.reddit.com/r/StrangerThings/comments/1r3orcs/dbz_reference/","https://old.reddit.com/user/Few-Championship2548"
493,493,10,"Fan ArtDo you guy think my display is good? (i.redd.it)","Do you guy think my display is good?","i.redd.it","submitted 13 days ago by justurdailymaxlovr","13 days ago","justurdailymaxlovr",,"https://i.redd.it/lijkte0hr5jg1.jpeg","https://old.reddit.com/user/justurdailymaxlovr"
494,494,41,"SPOILERSI kinda feel sorry for Henry Creel. (self.StrangerThings)","I kinda feel sorry for Henry Creel.","self.StrangerThings","submitted 13 days ago * by theeviloneisyouMusic has a way of finding you, even in the darkest of places","13 days ago","theeviloneisyou","28 comments","https://old.reddit.com/r/StrangerThings/comments/1r2xci0/i_kinda_feel_sorry_for_henry_creel/","https://old.reddit.com/user/theeviloneisyou"
495,495,44,"The shrine (i.redd.it)","The shrine","i.redd.it","submitted 13 days ago by Frozen_cephalopod","13 days ago","Frozen_cephalopod",,"https://i.redd.it/3oth9t7s23jg1.jpeg","https://old.reddit.com/user/Frozen_cephalopod"
496,496,73,"DiscussionFinished S5 Finale. I am finished. (i.redd.it)","Finished S5 Finale. I am finished.","i.redd.it","submitted 13 days ago by Constant-Speech-1010011","13 days ago","Constant-Speech-1010",,"https://i.redd.it/58a9oys2y1jg1.jpeg","https://old.reddit.com/user/Constant-Speech-1010"
497,497,0,"Can anyone give a concrete source that tales from 85 is canon? (self.StrangerThings)","Can anyone give a concrete source that tales from 85 is canon?","self.StrangerThings","submitted 12 days ago by alltheothersrtaken","12 days ago","alltheothersrtaken",,"https://old.reddit.com/r/StrangerThings/comments/1r3qhkc/can_anyone_give_a_concrete_source_that_tales_from/","https://old.reddit.com/user/alltheothersrtaken"
498,498,635,"Did the ST fandom “bean soup” itself? (i.redd.it)","Did the ST fandom “bean soup” itself?","i.redd.it","submitted 14 days ago * by Beautiful-Affect3448","14 days ago","Beautiful-Affect3448",,"https://i.redd.it/a41qdrmq9yig1.jpeg","https://old.reddit.com/user/Beautiful-Affect3448"
499,499,56,"Fan ArtAnother fanart ✨ (old.reddit.com)","Another fanart ✨","old.reddit.com","submitted 13 days ago by vesmir_neasi","13 days ago","vesmir_neasi",,"https://www.reddit.com/gallery/1r2resa","https://old.reddit.com/user/vesmir_neasi"
500,500,17,"Interested but hesitant to watch (self.StrangerThings)","Interested but hesitant to watch","self.StrangerThings","submitted 13 days ago by Accurate_Team_9567","13 days ago","Accurate_Team_9567","58 comments","https://old.reddit.com/r/StrangerThings/comments/1r31ola/interested_but_hesitant_to_watch/","https://old.reddit.com/user/Accurate_Team_9567"
