title,url,summary,published,source,timestamp,analysis
Stranger Things Season 5 Episode Discussion Hub,https://www.reddit.com/r/StrangerThings/comments/1p7nrzq/stranger_things_season_5_episode_discussion_hub/,S05E01 - The Crawl S05E02 - The Vanishing of ... S05E03 - The Turnbow Trap S05E04 - Sorcerer SEASON 5 VOLUME 1 DISCUSSION S05E05 - Shock Jock S05E06 - Escape from Camazotz S05E07 - The Bridge  SEASON 5 VOLUME 2 DISCUSSION S05E08 - The Rightside Up SEASON 5 SERIES DISCUSSION  Netflix | IMDb | Discord    submitted by    /u/Hawkinns   [link]   [comments],2025-11-27T00:06:34+00:00,kaggle,2026-01-02T08:07:14.056055,"{'sentiment': {'error': 'Could not parse response', 'raw': '{\n  ""sentiment"": ""positive"",\n  ""intensity"": 8,\n  ""key_emotion"": ""excitement"",\n  ""reasoning"": The discussion is filled with enthusiasm and anticipation for the new season, with users eagerly sharing their thoughts and opinions on the episodes.\n}'}, 'theory': [{'has_theory': True, 'theory_summary': 'The Mind Flayer is not the only monster in Hawkins, but rather a vessel for an ancient being.', 'plausibility': 8}, {'has_theory': True, 'theory_summary': ""Eleven's powers are not just supernatural, but also linked to the Earth's energy and the Upside Down."", 'plausibility': 9}, {'has_theory': False}, {'has_theory': True, 'theory_summary': ""The Demogorgon is a shapeshifter that can take on human form, specifically Steve Harrington's."", 'plausibility': 6}, {'has_theory': False}, {'has_theory': True, 'theory_summary': ""The Upside Down is not just a parallel dimension, but also a representation of Eleven's inner world."", 'plausibility': 8}], 'themes': ['Character development', 'Plot twists and theories', 'Nostalgic value', 'Relationship dynamics', 'Atmospheric cinematography']}"
Season 5 Series Discussion,https://www.reddit.com/r/StrangerThings/comments/1q0rtc2/season_5_series_discussion/,In this thread you can discuss the entirety of Season 5 without spoilers code. IF YOU HAVEN'T SEEN THE ENTIRE SEASON YET STAY AWAY!!! What did you like about it? What didn't you like? Favorite character this season?  Netflix | IMDb | Discord | Season 5 Discussion Hub    submitted by    /u/Hawkinns   [link]   [comments],2026-01-01T00:50:20+00:00,kaggle,2026-01-02T08:07:14.056170,"{'sentiment': {'error': 'Could not parse response', 'raw': '{\n  ""sentiment"": ""positive"",\n  ""intensity"": 4,\n  ""key_emotion"": ""excitement"",\n  ""reasoning"": The discussion is set up to discuss the season, indicating a generally positive tone among fans eager to share their thoughts.\n}'}, 'theory': {'error': 'Could not parse response', 'raw': '{\n  ""theories"": [\n    {\n      ""has_theory"": true,\n      ""theory_summary"": ""Some fans believe that the Upside Down is not a physical place, but rather a metaphorical representation of Hawkins\' emotional trauma."",\n      ""plausibility"": 6\n    },\n    {\n      ""has_theory"": true,\n      ""theory_summary"": ""Others speculate that Eleven\'s powers are not just supernatural abilities, but also a result of her connection to the Duffer Brothers and the show\'s narrative."",\n      ""plausibility"": 5\n    },\n    {\n      ""has_theory"": false,\n      ""theory_summary"": None,\n      ""plausibility"": 0\n    }\n  ]\n}'}, 'themes': ['Character development', 'Plot twists and surprises', 'Nostalgia factor', 'Relationship dynamics', 'Theories about the overall story']}"
The most consistent actors of the show,https://www.reddit.com/r/StrangerThings/comments/1q1ifix/the_most_consistent_actors_of_the_show/,      Jamie personally is probably the best actor but he was only on the show for two seasons so that’s why I’m not including him. But Caleb has been on for 5 and said 4. And damn each season they just get better. Season 4 Lucas took the spotlight and season 5 max was amazing. They were both amazing in each season but I think those were their best seasons. They absolutely killed it. Props to these two 🔥    submitted by    /u/I_kEeP_tHe_BlIcKy   [link]   [comments] ,2026-01-01T23:23:00+00:00,kaggle,2026-01-02T08:07:14.056283,"{'sentiment': {'error': 'Could not parse response', 'raw': '{\n  ""sentiment"": ""positive"",\n  ""intensity"": 9,\n  ""key_emotion"": ""enthusiasm"",\n  ""reasoning"": The discussion expresses admiration and excitement for the actors, particularly Caleb and Lucas, who are praised for consistently delivering great performances in each season.'}, 'theory': {'has_theory': False, 'theory_summary': '', 'plausibility': 0}, 'themes': ['Character Development', 'Plot Elements', 'Cinematography', 'Relationships', 'Nostalgia']}"
Thoughts on the Finale?,https://www.reddit.com/r/StrangerThings/comments/1q1323o/thoughts_on_the_finale/,      I'm seeing a lot of mixed opinions on the ending. But I think it was pretty fitting although bittersweet.    submitted by    /u/LeoDiCristio   [link]   [comments] ,2026-01-01T12:23:53+00:00,kaggle,2026-01-02T08:07:14.056826,"{'sentiment': {'sentiment': 'mixed', 'intensity': 6, 'key_emotion': 'bittersweet', 'reasoning': ""The user expresses a neutral opinion on the finale's ending, acknowledging both its fittingness and bittersweet nature.""}, 'theory': {'has_theory': False, 'theory_summary': None, 'plausibility': 0}, 'themes': ['character development', 'plot elements', 'music', 'relationships']}"
Why Mike’s final speech in Stranger Things was right,https://www.reddit.com/r/StrangerThings/comments/1q1g5t8/why_mikes_final_speech_in_stranger_things_was/,"1. Mike has been the group’s Dungeon Master since Season 1. Every major plot point in the show that is explained by or hinted through Mike becomes reality. His predictions always end up being true. This is an irrefutable fact. 2. Earlier in the season, the show clearly establishes that even a small crack in the Upside Down wall creates massive suction and violent wind. People and objects get dragged toward it. Yet Eleven is standing there completely unaffected with no visible pull, struggle, or ",2026-01-01T21:49:24+00:00,kaggle,2026-01-02T08:07:14.057343,"{'sentiment': {'error': 'Could not parse response', 'raw': '{\n  ""sentiment"": ""positive"",\n  ""intensity"": 8,\n  ""key_emotion"": ""admiration"",\n  ""reasoning"": The discussion expresses admiration for Mike\'s character development and his uncanny ability to predict and explain the show\'s major plot points.\n}'}, 'theory': {'error': 'Could not parse response', 'raw': '{\n  ""theories"": [\n    {\n      ""has_theory"": true,\n      ""theory_summary"": ""Mike\'s experience as a Dungeon Master grants him supernatural insight into the Upside Down, allowing him to accurately predict and interpret events."",\n      ""plausibility"": 8\n    },\n    {\n      ""has_theory"": false,\n      ""theory_summary"": None,\n      ""plausibility"": 0\n    }\n  ]\n}'}, 'themes': ['Character Development', 'Plot Elements', 'Nostalgia', 'Relationships']}"
Legends that had no closure,https://www.reddit.com/r/StrangerThings/comments/1q15wz5/legends_that_had_no_closure/,"      I feel like Suzy was completely left out this season, and Murray had no “ending” despite the badass grenade scene at the finale. Despite that, I felt that the finale was satisfying throughout, It would be difficult to end all the individual stories and they got it right with the ones that were shown.    submitted by    /u/VictorNoda98   [link]   [comments] ",2026-01-01T14:51:57+00:00,kaggle,2026-01-02T08:07:14.057702,"{'sentiment': {'error': 'Could not parse response', 'raw': '{\n  ""sentiment"": ""mixed"",\n  ""intensity"": 6,\n  ""key_emotion"": ""frustration"",\n  ""reasoning"": The discussion expresses both disappointment with some plot decisions, such as the lack of closure for certain characters, and overall satisfaction with the finale\'s resolution of other storylines.\n}'}, 'theory': {'name': '/u/VictorNoda98', 'content': 'Legends that had no closure.', 'theories': [{'has_theory': True, 'theory_summary': 'Some characters, like Suzy and Murray, were left without a clear resolution to their storylines.', 'plausibility': 6}]}, 'themes': ['Character Development', 'Plot Elements', 'Nostalgia', 'Relationships', 'Unresolved Theories']}"
My Realization From Watching STRANGER THINGS,https://www.reddit.com/r/StrangerThings/comments/1q1mqjv/my_realization_from_watching_stranger_things/,"      Life is a beautiful mystery, filled with moments you never see coming. You don’t know who you’ll meet or what you’ll go through some memories feel like magic, others like fear you carry in silence. And then one day, without realizing it, that time is over. You grow up, and all you’re left with are the memories of who you once were. Letting go hurts, but you have no choice but to close that door, even when your heart wants to stay. That chapter is finished, yet it shaped your soul, forming ",2026-01-02T02:36:26+00:00,kaggle,2026-01-02T08:07:17.055269,"{'sentiment': {'error': 'Could not parse response', 'raw': '{""sentiment"": ""positive"", ""intensity"": 8, ""key_emotion"": ""nostalgia"", ""reasoning"": The text expresses a sentimental and bittersweet tone, reflecting on the passage of time and the importance of holding onto memories.}'}, 'theory': [{'has_theory': False}, {'has_theory': False, 'theory_summary': None, 'plausibility': 0}], 'themes': ['Nostalgia', 'Character Development', 'Relationships', 'Theories']}"
Who would you have chosen? - Finale spoilers,https://www.reddit.com/r/StrangerThings/comments/1q1mpnt/who_would_you_have_chosen_finale_spoilers/,"I’ve seen people talk about how they felt Joyce was an odd choice for the person to give Vecna the final blow, I felt this way too but when I thought about it more I didn’t really like anyone else for the job and felt Joyce was the best fit in the end. Who would you have chosen to chop Vecnas head off?     submitted by    /u/Sure_Advertising3222   [link]   [comments]",2026-01-02T02:35:19+00:00,kaggle,2026-01-02T08:07:17.055561,"{'sentiment': {'error': 'Could not parse response', 'raw': '{""sentiment"": ""positive"", ""intensity"": 6, ""key_emotion"": ""defensiveness"", ""reasoning"": The user defends Joyce\'s character choice and shares their own reasoning, indicating a positive sentiment despite discussing potential criticism.""}'}, 'theory': {'has_theory': False, 'theory_summary': '', 'plausibility': 0}, 'themes': ['Character development', 'Plot elements', 'Theories']}"
From the abandoned community on Reddit: Abandoned Stranger Things Arcade,https://www.reddit.com/r/StrangerThings/comments/1q1mphq/from_the_abandoned_community_on_reddit_abandoned/,        submitted by    /u/TrickyWeekend4271   [link]   [comments] ,2026-01-02T02:35:06+00:00,kaggle,2026-01-02T08:07:17.055634,"{'sentiment': {'sentiment': 'positive', 'intensity': 4, 'key_emotion': 'excitement', 'reasoning': 'The discussion is centered around a nostalgic aspect of the show, evoking excitement in fans.'}, 'theory': [{'has_theory': True, 'theory_summary': ""Some fans believe that Eleven's powers are linked to an alternate dimension, possibly tied to the Upside Down."", 'plausibility': 8}, {'has_theory': False}], 'themes': ['Character development', 'Plot twists', 'Nostalgia', 'Relationship dynamics', 'Theories']}"
My Head Cannon: Mike and El,https://www.reddit.com/r/StrangerThings/comments/1q1mov2/my_head_cannon_mike_and_el/,"I believe the storyteller's adventure is not done, after the scenes in the finale he has one solo campaign to go on, one story that can never be told. He must find the three waterfalls.  If what we saw in the finale as the futures of the adventurers is what actually happened, then El chose to go to the one place and the only place where she would be found by the one person who truly knew and understands her.  Mike travelling alone would make it easier for him to ditch any military that might sti",2026-01-02T02:34:17+00:00,kaggle,2026-01-02T08:07:17.055784,"{'sentiment': {'error': 'Could not parse response', 'raw': '{\n  ""sentiment"": ""positive"",\n  ""intensity"": 8,\n  ""key_emotion"": ""hopeful"",\n  ""reasoning"": The user expresses enthusiasm and optimism about the future adventures of Mike and El, suggesting a positive sentiment and hopeful tone.\n}'}, 'theory': {'theories': [{'has_theory': True, 'theory_summary': ""Mike will embark on a solo journey to find the three waterfalls, possibly uncovering secrets about his past and El's fate."", 'plausibility': 8}, {'has_theory': True, 'theory_summary': ""The finale's portrayal of the adventurers' futures is actually their actual reality, with El being reunited with Mike in a mystical or afterlife-like setting."", 'plausibility': 7}]}, 'themes': ['Character Development', 'Plot Elements', 'Nostalgia', 'Relationships']}"
S5 resembling s1,https://www.reddit.com/r/StrangerThings/comments/1q1moi0/s5_resembling_s1/,Remember someone in the interview said s5 would be similar to s1 I just realised it’s Mike losing El just like at the end of s1 and she was alive so that means she is alive rn but hiding ( I believe) 😭.     submitted by    /u/notfuckeduplife   [link]   [comments],2026-01-02T02:33:50+00:00,kaggle,2026-01-02T08:07:17.055840,"{'sentiment': {'error': 'Could not parse response', 'raw': '{""sentiment"": ""positive"", ""intensity"": 6, ""key_emotion"": ""excitement"", ""reasoning"": The user is excited and hopeful about the potential reunion of Mike and El in Stranger Things S5, referencing a similar plot point from S1.}'}, 'theory': {'error': 'Could not parse response', 'raw': '{\n  ""has_theory"": true,\n  ""theory_summary"": The fan theory suggests that Eleven may be alive after being separated from Mike at the end of S5, similar to her situation in S1 where she was reunited with him."",\n  ""plausibility"": 8\n}'}, 'themes': ['character development', 'plot twist', 'nostalgia', 'relationship drama', 'theories']}"
Started watching when I was 11…,https://www.reddit.com/r/StrangerThings/comments/1q1mlp4/started_watching_when_i_was_11/,I have really been watching this show for almost 10 years now. I remember my dad saying “hey check out this cool show I found!” and watching it in the living room of my grandparents house with him for the first time. I loved it (but the Nancy and Steve sex scene was awkward to watch with him lmao) and was thrilled to watch season 2 when it finally released.  I remember asking my mom to watch it with me and it made me so excited for Halloween. I remember actually being scared to watch it cause th,2026-01-02T02:30:14+00:00,kaggle,2026-01-02T08:07:17.057177,"{'sentiment': {'error': 'Could not parse response', 'raw': '{\n    ""sentiment"": ""positive"",\n    ""intensity"": 8,\n    ""key_emotion"": ""nostalgia"",\n    ""reasoning"": The overall tone of the text is positive and nostalgic, reflecting the author\'s fond memories of watching Stranger Things with family members.\n}'}, 'theory': {'theories': [{'has_theory': True, 'theory_summary': ""The show's storyline may be inspired by real-life events, such as the disappearance of Jimmy Hoffa."", 'plausibility': 4}, {'has_theory': False}, {'has_theory': False}, {'has_theory': True, 'theory_summary': 'The character of Eleven may be a representation of the trauma and abuse experienced by children who were in foster care.', 'plausibility': 8}]}, 'themes': ['character development', 'plot elements', 'nostalgia', 'relationships', 'theories']}"
Show is a 9/10 S5 6/10,https://www.reddit.com/r/StrangerThings/comments/1q1mlok/show_is_a_910_s5_610/,Personal opinion of course. I love this show and I think it will be Netflix's best show ever. Yet the last season was pretty disappointing overall. It took 5 years and I feel we got scammed in a way. Adding plot points that really didn't make much sense. 1: The upside down is man made... to a degree i guess. We have an exotic matter that has been made by a scientist. Not explained really well or it's context. 2: Vecna gets his powers from a scientist that escaped some lab i guess and found himse,2026-01-02T02:30:13+00:00,kaggle,2026-01-02T08:07:17.057262,"{'sentiment': {'error': 'Could not parse response', 'raw': '{\n  ""sentiment"": ""mixed"",\n  ""intensity"": 6,\n  ""key_emotion"": ""frustrated"",\n  ""reasoning"": The user expresses both admiration for the show (""I love this show"") and disappointment with its final season, leading to a mixed sentiment.\n}'}, 'theory': [{'has_theory': True, 'theory_summary': 'The Upside Down is partially man-made, created using exotic matter developed by a scientist.', 'plausibility': 6}, {'has_theory': True, 'theory_summary': ""Vecna's powers come from a scientist who escaped a lab and found him"", 'plausibility': 8}], 'themes': ['character development', 'plot inconsistency', 'nonsense plot points', 'disappointment', 'unanswered questions']}"
I don't care about the division in regards of the finale. I want to say thank you.,https://www.reddit.com/r/StrangerThings/comments/1q1mkq9/i_dont_care_about_the_division_in_regards_of_the/,"I don't care much about what people think about the finale. I have my gripes with it too, but that last scene was perfect.  I was 24 years old when the first season for this show released. Now I'm going to turn 34 this year, and that last scene hit me like a truck... Watching Mike see the next generation coming up, looking at his sister and her friends arguing and having fun, it felt like when I was sharing the same moments with my friends, now I'm just watching the next generation grow up. That",2026-01-02T02:28:58+00:00,kaggle,2026-01-02T08:07:17.057536,"{'sentiment': {'error': 'Could not parse response', 'raw': '{\n  ""sentiment"": ""positive"",\n  ""intensity"": 9,\n  ""key_emotion"": ""nostalgia"",\n  ""reasoning"": The user expresses gratitude for the finale and fondly reflects on their personal connection to the show, highlighting the emotional impact of a pivotal scene that evokes nostalgia.'}, 'theory': {'theories': [{'has_theory': False, 'theory_summary': '', 'plausibility': 0}, {'has_theory': False, 'theory_summary': '', 'plausibility': 0}]}, 'themes': ['Nostalgia', 'Character Development', 'Coming of Age', 'Relationships', 'Growing Up']}"
What song was playing at the end of the finale?,https://www.reddit.com/r/StrangerThings/comments/1q1mklx/what_song_was_playing_at_the_end_of_the_finale/,"I have been trying to figure out what song from the soundtrack was playing when the party was putting their binders on the shelves and then Holly and her friends came down to play after them, and I cannot figure out which one it is. I just listened to the thing on Spotify but I can’t pinpoint which one it was. Any help is appreciated!    submitted by    /u/knick_yung   [link]   [comments]",2026-01-02T02:28:48+00:00,kaggle,2026-01-02T08:07:17.057590,"{'sentiment': {'error': 'Could not parse response', 'raw': '{\n  ""sentiment"": ""positive"",\n  ""intensity"": 2,\n  ""key_emotion"": ""curious"",\n  ""reasoning"": The user\'s tone is inquiring and appreciative, indicating a positive sentiment despite not being able to figure out the song.'}, 'theory': {'has_theory': False, 'theory_summary': None, 'plausibility': 0}, 'themes': ['character development', 'plot elements', 'music', 'nostalgia', 'relationships']}"
stranger things mike debate,https://www.reddit.com/r/StrangerThings/comments/1pursgh/stranger_things_mike_debate/,        submitted by    /u/Adventurous_Put_1310   [link]   [comments] ,2025-12-24T16:52:05+00:00,kaggle,2026-01-02T08:07:20.077052,"{'sentiment': {'sentiment': 'mixed', 'intensity': 4, 'key_emotion': 'enthusiasm', 'reasoning': ""The discussion is mixed due to the diverse opinions and debates among users, with some expressing strong enthusiasm for Mike's character development.""}, 'theory': {'has_theory': False, 'theory_summary': None, 'plausibility': 0}, 'themes': ['Character Development', 'Theories', 'Nostalgia', 'Relationships', 'Plot Elements']}"
"Jake Connelly says it was difficult to hide that he was filming Stranger Things 5. ""I actually told people I was working on a mayonnaise documentary.""",https://www.reddit.com/r/StrangerThings/comments/1po5k2u/jake_connelly_says_it_was_difficult_to_hide_that/,        submitted by    /u/StarforgeVoyager   [link]   [comments] ,2025-12-16T15:58:03+00:00,kaggle,2026-01-02T08:07:20.077594,"{'sentiment': {'error': 'Could not parse response', 'raw': '{""sentiment"": ""mixed"", ""intensity"": 4, ""key_emotion"": ""amusement"", ""reasoning"": The sentiment is mixed as it appears to be a lighthearted and humorous anecdote, but with a hint of frustration or annoyance at having to keep the Stranger Things filming secret.}'}, 'theory': {'has_theory': False, 'theory_summary': None, 'plausibility': 0}, 'themes': ['Character development', 'Plot elements', 'Nostalgia']}"
Demodog,https://www.reddit.com/r/StrangerThings/comments/1pvrr0u/demodog/,"      First it was Stranger Thingsgiving and now Manger Things! Lillian is dressed for the occasion, as always.    submitted by    /u/oohsosleepy   [link]   [comments] ",2025-12-26T01:11:35+00:00,kaggle,2026-01-02T08:07:20.077986,"{'sentiment': {'error': 'Could not parse response', 'raw': '{""sentiment"": ""positive"", ""intensity"": 8, ""key_emotion"": ""humor"", ""reasoning"": The comment uses playful language and a pun (""Manger Things"") to express amusement and lightheartedness.""}'}, 'theory': {'has_theory': False, 'theory_summary': '', 'plausibility': 0}, 'themes': []}"
Nancy wheeler S5 finale,https://www.reddit.com/r/StrangerThings/comments/1q0tcgr/nancy_wheeler_s5_finale/,"      She doesn’t play about Holly, I love her.    submitted by    /u/Bootswithefurr   [link]   [comments] ",2026-01-01T02:14:54+00:00,kaggle,2026-01-02T08:07:20.078085,"{'sentiment': {'error': 'Could not parse response', 'raw': '{""sentiment"": ""positive"", ""intensity"": 8, ""key_emotion"": ""appreciation"", ""reasoning"": The user expresses admiration and affection for Nancy Wheeler\'s character development, particularly in the S5 finale episode.}'}, 'theory': {'has_theory': True, 'theory_summary': ""The user suggests that Nancy Wheeler's actions in the final episode of S5 might be a hint at her being the 'Elder' mentioned in the Stranger Things universe"", 'plausibility': 6}, 'themes': ['Character Development', 'Nostalgia', 'Relationships']}"
How short is sadie 🤧,https://www.reddit.com/r/StrangerThings/comments/1pniddv/how_short_is_sadie/,      Someone commented sadie is 3 apples 🍎 tall😭. Here she is almost the same height as Derek. How tall do you think she is? She looks 5'1 to me? Well I'm happy that as a short person she the lead in the new spiderman film and a big character in stranger things because usually we get model height actresses in big films.     submitted by    /u/Round_Slip4234   [link]   [comments] ,2025-12-15T20:38:59+00:00,kaggle,2026-01-02T08:07:20.078807,"{'sentiment': {'error': 'Could not parse response', 'raw': '{\n  ""sentiment"": ""positive"",\n  ""intensity"": 6,\n  ""key_emotion"": ""supportive"",\n  ""reasoning"": The user is defending Sadie, a short actress, for being cast as a lead character in a big film and supporting her for her height.'}, 'theory': {'has_theory': False, 'theory_summary': None, 'plausibility': 0}, 'themes': ['Character Development', 'Nostalgia', 'Relationships', 'Body Image', 'Representation']}"
Stranger Things creator seems to suggest they made a mistake putting in an Easter egg that fans took the wrong way,https://www.reddit.com/r/television/comments/1q1l2ef/stranger_things_creator_seems_to_suggest_they/,        submitted by    /u/nylasor52   [link]   [comments] ,2026-01-02T01:19:02+00:00,kaggle,2026-01-02T08:07:23.085504,"{'sentiment': {'error': 'Could not parse response', 'raw': '{""sentiment"": ""negative"", ""intensity"": 6, ""key_emotion"": ""disappointment"", ""reasoning"": The statement implies that the creator of Stranger Things is disappointed in how fans interpreted an Easter egg, which has a negative tone.""}'}, 'theory': {'has_theory': False, 'theory_summary': '', 'plausibility': 0}, 'themes': ['character development', 'plot elements', 'music', 'nostalgia']}"
"‘Stranger Things 5’: Duffer Brothers Unpack Emotional Series Finale From One Major Sendoff To That 40-Minute Epilogue, Those Needle Drops & A Spinoff Hint",https://www.reddit.com/r/television/comments/1q1l2aw/stranger_things_5_duffer_brothers_unpack/,  submitted by    /u/MrShadowKing2020   [link]   [comments],2026-01-02T01:18:54+00:00,kaggle,2026-01-02T08:07:23.085540,"{'sentiment': {'error': 'Could not parse response', 'raw': '{""sentiment"": ""positive"", ""intensity"": 7, ""key_emotion"": ""excited"", ""reasoning"": The post expresses enthusiasm for the Duffer Brothers\' discussion about Stranger Things 5, indicating that fans are eager to learn more about the series finale and its potential spinoff.}'}, 'theory': {'theory1': {'has_theory': True, 'theory_summary': ""The theory suggests that Eleven's powers are not just about healing but also have the ability to manipulate and control time."", 'plausibility': 6}, 'theory2': {'has_theory': False}, 'theory3': {'has_theory': True, 'theory_summary': ""The theory proposes that Steve's character development is symbolic of the American dream, and his relationship with Nancy represents a more mature and responsible version of himself."", 'plausibility': 8}}, 'themes': ['Character development', 'Plot elements', 'Nostalgia']}"
'Stranger Things' Creators Address Viral Fan Theory About Season 5 Deleted Scenes [Exclusive],https://www.reddit.com/r/television/comments/1q1kpnq/stranger_things_creators_address_viral_fan_theory/,        submitted by    /u/nylasor52   [link]   [comments] ,2026-01-02T01:02:41+00:00,kaggle,2026-01-02T08:07:23.085597,"{'sentiment': {'error': 'Could not parse response', 'raw': '{""sentiment"": ""positive"", ""intensity"": 6, ""key_emotion"": ""curious"", ""reasoning"": The sentiment is positive because the discussion seems to be centered around a fan theory being addressed by the creators, indicating excitement and interest.""}'}, 'theory': {'has_theory': True, 'theory_summary': ""Fans believe the deleted scenes for Season 5 reveal the origin of Vecna's powers and his connection to Eddie Munson"", 'plausibility': 6}, 'themes': ['Character development', 'Plot elements', 'Nostalgia', 'Relationships', 'Theories']}"
‘Stranger Things: Tales From ‘85’ | Official Announcement | Netflix,https://www.reddit.com/r/television/comments/1q1k38f/stranger_things_tales_from_85_official/,        submitted by    /u/RealJohnGillman   [link]   [comments] ,2026-01-02T00:35:33+00:00,kaggle,2026-01-02T08:07:23.085660,"{'sentiment': {'sentiment': 'positive', 'intensity': 8, 'key_emotion': 'excitement', 'reasoning': ""The discussion is enthusiastic and highly engaging, with the use of words like 'official announcement' and a strong reaction to new content.""}, 'theory': {' theories': [{'has_theory': True, 'theory_summary': 'The Upside Down is actually a parallel dimension created by the experiments of Dr. Martin Brenner.', 'plausibility': 8}, {'has_theory': True, 'theory_summary': ""Eleven's powers are not just supernatural abilities, but rather the result of her exposure to the Upside Down's energy."", 'plausibility': 9}, {'has_theory': True, 'theory_summary': ""The Mind Flayer is a manifestation of Will Byers' subconscious, created as a result of his trauma and connection to the Upside Down."", 'plausibility': 8.5}]}, 'themes': ['character development', 'plot twists', 'nostalgia', 'relationships', 'theories']}"
Stranger Things Last Episode,https://www.reddit.com/r/television/comments/1q1fjff/stranger_things_last_episode/,"Let's be real. It sucked. I would gamble it's worse than game of thrones. And here's why: Why the fuck bring in Linda Hamilton and not bring a conclusion to her story. They just discarded the whole idea of the military being a force of evil. It made no sense. There was no resolution to the story. They made it seem like they were the ""bigger evil"" but, the last hour of the show, there was zero conclusion of why that was. They just cut to ""18 months later"" to hide the fact that they were a big pla",2026-01-01T21:24:05+00:00,kaggle,2026-01-02T08:07:23.085748,"{'sentiment': {'error': 'Could not parse response', 'raw': '{\n  ""sentiment"": ""negative"",\n  ""intensity"": 8,\n  ""key_emotion"": ""anger"",\n  ""reasoning"": The user expresses strong dissatisfaction with the final episode of Stranger Things, citing plot inconsistencies and unresolved storylines.'}, 'theory': {'error': 'Could not parse response', 'raw': '{\n  ""has_theory"": true,\n  ""theory_summary"": ""Some fans speculate that the D&D game in the Upside Down is actually a government experiment to harness supernatural powers."",\n  ""plausibility"": 6\n}\n\n{\n  ""has_theory"": true,\n  ""theory_summary"": ""Theories abound about Eleven\'s connection to her mother, Teresa, and whether she was taken by the government or escaped on her own."",\n  ""plausibility"": 8\n}'}, 'themes': ['Character Development', 'Plot Elements', 'Nostalgia', 'Relationships', 'Theories']}"
Should limited series become the norm to avoid the 2 to 3 year waits that are now endemic in multi-season shows?,https://www.reddit.com/r/television/comments/1q1f7cd/should_limited_series_become_the_norm_to_avoid/,"Many say the first season of Stranger Things was structured as, and should have been, a limited series. Instead we got a multi-season mess littered with years long waits throughout.  Everybody hates these long ass waits. The enthusiasm of watching a great first season ebbs in the empty years that follow. It's hard to maintain. Many viewers don't come back. Those who return struggle to remember what happened when the show first dropped years earlier. These waits really undercut the enjoyment of s",2026-01-01T21:10:36+00:00,kaggle,2026-01-02T08:07:23.085834,"{'sentiment': {'error': 'Could not parse response', 'raw': '{\n  ""sentiment"": ""negative"",\n  ""intensity"": 8,\n  ""key_emotion"": ""frustration"",\n  ""reasoning"": The discussion expresses frustration with the long wait times between seasons and its impact on viewer enthusiasm, leading to a decline in viewership and enjoyment.\n}'}, 'theory': {' theories': [{'has_theory': True, 'theory_summary': 'Some fans believe that limited series should become the norm to avoid lengthy wait periods and maintain fan enthusiasm.', 'plausibility': 8}]}, 'themes': ['Character development', 'Plot elements', 'Nostalgia', 'Relationships', 'Theories']}"
Stranger Things spoiler free feelings share,https://www.reddit.com/r/television/comments/1q1ce9t/stranger_things_spoiler_free_feelings_share/,"Stranger Things!!! Not a review. Not a critique. Just a memory, told by someone who lived inside it. I from Bangladesh. I never rolled real dice around a dnd table, never sat with friends building worlds out of imagination. But the movie Jumanji planted a seed in me a love for the idea of adventure, of choosing a character, of becoming someone else for a while. I built some as well, carried those characters in my head, quietly, like secret friends. And then Stranger Things arrived at my teen… It",2026-01-01T19:18:07+00:00,kaggle,2026-01-02T08:07:23.085957,"{'sentiment': {'error': 'Could not parse response', 'raw': '{\n  ""sentiment"": ""positive"",\n  ""intensity"": 9,\n  ""key_emotion"": ""nostalgia"",\n  ""reasoning"": The user\'s sentimental and dreamy tone evokes a strong sense of nostalgia, as they reflect on how Stranger Things resonated with their own imagination and creativity from an early age.\n}'}, 'theory': [{'has_theory': True, 'theory_summary': ""The author's love for Jumanji influenced their appreciation for D&D and storytelling, which is reflected in their fondness for Stranger Things."", 'plausibility': 8}, {'has_theory': False, 'theory_summary': '', 'plausibility': None}], 'themes': ['Character Development', 'Nostalgia', 'Relationships', 'Imagination', 'Cinematography']}"
Disliked Stranger Things,https://www.reddit.com/r/television/comments/1q1bsnf/disliked_stranger_things/,"I’m not trying to pick a fight, but I truly disliked the vast majority of the Stranger Things series (I liked season 2 or 3 ok). I thought it was very dark and by dark I mean poorly lit. The story line was also very hard to follow and at times ridiculous. Since I watched the first 4 seasons, I made myself watch the last season as well as the series finale. It was equally disappointing. Am I the only person who thinks this? For context, I’m one of six people on earth who didn’t like Friends eithe",2026-01-01T18:55:02+00:00,kaggle,2026-01-02T08:07:23.086006,"{'sentiment': {'error': 'Could not parse response', 'raw': '{\n  ""sentiment"": ""negative"",\n  ""intensity"": 7,\n  ""key_emotion"": ""disappointment"",\n  ""reasoning"": The user expresses strong dislike for the series, citing its dark tone, poor lighting, confusing storyline, and ridiculous plot points, with no apology or attempt to soften their criticism.\n}'}, 'theory': {'error': 'Could not parse response', 'raw': '{\n  ""has_theory"": true,\n  ""theory_summary"": The fan theory is about a possible connection between the Upside Down and alternate dimensions in other Netflix shows, such as Lost and Black Mirror."",\n  ""plausibility"": 6\n}\n\n{\n  ""has_theory"": false,\n  ""theory_summary"": None mentioned.\n}'}, 'themes': ['Character development', 'Plot complexity', 'Visual style', 'Nostalgia', 'Relationship dynamics']}"
The 'Stranger Things' Finale - A Farewell to Monoculture?,https://www.reddit.com/r/television/comments/1q1bfwv/the_stranger_things_finale_a_farewell_to/,"There will obviously be plenty of differing opinions about the finale as people catch up, but no spoilers here. This is more about the significance of the end of the series.  As has been joked about endlessly, the world and our lives have changed dramatically since the show first premiered. Socially, we had not yet seen the full fragmentation of the media landscape. Breakout shows like Game of Thrones were rarer, but still existed as cultural “meeting places.” Stranger Things has lingered as a h",2026-01-01T18:40:54+00:00,kaggle,2026-01-02T08:07:23.086070,"{'sentiment': {'error': 'Could not parse response', 'raw': '{\n  ""sentiment"": ""positive"",\n  ""intensity"": 6,\n  ""key_emotion"": ""nostalgia"",\n  ""reasoning"": The tone is reflective and celebratory, acknowledging the show\'s impact on popular culture while also acknowledging the changes in society since its premiere.\n}'}, 'theory': {'error': 'Could not parse response', 'raw': '{\n  ""theories"": [\n    {\n      ""has_theory"": true,\n      ""theory_summary"": ""The finale\'s representation of the new generation growing up with diverse and globalized social media influences may be seen as a commentary on the changing nature of media consumption."",\n      ""plausibility"": 8\n    },\n    {\n      ""has_theory"": false,\n      ""theory_summary"": None,\n      ""plausibility"": null\n    }\n  ]\n}'}, 'themes': ['Character development', 'Plot elements', 'Nostalgia', 'Relationships', 'Theories']}"
"If someone enjoys a show you don't, it doesn't mean they have ""bad taste""",https://www.reddit.com/r/television/comments/1q192fz/if_someone_enjoys_a_show_you_dont_it_doesnt_mean/,"If someone enjoys a show/season of a show you didn't, it doesn't mean they have ""bad taste"" I'm watching people talk about Stranger Things season 5 on various platforms, and seeing things like those who like S5 are ""consuming slop"", have ""bad taste"" are ""easily entertained"", ""low standards"", or are ""defending an objectively bad season"" Even outside of S5 specifically, I see people ranking their seasons, and similarly judgemental comments about those who rank the seasons differently. The most dis",2026-01-01T17:06:31+00:00,kaggle,2026-01-02T08:07:23.086141,"{'sentiment': {'error': 'Could not parse response', 'raw': '{\n  ""sentiment"": ""negative"",\n  ""intensity"": 8,\n  ""key_emotion"": ""frustration"",\n  ""reasoning"": The discussion is negative towards people who criticize or judge others for enjoying certain aspects of Stranger Things, and the language used expresses a sense of frustration with the perceived lack of understanding and acceptance.'}, 'theory': [{'has_theory': True, 'theory_summary': 'Some fans believe that Stranger Things creator Matt Duffer has a personal vendetta against certain characters or storylines, leading to inconsistencies and plot holes in later seasons.', 'plausibility': 6}, {'has_theory': True, 'theory_summary': 'Fans speculate that the Upside Down is not just a supernatural realm but also a metaphor for the darker aspects of human nature and the consequences of playing with forces beyond human control.', 'plausibility': 8}], 'themes': ['Character development', 'Plot elements', 'Nostalgia', 'Relationships', 'Theories']}"
"Stranger Things is made for Casual Viewers Only, not for Serious Fantasy Lovers, and I have made my peace with it!!",https://www.reddit.com/r/television/comments/1q15z4m/stranger_things_is_made_for_casual_viewers_only/,"This show has more plot holes than a honeycomb and Duffer Brothers didn't care about filling those for even a moment. The ending was like wrapping up an unfinished roll without the proper stuffing just to make it pretty from the outside. I would have accepted this ending if only the plot lines were explained clearly and the origin stories were clear. I have even seen the whole detailed summary of the play of origin story and still plot holes just keep piling up. Biggest one being, when the hell ",2026-01-01T14:54:47+00:00,kaggle,2026-01-02T08:07:23.086200,"{'sentiment': {'error': 'Could not parse response', 'raw': '{\n    ""sentiment"": ""negative"",\n    ""intensity"": 8,\n    ""key_emotion"": ""frustration"",\n    ""reasoning"": The user expresses strong frustration with the show\'s plot holes and unclear explanations, which detract from their overall enjoyment of the series.\n}'}, 'theory': {'error': 'Could not parse response', 'raw': '{\n  ""0"": {\n    ""has_theory"": true,\n    ""theory_summary"": ""Some fans speculate that Eleven\'s powers are a result of government experiments gone wrong, leading to a conspiracy theory about the origins of her abilities."",\n    ""plausibility"": 6\n  },\n  ""1"": {\n    ""has_theory"": true,\n    ""theory_summary"": ""Some viewers believe that the Demogorgon is an ancient monster from another dimension or realm, which was brought into Hawkins by supernatural events."",\n    ""plausibility"": 8\n  },\n  ""2"": {\n    ""has_theory"": false,\n    ""theory_summary"": None,\n    ""plausibility"": 0\n  }\n}'}, 'themes': ['Character development', 'Plot elements', 'Nostalgia']}"
There May Never Be Another Show Like ‘Stranger Things’,https://www.reddit.com/r/television/comments/1q14mex/there_may_never_be_another_show_like_stranger/,        submitted by    /u/mrnicegy26   [link]   [comments] ,2026-01-01T13:49:46+00:00,kaggle,2026-01-02T08:07:23.086259,"{'sentiment': {'sentiment': 'positive', 'intensity': 9, 'key_emotion': 'nostalgia', 'reasoning': ""The sentiment is positive because the author expresses admiration and appreciation for the show's uniqueness.""}, 'theory': {'has_theory': True, 'theory_summary': ""Some fans speculate that Eleven may not be the original 'Eleven' from the alternate dimension, but rather a vessel for her memories and experiences."", 'plausibility': 6}, 'themes': ['character development', 'plot twists', 'nostalgia', 'relationships', 'theories']}"
Stranger Things and Stephen King,https://www.reddit.com/r/television/comments/1q13nuv/stranger_things_and_stephen_king/,"First things first: Stranger Things has been an epic show. epic ending. no notes. But... Are there any other Stephen King fans who initially assumed the show was an adaptation of a King novel you never read? It's basically Dreamcatcher, Carrie, IT, Stand By Me, Firestarter and Under the Dome all rolled into one awesome story. It's kind of impressive when you think about it.    submitted by    /u/miracolloway411   [link]   [comments]",2026-01-01T12:59:11+00:00,kaggle,2026-01-02T08:07:23.086310,"{'sentiment': {'error': 'Could not parse response', 'raw': '{\n  ""sentiment"": ""positive"",\n  ""intensity"": 8,\n  ""key_emotion"": ""impressed"",\n  ""reasoning"": The user expresses admiration for the show\'s epic storyline and its combination of multiple Stephen King novels, showcasing a sense of impressed wonder.'}, 'theory': {'error': 'Could not parse response', 'raw': '{\n  "" theories"": [\n    {\n      ""has_theory"": true,\n      ""theory_summary"": Fans initially assumed Stranger Things was an adaptation of multiple Stephen King novels, combining elements from Dreamcatcher, Carrie, IT, Stand By Me, Firestarter, and Under the Dome."",\n      ""plausibility"": 8\n    }\n  ]\n}'}, 'themes': ['Character development', 'Plot elements', 'Nostalgia', 'Relationships', 'Theories']}"
Stranger things finale was good stop review bombing,https://www.reddit.com/r/television/comments/1q10g5i/stranger_things_finale_was_good_stop_review/,"Don’t get me wrong it’s not a 10/10 or even a 9/10 but it’s a good send off to the show it had some issue and they basically killed no one and final fight was a bit quick but this was not at all game of thrones. The show is buy no means ruined and the criticisms are valid but stop spamming 1/10 reviews this my no means was terrible, just a bit disappointing     submitted by    /u/Impossible_Adagio367   [link]   [comments]",2026-01-01T09:36:39+00:00,kaggle,2026-01-02T08:07:23.086355,"{'sentiment': {'error': 'Could not parse response', 'raw': '{\n  ""sentiment"": ""positive"",\n  ""intensity"": 6,\n  ""key_emotion"": ""frustrated"",\n  ""reasoning"": The reviewer expresses some disappointment with the finale, but frames it as a valid criticism rather than an overly negative assessment, and praises the show\'s overall quality.'}, 'theory': {'has_theory': False, 'theory_summary': None, 'plausibility': 0}, 'themes': ['Character development', 'Plot elements', 'Nostalgia']}"
Stranger Things Ending,https://www.reddit.com/r/television/comments/1q0z281/stranger_things_ending/,"I haven’t seen a post or comment thread really discussing this yet. At the end of the credits it pans out to a book titled ‘Stranger Things Players Manual’, a tabletop version of stranger things. Is this trying to imply that what Mike said about wanting to tell stories eventually turned into him writing a DND like tabletop game based off his own personal experience, and the show we’ve been watching seasons 1 - 5 are an adaptation of said game? Or am I reading way to much into this, I’d love to h",2026-01-01T08:02:07+00:00,kaggle,2026-01-02T08:07:23.086409,"{'sentiment': {'error': 'Could not parse response', 'raw': '{\n  ""sentiment"": ""positive"",\n  ""intensity"": 8,\n  ""key_emotion"": ""excitement"",\n  ""reasoning"": The user is enthusiastic and engaged in the discussion, showing excitement about the potential meaning behind the ""Stranger Things Players Manual"" and its connection to the show\'s narrative.\n}'}, 'theory': {'has_theory': True, 'theory_summary': ""The Stranger Things Players Manual may imply that the show is based on Mike's personal experience and was adapted from a tabletop game"", 'plausibility': 8}, 'themes': ['character development', 'plot elements', 'narrative theory', 'nostalgia', 'game representation']}"
what will be netflix’s next flagship show now that stranger things has ended?,https://www.reddit.com/r/television/comments/1q0y4l3/what_will_be_netflixs_next_flagship_show_now_that/,"stranger things has been one of netflix’s biggest hits, alongside squid game. but with both shows now concluded, it makes me wonder—what’s next for netflix? what series is going to take over as their main flagship show? before wednesday season 2 came out, i genuinely thought that might be it. season 1 was everywhere and completely dominated pop culture. but season 2 didn’t have the same impact—it barely made any noise, and i’ve seen people say they didn’t even realize it had already been release",2026-01-01T07:00:57+00:00,kaggle,2026-01-02T08:07:23.086493,"{'sentiment': {'error': 'Could not parse response', 'raw': '{\n    ""sentiment"": ""mixed"",\n    ""intensity"": 6,\n    ""key_emotion"": ""curiosity"",\n    ""reasoning"": The discussion expresses a mix of emotions, ranging from curiosity about Netflix\'s next flagship show to disappointment with the underwhelming impact of Season 2.\n}'}, 'theory': {'error': 'Could not parse response', 'raw': '{\n  ""0"": {\n    ""has_theory"": false,\n    ""theory_summary"": null,\n    ""plausibility"": 0\n  },\n  ""1"": {\n    ""has_theory"": true,\n    ""theory_summary"": The next flagship show might be a new sci-fi series to continue Netflix\'s success in the genre, similar to Stranger Things.\n    ""plausibility"": 6\n  },\n  ""2"": {\n    ""has_theory"": true,\n    ""theory_summary"": One possible candidate for the next flagship show is a show like Squid Game, which has also been extremely successful and has room for further storytelling.\n    ""plausibility"": 8\n  }\n}'}, 'themes': ['character development', 'nostalgia', 'relationships', 'cultural impact', 'pop culture']}"
What mainstream (or well big) shows had the best an most satisfying ending to a series ?,https://www.reddit.com/r/television/comments/1q0xf75/what_mainstream_or_well_big_shows_had_the_best_an/,"With stranger things being a huge show that’s ending, and the general audience feeling kinda mixed on season 5 and the ending , I feel like most big shows like this typically end on a mixed or bad note (I could be wrong ). But what main stream shows had the best ending ?     submitted by    /u/JakeTiny19   [link]   [comments]",2026-01-01T06:15:40+00:00,kaggle,2026-01-02T08:07:23.086535,"{'sentiment': {'error': 'Could not parse response', 'raw': '{\n  ""sentiment"": ""mixed"",\n  ""intensity"": 6,\n  ""key_emotion"": ""skeptical"",\n  ""reasoning"": The discussion is skeptical of the common trend that big shows end on a mixed or bad note, but also acknowledges the mixed feelings towards Stranger Things\' Season 5 ending.'}, 'theory': {' theories': [{'has_theory': True, 'theory_summary': ""Some fans speculate that Stranger Things' ending was intentionally rushed to set up the next season, leaving a cliffhanger."", 'plausibility': 6}]}, 'themes': ['character development', 'plot elements', 'n nostalgia']}"
"Stranger things finale: Loved it, haters gonna hate.",https://www.reddit.com/r/television/comments/1q0uyfi/stranger_things_finale_loved_it_haters_gonna_hate/,"Wrong sub— but I can’t post in the Stranger things sub (even though I literally did nothing wrong) so this will have to do I was very surprised by the whole season, I thought it was gonna suck, but it really didn’t. Not as good as 1,2 and 4 but definitely better than 3. What drags it down to me is just the fact that the kids are too old now to be convincing in their roles, but that’s the fault of the creators for waiting too long Will’s coming out scene is so good. No, they’re not trying to push",2026-01-01T03:47:24+00:00,kaggle,2026-01-02T08:07:23.086606,"{'sentiment': {'error': 'Could not parse response', 'raw': '{\n    ""sentiment"": ""positive"",\n    ""intensity"": 7,\n    ""key_emotion"": ""enthusiasm"",\n    ""reasoning"": The user expresses their love for the season despite some criticisms, indicating a strong positive sentiment towards the finale.\n}'}, 'theory': {'theories': [{'has_theory': True, 'theory_summary': ""Some fans speculate that Eleven's past and her connection to the Upside Down are more complex than previously shown."", 'plausibility': 7}, {'has_theory': False, 'theory_summary': '', 'plausibility': 0}]}, 'themes': ['Character Development', 'Plot Elements', 'Relationships', 'Nostalgia', 'Theories']}"
"Netflix Crashes as ‘Stranger Things’ Finale Premieres, Second Time This Season",https://www.reddit.com/r/television/comments/1q0s3qr/netflix_crashes_as_stranger_things_finale/,        submitted by    /u/MarvelsGrantMan136   [link]   [comments] ,2026-01-01T01:06:07+00:00,kaggle,2026-01-02T08:07:23.086665,"{'sentiment': {'sentiment': 'negative', 'intensity': 4, 'key_emotion': 'frustration', 'reasoning': ""The user's comment about Netflix crashing during the premiere of the 'Stranger Things' finale expresses frustration with the technical issues that disrupted their viewing experience.""}, 'theory': {'theory1': {'has_theory': True, 'theory_summary': ""The finale's crash may be a metaphor for the characters' emotional collapse after resolving the Mind Flayer threat."", 'plausibility': 6}, 'theory2': {'has_theory': False}}, 'themes': []}"
"Stranger Things - 5x08 - “Chapter Eight: The Rightside Up"" - Episode Discussion",https://www.reddit.com/r/television/comments/1q0s0pd/stranger_things_5x08_chapter_eight_the_rightside/,Stranger Things Season 5 Episode 8: Chapter Eight: The Rightside Up Directed by: The Duffer Brothers Written by: The Duffer Brothers    submitted by    /u/NicholasCajun   [link]   [comments],2026-01-01T01:01:20+00:00,kaggle,2026-01-02T08:07:23.086730,"{'sentiment': {'error': 'Could not parse response', 'raw': '{""sentiment"": ""positive"", ""intensity"": 6, ""key_emotion"": ""excitement"", ""reasoning"": The discussion is enthusiastic and optimistic about the latest episode of Stranger Things, with users eagerly sharing their thoughts and reactions to the episode\'s plot twists and character developments.}'}, 'theory': {' theories': [{'has_theory': True, 'theory_summary': 'The Upside Down is actually a parallel dimension created by the negative emotions of humanity, not just a supernatural realm.', 'plausibility': 8}, {'has_theory': True, 'theory_summary': ""Eleven's powers are fueled by her emotional connection to her mother and the trauma she experienced in the lab."", 'plausibility': 9}, {'has_theory': False}]}, 'themes': ['Character Development', 'Plot Twist', 'Nostalgia', 'Relationship Dynamics', 'Theories']}"
Stranger Things falloff is as big as GoT it was just more gradual,https://www.reddit.com/r/television/comments/1q0od39/stranger_things_falloff_is_as_big_as_got_it_was/,"I don’t know if I had as much hype with Stranger Things as I did with GoT, but the quality of later episodes is similar. Everything feels like a rush to tie up things with no clear plot progression. The Holly character just said “why does it have to make sense”. The quality drop off in GoT was a steep decline which made people up-in-arms. I think Stranger Things from S1-present is comparable but people are less annoyed because the seasons in between gradually led to this poor quality. side rant:",2025-12-31T21:51:06+00:00,kaggle,2026-01-02T08:07:23.086783,"{'sentiment': {'error': 'Could not parse response', 'raw': '{\n  ""sentiment"": ""mixed"",\n  ""intensity"": 6,\n  ""key_emotion"": ""frustration"",\n  ""reasoning"": The user expresses mixed emotions, with frustration towards the perceived decline in quality of Stranger Things compared to Game of Thrones.\n}'}, 'theory': [{'has_theory': True, 'theory_summary': ""The show's decline in quality is a result of pacing issues and rushed plot resolution."", 'plausibility': 8}, {'has_theory': False, 'theory_summary': '', 'plausibility': 0}, {'has_theory': True, 'theory_summary': ""The show's gradual decline in quality is due to the lack of clear plot progression and character development."", 'plausibility': 9}], 'themes': ['Character Development', 'Plot Elements', 'Nostalgia', 'Relationships', 'Theories']}"
Why are people saying because Stranger Things gets a lot of viewership it is a show beyond criticism or reproach?,https://www.reddit.com/r/television/comments/1q057ws/why_are_people_saying_because_stranger_things/,"So because it gets views, all the issues people point out are null and void?    submitted by    /u/JannTosh70   [link]   [comments]",2025-12-31T05:41:55+00:00,kaggle,2026-01-02T08:07:23.086826,"{'sentiment': {'sentiment': 'negative', 'intensity': 6, 'key_emotion': 'defensiveness', 'reasoning': 'The user expresses skepticism about the idea that high viewership automatically renders a show immune to criticism or reproach.'}, 'theory': {'error': 'Could not parse response', 'raw': '{\n  ""has_theory"": false,\n  ""theory_summary"": None,\n  ""plausibility"": 0\n}'}, 'themes': ['Character development', 'Plot inconsistencies', 'Cinematography as atmosphere', 'Nostalgia factor', 'Theories and fan interpretation']}"
"‘Stranger Things 5’ Hits 34.5 Million Views After Volume 2 Drops, Helping Netflix to Its Best Christmas Viewership Ever",https://www.reddit.com/r/television/comments/1pzs5i8/stranger_things_5_hits_345_million_views_after/,        submitted by    /u/MarvelsGrantMan136   [link]   [comments] ,2025-12-30T20:01:18+00:00,kaggle,2026-01-02T08:07:23.086884,"{'sentiment': {'error': 'Could not parse response', 'raw': '{\n  ""sentiment"": ""positive"",\n  ""intensity"": 8,\n  ""key_emotion"": ""excitement"",\n  ""reasoning"": The text expresses enthusiasm and excitement about Stranger Things\' viewership numbers, indicating a positive sentiment towards the show\'s success.'}, 'theory': [{'has_theory': False, 'theory_summary': '', 'plausibility': 0}, {'has_theory': False, 'theory_summary': '', 'plausibility': 0}], 'themes': []}"
"Stranger Things Actor Insists 'There's No Secret Snyder Cut of the Show' as Over 350,000 Sign Calling for Release of Supposed Season 5 Vol. 2 'Unseen Footage'",https://www.reddit.com/r/television/comments/1pzqxfk/stranger_things_actor_insists_theres_no_secret/,        submitted by    /u/NoNefariousness2144   [link]   [comments] ,2025-12-30T19:14:15+00:00,kaggle,2026-01-02T08:07:23.086944,"{'sentiment': {'error': 'Could not parse response', 'raw': '{\n  ""sentiment"": ""mixed"",\n  ""intensity"": 6,\n  ""key_emotion"": ""excitement"",\n  ""reasoning"": The discussion has a mix of excitement and skepticism surrounding the supposed Snyder Cut of Stranger Things, with many fans expressing enthusiasm for potential unseen footage, but also some criticism towards the show\'s creators.\n}'}, 'theory': {'error': 'Could not parse response', 'raw': '{\n    ""has_theory"": true,\n    ""theory_summary"": Fans speculate about a possible alternate season 5 episode with unseen footage, potentially related to the Snyder Cut of the DC Extended Universe, which some believe might be connected to Stranger Things."",\n    ""plausibility"": 4\n}'}, 'themes': ['Character development', 'Plot elements', 'Relationships']}"
"Eleven, Stranger Things",https://www.reddit.com/r/television/comments/1pzn442/eleven_stranger_things/,"I want to emphasize, I DO NOT CARE WHAT THE ACTOR MILLIE DOES IN HER PRIVATE LIFE. Whatever surgeries, injections she will have i do not care. I do NOT mean to bully her at all, I just have genuine questions - whether the alterations she did to her face suit her or not are not my concerns at all!!! Now that we cleared that up…how? I mean when playing someone from the 80s, surely you gotta look like you are from there, how can you ruin that for the LAST season? Putting her in a slickback just mad",2025-12-30T16:51:38+00:00,kaggle,2026-01-02T08:07:23.087009,"{'sentiment': {'error': 'Could not parse response', 'raw': '{\n  ""sentiment"": ""negative"",\n  ""intensity"": 6,\n  ""key_emotion"": ""disapproval"",\n  ""reasoning"": The author expresses disapproval and frustration towards Millie Bobby Brown\'s appearance changes, but their tone is more playful than malicious.\n}'}, 'theory': {'error': 'Could not parse response', 'raw': '{\n    ""has_theory"": true,\n    ""theory_summary"": The user thinks Millie Bobby Brown\'s face changes affect her portrayal of Eleven and ruined her 80s look.\n    ""plausibility"": 4\n}'}, 'themes': ['Character Development', 'Cinematography', 'Music', 'Relationships', 'Nostalgia']}"
Stranger Things is the only show i’ve ever really liked,https://www.reddit.com/r/netflix/comments/1q1mlhq/stranger_things_is_the_only_show_ive_ever_really/,I’ve never watched 1-2 episodes of any other show and this cast is just straight up perfect. this show was my favorite thing to watch of all time and it’s not even close. only time i cried while watching something finish. i’ll probably not watch a new show ever again    submitted by    /u/Consistent-Meeting87   [link]   [comments],2026-01-02T02:29:58+00:00,kaggle,2026-01-02T08:07:26.055859,"{'sentiment': {'error': 'Could not parse response', 'raw': '{\n  ""sentiment"": ""positive"",\n  ""intensity"": 9,\n  ""key_emotion"": ""ecstatic"",\n  ""reasoning"": The user expresses extreme enthusiasm and admiration for the show, using phrases like ""straight up perfect"" and stating it\'s their all-time favorite, indicating an ecstatic sentiment.\n}'}, 'theory': {'has_theory': False, 'theory_summary': None, 'plausibility': 0}, 'themes': ['character development', 'nostalgia', 'relationship dynamics']}"
Jamie Campbell Bower,https://www.reddit.com/r/netflix/comments/1q1m0c6/jamie_campbell_bower/,"THE MAN THAT YOU ARE! While there were things I didn’t enjoy about season 5 of stranger things - he was a welcome acting masterclass! This show has some good acting but wow he absolutely smashed this role, especially last season!! I doubt he will but I would love to see some sort of award for it because he had me captivated!    submitted by    /u/Wild_Description8052   [link]   [comments]",2026-01-02T02:02:44+00:00,kaggle,2026-01-02T08:07:26.055921,"{'sentiment': {'error': 'Could not parse response', 'raw': '{""sentiment"": ""positive"", ""intensity"": 9, ""key_emotion"": ""admiration"", ""reasoning"": The user expresses strong admiration for Jamie Campbell Bower\'s performance in Stranger Things season 5, using enthusiastic language and stating that it was a ""welcome acting masterclass"".}'}, 'theory': {'has_theory': False, 'theory_summary': None, 'plausibility': 0}, 'themes': ['Character Development', 'Acting Performance', 'Nostalgia']}"
What would you have liked to see during the final season?,https://www.reddit.com/r/netflix/comments/1q1jzmc/what_would_you_have_liked_to_see_during_the_final/,"Caution: SPOILERS ahead! I'm one of many who feel that Stranger Things 5 was underwhelming. There were some decent moments and the finale was alright, but overall I feel that the whole season, including the finale, failed to live up to expectations. Yes, know this is partly a me problem, but there were also issues with pacing, lazy writing, and a feeling that the stakes weren't as high as they had been in previous seasons. I know I'm not alone in feeling this, and would love to know what others ",2026-01-02T00:31:06+00:00,kaggle,2026-01-02T08:07:26.056039,"{'sentiment': {'sentiment': 'negative', 'intensity': 8, 'key_emotion': 'disappointment', 'reasoning': 'The user expresses disappointment with the final season of Stranger Things, citing issues with pacing, writing, and stake level.'}, 'theory': [{'has_theory': True, 'theory_summary': ""Some fans speculate that Will's character development was hindered by the show's pacing issues."", 'plausibility': 6}, {'has_theory': False}], 'themes': ['Character Development', 'Plot Elements', 'Nostalgia', 'Relationships', 'Disappointment']}"
Netflix gift card,https://www.reddit.com/r/netflix/comments/1q1ioxw/netflix_gift_card/,"I don't have a Netflix account by wish to watch last season of stranger things. How do the gift cards work? We just want to get about 1 or 2 months worth just to watch stranger things, then delete Netflix.    submitted by    /u/Calm_B4_TheStorm   [link]   [comments]",2026-01-01T23:34:06+00:00,kaggle,2026-01-02T08:07:26.056090,"{'sentiment': {'error': 'Could not parse response', 'raw': '{""sentiment"": ""positive"", ""intensity"": 6, ""key_emotion"": ""excited"", ""reasoning"": The user is enthusiastic about watching Stranger Things and wants to use a gift card to do so, showing excitement about the show.}'}, 'theory': {'has_theory': False, 'theory_summary': None, 'plausibility': 0}, 'themes': ['Character development', 'Plot elements', 'Nostalgia']}"
Personally,https://www.reddit.com/r/netflix/comments/1q1h7an/personally/,"I loved Stranger Things. Sure, it had its imperfections, but it was such an incredible ride. The second half of the finale hit hard. The flashbacks - the nostalgia. The glimpses of the future for each of the characters we grew to love and connect with. I’m sad. I’ll miss it. Thank you Duffers! Over & Out     submitted by    /u/Few-Consequence2702   [link]   [comments]",2026-01-01T22:32:06+00:00,kaggle,2026-01-02T08:07:26.056141,"{'sentiment': {'error': 'Could not parse response', 'raw': '{\n  ""sentiment"": ""positive"",\n  ""intensity"": 8,\n  ""key_emotion"": ""nostalgia"",\n  ""reasoning"": The user expresses admiration and appreciation for the show, mentioning its imperfections but focusing on the positive aspects that evoked strong emotions like nostalgia.\n}'}, 'theory': {'has_theory': False, 'theory_summary': None, 'plausibility': None}, 'themes': ['character development', 'plot elements', 'nostalgia', 'relationships', 'theories']}"
Stranger Things has officially ended — or… has it?,https://www.reddit.com/r/netflix/comments/1q1gbmp/stranger_things_has_officially_ended_or_has_it/,"(Spoiler alert) When you look at the series through the lens of Dungeons & Dragons, the ending of Season 5 does not feel final. It feels less like the closing of a story and more like a party reaching the end of a campaign while the world around them keeps breathing. Start with the Mind Flayer. In Dungeons & Dragons it is not a god and not a cosmic ruler. It is one aberration among many, dangerous but not ultimate. The important detail is that it existed long before Henry entered Dimension X. Ve",2026-01-01T21:56:06+00:00,kaggle,2026-01-02T08:07:26.056248,"{'sentiment': {'error': 'Could not parse response', 'raw': '{\n  ""sentiment"": ""positive"",\n  ""intensity"": 7,\n  ""key_emotion"": ""hopeful"",\n  ""reasoning"": The sentiment is hopeful because the author suggests that the ending of Season 5 leaves room for further adventures and possibilities, implying a sense of ongoing narrative.\n}'}, 'theory': {'Theories': [{'has_theory': True, 'theory_summary': ""The Mind Flayer may be just one of many 'aberrations' from the Dungeons & Dragons universe, suggesting that there could be more supernatural threats in the Upside Down."", 'plausibility': 8}, {'has_theory': True, 'theory_summary': ""Henry's arrival in Dimension X may have been just a catalyst for events, implying that the Mind Flayer was already present and waiting for its next victim."", 'plausibility': 7}]}, 'themes': ['Character Development', 'Plot Elements', 'Nostalgia', 'Theories']}"
Stranger Things Series Finale: A Heartfelt Disappointment,https://www.reddit.com/r/netflix/comments/1q1euzo/stranger_things_series_finale_a_heartfelt/,"Stranger Things Season Finale: A Heartfelt Disappointment By: Jaivon Moore To cut to the chase, my thoughts on this finale were very... Let me choose my words wisely cause I know anything I say will get backlash, but besides that, it was... Heartfelt. But definitely a disappointment. In my eyes. The epilogue really carried this 8th episode on its back, but my goodness it was like every major problem I have with this show on steroids combined into one. The plot armor in this final episode was MAS",2026-01-01T20:56:46+00:00,kaggle,2026-01-02T08:07:26.056394,"{'sentiment': {'error': 'Could not parse response', 'raw': '{\n  ""sentiment"": ""mixed"",\n  ""intensity"": 7,\n  ""key_emotion"": ""disappointment"",\n  ""reasoning"": The discussion expresses mixed emotions, primarily disappointment, while acknowledging that the epilogue was a highlight and carried the episode, but also criticizing plot armor issues.\n}'}, 'theory': {'1': {'has_theory': True, 'theory_summary': ""Some fans speculate that the finale's handling of certain characters' deaths and plotlines were overly protective of the main cast, leading to a sense of 'plot armor' that detracted from the emotional impact of the conclusion."", 'plausibility': 6}, '2': {'has_theory': True, 'theory_summary': ""A popular fan theory suggests that the Upside Down is actually a representation of Hawkins' own dark past and trauma, with Eleven being the symbol of hope and resilience in the face of adversity."", 'plausibility': 8}, '3': {'has_theory': True, 'theory_summary': ""Some fans believe that Mike Wheeler's character arc was deliberately subverted by the showrunners to create a sense of closure for his character, rather than allowing him to grow and evolve as a person."", 'plausibility': 5}, '4': {'has_theory': True, 'theory_summary': ""A fan theory proposes that the Mind Flayer is actually a manifestation of Will Byers' own subconscious mind, created by his experiences in the Upside Down and his struggles with trauma."", 'plausibility': 9}}, 'themes': ['Character Development', 'Plot Armored Protagonists', 'Nostalgia Disappointment', 'Relationship Themes', 'Unresolved Plot Threads']}"
Stranger things latest episode was the most casual random Episode in my life i ever saw.,https://www.reddit.com/r/netflix/comments/1q1edbl/stranger_things_latest_episode_was_the_most/,"The show was great until 4th Season. I was waiting something crazy to happen in last season. Like 4th Season ending was Banger we were waiting something better , at least something that would explain more, last season should be more deep in terms of what was happening all this time. but wtf was that man? it was just too random everyone were safe no one died , its like to safe. I feel sad at the end too its not just like im hatting. But in general, it was one of the worst seasons in Tv show histo",2026-01-01T20:36:35+00:00,kaggle,2026-01-02T08:07:26.056454,"{'sentiment': {'error': 'Could not parse response', 'raw': '{\n  ""sentiment"": ""mixed"",\n  ""intensity"": 6,\n  ""key_emotion"": ""frustration"",\n  ""reasoning"": The user expresses mixed emotions about the latest season, feeling frustrated that it was too casual and lacking in depth, but also acknowledging that they are not hating on the show entirely.\n}'}, 'theory': [{'has_theory': False, 'theory_summary': None, 'plausibility': None}, {'has_theory': True, 'theory_summary': ""The author is frustrated with the lack of a clear explanation for the finale's events."", 'plausibility': 6}], 'themes': ['Character development', 'Plot elements', 'Nostalgia', 'Relationships', 'Theories']}"
Stranger things finale,https://www.reddit.com/r/netflix/comments/1q1dyxf/stranger_things_finale/,"Finale rating 5.5/10 vecna died so easily after so much build up with no losses on the good side or struggles. ZERO important characters deaths in 5 SEASONS. they couldn’t even be brave in the LAST episode. Season 5, the last season, is where they decided to shift focus on who previously were “side characters” or newly introduced ones instead of giving the spotlight to the ones that been in the show and connected with us the whole series. Screen times became a battle cuz of how much characters a",2026-01-01T20:20:21+00:00,kaggle,2026-01-02T08:07:26.056535,"{'sentiment': {'error': 'Could not parse response', 'raw': '{\n  ""sentiment"": ""mixed"",\n  ""intensity"": 7,\n  ""key_emotion"": ""frustrated"",\n  ""reasoning"": The user expresses frustration with certain aspects of the finale, such as the lack of character losses and the shift in focus to new characters, but also mentions some positive aspects like Vecna\'s demise.'}, 'theory': [{'has_theory': True, 'theory_summary': 'The finale rushed through important plot points and character arcs, prioritizing new characters over fan favorites.', 'plausibility': 8}, {'has_theory': True, 'theory_summary': ""The show's decision to not kill off major characters in the final season was a deliberate choice to shift focus away from core characters and build a new fanbase."", 'plausibility': 9}], 'themes': ['Character development', 'Plot twists', 'Lack of character sacrifice', 'Nostalgia for past characters', 'Overemphasis on new characters']}"
Finally Stranger things ended...,https://www.reddit.com/r/netflix/comments/1q1bvke/finally_stranger_things_ended/,"After being a fan of this show for almost 6 years, today it all concluded. I have followed every leak and made different theories, and it was all worth it. NGL, the final season, had its flaws, but in the end, everything was completed beautifully. Today, I am feeling very empty. I am not able to rewatch the finale, I am not able to express my feelings, and today I am very sad, and with the end of Stranger Things, now there is no other series left that I am as excited about as I was for Stranger ",2026-01-01T18:58:11+00:00,kaggle,2026-01-02T08:07:26.056583,"{'sentiment': {'error': 'Could not parse response', 'raw': '{\n  ""sentiment"": ""mixed"",\n  ""intensity"": 7,\n  ""key_emotion"": ""sadness"",\n  ""reasoning"": The overall sentiment is mixed due to a combination of satisfaction with the conclusion of the series and sadness at its conclusion, which is intensified by the loss of another favorite show.'}, 'theory': {'error': 'Could not parse response', 'raw': '{\n    ""has_theory"": true,\n    ""theory_summary"": None,\n    ""plausibility"": 1\n}\n\n{\n    ""has_theory"": false,\n    ""theory_summary"": None,\n    ""plausibility"": 1\n}'}, 'themes': ['character development', 'plot elements', 'nostalgia', 'relationships', 'theories']}"
"STRANGER THINGS FINALE, my disappointment.",https://www.reddit.com/r/netflix/comments/1q1bgkl/stranger_things_finale_my_disappointment/,"I just finished watching season 5, i'm gonna analyze a couple things about the Finale. So if you don't want any spoilers don't read this. First of all, let's start with Vecna/Henry. He gets thrown out of the window stopping the ritual, ok fine. Then he notices the kids actually escaped to he goes to hopper and you know the rest, wonderful plan, he retreats to Dimension X. Alright, then everyone takes AGES to reach the ""mindflayer"", in the meanwhile the kids run to the cave and finally Henry figh",2026-01-01T18:41:37+00:00,kaggle,2026-01-02T08:07:26.056636,"{'sentiment': {'error': 'Could not parse response', 'raw': '{\n  ""sentiment"": ""negative"",\n  ""intensity"": 8,\n  ""key_emotion"": ""disappointment"",\n  ""reasoning"": The user expresses disappointment with the finale, citing a specific plot point (Vecna/Henry\'s plan) as an example of their dissatisfaction.\n}'}, 'theory': {' theories': [{'has_theory': True, 'theory_summary': ""Vecna is actually a vessel for the Mind Flayer, and his 'death' was just a temporary setback."", 'plausibility': 8}, {'has_theory': True, 'theory_summary': ""The kids' escape from Vecna was orchestrated by Hopper to give himself time to prepare an alternate plan."", 'plausibility': 7}, {'has_theory': True, 'theory_summary': ""Eleven's powers are not just supernatural, but also a result of her connection to the Upside Down and its energy."", 'plausibility': 9}]}, 'themes': ['Character Development', 'Plot Elements', 'Nostalgia', 'Theories']}"
How did you find the ending of stranger things? Was it near to satisfaction?,https://www.reddit.com/r/netflix/comments/1q1a9ws/how_did_you_find_the_ending_of_stranger_things/,"Done with entire stranger things. Probably felt like getting just over with it. I don't know I was glued till season 3 and half of season 4 but season 5 nah, just wanted to get it over with. What about you?     submitted by    /u/Curious-Dingo-756   [link]   [comments]",2026-01-01T17:54:43+00:00,kaggle,2026-01-02T08:07:26.056680,"{'sentiment': {'error': 'Could not parse response', 'raw': '{""sentiment"": ""mixed"", ""intensity"": 6, ""key_emotion"": ""frustration"", ""reasoning"": The user expresses both satisfaction with the ending of seasons 3 and 4 but frustration with season 5, indicating a mixed emotional response to the final season.}'}, 'theory': {'has_theory': False, 'theory_summary': None, 'plausibility': None}, 'themes': ['Nostalgia', 'Character Development', 'Relationships', 'Theories']}"
What is your take on stranger things part 2 ?,https://www.reddit.com/r/netflix/comments/1q1a6dg/what_is_your_take_on_stranger_things_part_2/,After completing the part 1 .....I m literally confused whether to watch the 2 part or not keeping in the mind that they will for sure won't do justice to one of the main character's.    submitted by    /u/Massive_Wolf_4217   [link]   [comments],2026-01-01T17:50:51+00:00,kaggle,2026-01-02T08:07:26.056725,"{'sentiment': {'error': 'Could not parse response', 'raw': '{""sentiment"": ""mixed"", ""intensity"": 6, ""key_emotion"": ""hesitation"", ""reasoning"": The user expresses both excitement (completing part 1) and hesitation (concern about the sequel doing justice to a main character), indicating a mixed sentiment.}'}, 'theory': {'name': '/u/Massive_Wolf_4217', 'theories': [{'has_theory': True, 'theory_summary': 'The Upside Down is a government-created experiment gone wrong.', 'plausibility': 6}, {'has_theory': False}]}, 'themes': ['character development', 'plot twist', 'nostalgia', 'relationships', 'theory']}"
Gaten Matarazzo: “I don’t think I ever really want to put Stranger Things behind me”,https://www.reddit.com/r/netflix/comments/1q17wlz/gaten_matarazzo_i_dont_think_i_ever_really_want/,  submitted by    /u/Boring_Ant_1677   [link]   [comments],2026-01-01T16:18:37+00:00,kaggle,2026-01-02T08:07:26.056760,"{'sentiment': {'error': 'Could not parse response', 'raw': '{""sentiment"": ""positive"", ""intensity"": 8, ""key_emotion"": ""nostalgia"", ""reasoning"": Gaten Matarazzo\'s statement expresses a strong affection for the show and reluctance to move on from its nostalgic value.}'}, 'theory': {'has_theory': False, 'theory_summary': None, 'plausibility': None}, 'themes': ['Character development', 'Relationships', 'Nostalgia', 'Theories']}"
Spoiler Alert Stranger Things,https://www.reddit.com/r/netflix/comments/1q175wf/spoiler_alert_stranger_things/,"I think Mike knows for sure that El is dead, and he made that theory not to cope, but to say that she’s finally free—metaphorically. specially since hopper said that he should accept it, and i think he really just did.    submitted by    /u/loqiloki   [link]   [comments]",2026-01-01T15:46:54+00:00,kaggle,2026-01-02T08:07:26.056812,"{'sentiment': {'error': 'Could not parse response', 'raw': '{\n  ""sentiment"": ""positive"",\n  ""intensity"": 8,\n  ""key_emotion"": ""optimism"",\n  reasoning: The post expresses a hopeful and positive interpretation of Mike\'s character development, suggesting that he finds comfort in El\'s perceived freedom rather than despair.\n}'}, 'theory': {'has_theory': True, 'theory_summary': ""Mike accepts El's death as a way to free her metaphorically"", 'plausibility': 6}, 'themes': ['Character Development', 'Plot Elements', 'Relationships']}"
The problems with S5 E8 and S5 in general. We waited so many years and it felt so rushed.,https://www.reddit.com/r/netflix/comments/1q17151/the_problems_with_s5_e8_and_s5_in_general_we/,1. Vecna and the Mind Flayer were defeated way too easily. The kids and the military had a more difficult time with a pack of demogorgons and demo dogs than the 2 main bad guys. Speaking of demogorgons and demo dogs... where were they? My 9 year old son asked me where they were during the fight and I was like... oh yeah... what the hell? If he could figure it out right away why didn't the Duffers? Did they run out of budget or something? They could've had the rest of the gang fighting them while,2026-01-01T15:41:11+00:00,kaggle,2026-01-02T08:07:26.056966,"{'sentiment': {'error': 'Could not parse response', 'raw': '{\n  ""sentiment"": ""negative"",\n  ""intensity"": 8,\n  ""key_emotion"": ""frustration"",\n  ""reasoning"": The discussion expresses frustration with several aspects of the show\'s pacing, plot holes, and character development, leading to a overall negative sentiment.'}, 'theory': {'error': 'Could not parse response', 'raw': '{\n  ""theories"": [\n    {\n      ""has_theory"": true,\n      ""theory_summary"": The Duffer Brothers might have run out of budget to include all the characters and creatures in the final fight."",\n      ""plausibility"": 6\n    },\n    {\n      ""has_theory"": true,\n      ""theory_summary"": The demogorgons and demo dogs were easily explained away by the kids, implying that the Duffer Brothers might have been inconsistent with their world-building."",\n      ""plausibility"": 7\n    }\n  ]\n}'}, 'themes': ['Inconsistent pacing', 'Underdeveloped villains', 'Lack of detail in set design and creature appearances', 'Rushed plot progression', 'Disappointing use of Easter eggs']}"
"Stranger things finale, big moments and big questions. I can't stop thinking about what WASN'T in the finale.",https://www.reddit.com/r/netflix/comments/1q16vhz/stranger_things_finale_big_moments_and_big/,"This is far longer than expected. I'll put a TL;DR at the bottom. Overall, I enjoyed the finale, have to say Jamie as Henry/Vecna stood out, he absolutely killed it. There were a lot of amazing moments, but I can't shake the feeling that a lot was missing, it even felt rushed in some places and I'm left with a lot of questions. We saw zero demogorgons, demodogs or demobats in the finale, weird from a show that started with the demogorgon.  We didn't see the ""army"" Vecna showed Nancy in Season 4 ",2026-01-01T15:34:36+00:00,kaggle,2026-01-02T08:07:26.057105,"{'sentiment': {'error': 'Could not parse response', 'raw': '{\n  ""sentiment"": ""mixed"",\n  ""intensity"": 6,\n  ""key_emotion"": ""frustrated"",\n  ""reasoning"": The discussion starts with a sense of disappointment and frustration about what was not included in the finale, but then shifts to expressing enjoyment of specific moments and actors\' performances.\n}'}, 'theory': [{'has_theory': True, 'theory_summary': 'The show deliberately left out certain creatures and elements to maintain suspense and create a sense of mystery.', 'plausibility': 8}, {'has_theory': True, 'theory_summary': 'Some viewers believe the finale rushed through certain plot points, leaving many questions unanswered.', 'plausibility': 9}], 'themes': ['character development', 'plot elements and pacing', 'narrative omissions', 'relationships and character arcs', 'theories and unanswered questions']}"
Regarding Kali in Stranger things (spoilers),https://www.reddit.com/r/netflix/comments/1q1671g/regarding_kali_in_stranger_things_spoilers/,"I just feel they did Kali’s character dirty this season. The only two reasons i can think of that they brought her back was to kill someone so they wouldn’t have to kill anyone from the main group, and to close the gap about what happened to her after the show ended.     submitted by    /u/OdiseoX2   [link]   [comments]",2026-01-01T15:04:18+00:00,kaggle,2026-01-02T08:07:26.057153,"{'sentiment': {'error': 'Could not parse response', 'raw': '{""sentiment"": ""negative"", ""intensity"": 8, ""key_emotion"": ""betrayal"", ""reasoning"": The user expresses disappointment and feeling that Kali\'s character was treated unfairly by being brought back only for potentially violent or contrived plot purposes.}'}, 'theory': {'error': 'Could not parse response', 'raw': '{\n  ""has_theory"": true,\n  ""theory_summary"": The writers brought back Kali\'s character to kill an alternate victim and fill in gaps about her storyline post-series.\n  ""plausibility"": 6\n}'}, 'themes': ['Character Development', 'Plot Twist', 'Nostalgia', 'Relationships', 'Theories']}"
How Stranger Things should have ended,https://www.reddit.com/r/netflix/comments/1q163ql/how_stranger_things_should_have_ended/,The demos should have been there. A group of military should have saw the greater threat and helped the kids. Steve should’ve died in the end helping the kids escape the mind flayer. Henry should’ve realized he was being controlled and fought in his mind with the mind flayer and in the end telling Will to kill him while el fought the mind flayer. Will would kill henry before vecna takes control again. Dr kay is killed too and the few good military soldiers report back that el has died while she ,2026-01-01T15:00:31+00:00,kaggle,2026-01-02T08:07:26.057204,"{'sentiment': {'error': 'Could not parse response', 'raw': '{""sentiment"": ""negative"", ""intensity"": 8, ""key_emotion"": ""disappointment"", ""reasoning"": The discussion expresses dissatisfaction with the ending of Stranger Things, feeling that alternative scenarios could have led to more satisfying conclusions for beloved characters.}'}, 'theory': {'theories': [{'has_theory': True, 'theory_summary': 'Alternative ending where the kids work together with a group of military to defeat the Mind Flayer, leading to tragic sacrifices and a more satisfying conclusion.', 'plausibility': 6}, {'has_theory': True, 'theory_summary': 'Henry escaping his mental control by fighting the Mind Flayer in his mind, ultimately killing Henry before Vecna takes over again.', 'plausibility': 7}, {'has_theory': True, 'theory_summary': ""Will kills Henry out of self-preservation and to prevent Vecna's return, leading to a more heroic conclusion for Will."", 'plausibility': 8}, {'has_theory': True, 'theory_summary': 'Dr. Kay is killed in the battle against the Mind Flayer, adding an extra layer of tragedy to the story.', 'plausibility': 5}]}, 'themes': ['character development', 'plot twists', 'military involvement', 'alternative endings', 'theories']}"
Stranger things plot holes,https://www.reddit.com/r/netflix/comments/1q15dmj/stranger_things_plot_holes/,Why did Henry want the briefcase ? Did he know the briefcase had powers? Where the stone came from? Why the liquid stop melting in jancy scene ? How vecna didn’t know max was in the hospital for 2 years ? Where is max’s mother ?    submitted by    /u/rulesoptions   [link]   [comments],2026-01-01T14:26:31+00:00,kaggle,2026-01-02T08:07:26.057251,"{'sentiment': {'error': 'Could not parse response', 'raw': '{""sentiment"": ""negative"", ""intensity"": 7, ""key_emotion"": ""confusion"", ""reasoning"": The user expresses frustration and confusion with plot holes in the Stranger Things series, indicating a negative sentiment.""}'}, 'theory': {'error': 'Expecting value: line 14 column 23 (char 515)'}, 'themes': ['character development', 'plot elements', 'theories']}"
Did anyone also felt that stranger things ending made it similar to game of thrones ending.,https://www.reddit.com/r/netflix/comments/1q13j9k/did_anyone_also_felt_that_stranger_things_ending/,Both the series hyped the villain so much and then killed them without much effort or what should I say like it doesn't felt like a real tense fight. Just a thought     submitted by    /u/Neat-Lettuce-762   [link]   [comments],2026-01-01T12:51:48+00:00,kaggle,2026-01-02T08:07:26.057298,"{'sentiment': {'error': 'Could not parse response', 'raw': '{\n  ""sentiment"": ""negative"",\n  ""intensity"": 6,\n  ""key_emotion"": ""disappointment"",\n  ""reasoning"": The user expresses disappointment with the handling of the villain\'s death, feeling that it was not satisfying or tense enough.'}, 'theory': {'error': 'Could not parse response', 'raw': '{\n  ""has_theory"": true,\n  ""theory_summary"": The Stranger Things ending lacks a satisfying and intense battle with the villain, similar to Game of Thrones\' conclusion."",\n  ""plausibility"": 6\n}'}, 'themes': ['Character Development', 'Plot Twists', 'Villain Resolution', 'Nostalgia', 'Fan Theories']}"
Nostalagia!suck my big fat one🖕,https://www.reddit.com/r/netflix/comments/1q12all/nostalagiasuck_my_big_fat_one/,"Damnn ittt stranger things you have created a black hole inside my heart😭.watching the end has made me feel things things that I hate and also love.its the feelings of nostalgia cuz I relate to it.i have moved on even in my life.i am now in college ,I have left my hometown and all those feelings came back rushing back in. The ending brings you back to reality a world where the monsters are no longer there and each one of them go their own seperate ways and it sucks to not see them together.One k",2026-01-01T11:36:49+00:00,kaggle,2026-01-02T08:07:26.057382,"{'sentiment': {'error': 'Could not parse response', 'raw': '{\n  ""sentiment"": ""mixed"",\n  ""intensity"": 7,\n  ""key_emotion"": ""nostalgia"",\n  ""reasoning"": The discussion expresses a mix of strong emotional attachment (using phrases like \'black hole inside my heart\' and \'sucks to not see them together\') to the nostalgia evoked by the show\'s ending, but also acknowledges the bittersweet nature of nostalgia.\n}'}, 'theory': {'1': {'has_theory': False, 'theory_summary': None, 'plausibility': None}, '2': {'has_theory': False, 'theory_summary': None, 'plausibility': None}}, 'themes': ['Nostalgia', 'Character Development', 'Relationships']}"
Stranger Things finale felt… surprisingly calm (no spoilers),https://www.reddit.com/r/netflix/comments/1q11co4/stranger_things_finale_felt_surprisingly_calm_no/,"While most people were celebrating New Year’s, ST fans were up and about waiting for Episode 8. I started it the moment it dropped. I expected tears. I had the tissue box ready. I barely needed it. The finale isn’t bad at all, but it feels gentler and easier than I expected after ten years of buildup.  Curious how others felt. Did the calm ending work for you, or were you expecting something heavier? Here's a Link to full spoiler-light thoughts - https://medium.com/@fbgmb/spoiler-alert-9bbccf39f",2026-01-01T10:36:21+00:00,kaggle,2026-01-02T08:07:26.057453,"{'sentiment': {'error': 'Could not parse response', 'raw': '{\n    ""sentiment"": ""positive"",\n    ""intensity"": 8,\n    ""key_emotion"": ""relief"",\n    ""reasoning"": The overall tone of the discussion is positive, with a sense of relief that the finale delivered a calming conclusion after years of anticipation.\n}'}, 'theory': [{'has_theory': True, 'theory_summary': 'Fans speculated about the calm ending being a deliberate choice to subvert expectations and create a sense of closure, rather than following the typical traumatic finale trope.', 'plausibility': 6}], 'themes': ['character development', 'plot elements', 'music', 'relationships', 'nihilism']}"
Was “What’s in the Box?” A fake game show?,https://www.reddit.com/r/netflix/comments/1q0zc4s/was_whats_in_the_box_a_fake_game_show/,"Something felt a bit off about it. The dynamics, the personalities and the prizes were too perfect.  Then I see that the Laith(sp?) guy was an actor in the Stranger Things series finale, but a bit part where it wouldn’t be too obvious. I’m guessing all the other contestants have some connection to show biz in some way. So was it just a contrived 6 episode fake game show used as filler content and a promotion for multiple Netflix programs?    submitted by    /u/HehroMaraFara   [link]   [comments]",2026-01-01T08:20:45+00:00,kaggle,2026-01-02T08:07:26.057505,"{'sentiment': {'error': 'Could not parse response', 'raw': '{\n  ""sentiment"": ""negative"",\n  ""intensity"": 8,\n  ""key_emotion"": ""suspicion"",\n  ""reasoning"": The user expresses distrust towards the game show\'s perfection and suspects it was created as filler content for Netflix programs.\n}'}, 'theory': {'error': 'Could not parse response', 'raw': '{\n  ""has_theory"": true,\n  ""theory_summary"": The creators of Stranger Things might have included the fake game show ""What\'s in the Box?"" as a way to promote other Netflix shows and fill content, making it feel contrived.\n  ""plausibility"": 7\n}'}, 'themes': ['Nostalgia', 'Character Development', 'Plot Elements', 'Relationships', 'Theories']}"
New years Day celebration and who with?,https://www.reddit.com/r/netflix/comments/1q0zal4/new_years_day_celebration_and_who_with/,If you could spend your New year's Day with any 1 character from Stranger Things who would it be and why ? What would you also lose like to do? Your choice.    submitted by    /u/Hot-Slide-7305   [link]   [comments],2026-01-01T08:17:42+00:00,kaggle,2026-01-02T08:07:26.057552,"{'sentiment': {'error': 'Could not parse response', 'raw': '{""sentiment"": ""positive"", \n""intensity"": 6, \n""key_emotion"": ""nostalgia"", \n""reasoning"": The discussion is centered around spending New Year\'s Day with a character from Stranger Things, evoking a sense of nostalgia and fondness for the show.}'}, 'theory': {' theories': [{'has_theory': False, 'theory_summary': None, 'plausibility': 0}, {'has_theory': False, 'theory_summary': None, 'plausibility': 0}]}, 'themes': ['character development', 'plot elements', 'nostalgia']}"
Stranger Things Season 5 Episode Discussion Hub,https://www.reddit.com/r/StrangerThings/comments/1p7nrzq/stranger_things_season_5_episode_discussion_hub/,S05E01 - The Crawl S05E02 - The Vanishing of ... S05E03 - The Turnbow Trap S05E04 - Sorcerer SEASON 5 VOLUME 1 DISCUSSION S05E05 - Shock Jock S05E06 - Escape from Camazotz S05E07 - The Bridge  SEASON 5 VOLUME 2 DISCUSSION S05E08 - The Rightside Up SEASON 5 SERIES DISCUSSION  Netflix | IMDb | Discord    submitted by    /u/Hawkinns   [link]   [comments],2025-11-27T00:06:34+00:00,kaggle,2026-01-07T11:06:55.229473,"{'sentiment': {'error': 'Could not parse response', 'raw': '{\n  ""sentiment"": ""positive"",\n  ""intensity"": 8,\n  ""key_emotion"": ""excitement"",\n  ""reasoning"": The discussion is positive as fans excitedly share their thoughts and reactions to the latest episodes of Stranger Things, using enthusiastic language such as ""S05E01 - The Crawl"" and referencing specific episodes by number.'}, 'theory': {'fan_theories': [{'has_theory': True, 'theory_summary': ""The Mind Flayer is a manifestation of Hawkins' collective trauma and grief."", 'plausibility': 8}, {'has_theory': True, 'theory_summary': ""Eleven's powers are not just supernatural, but also tied to the scientific principles of quantum mechanics."", 'plausibility': 9}, {'has_theory': False}, {'has_theory': False}, {'has_theory': True, 'theory_summary': ""The Upside Down is a parallel dimension, but also a representation of Hawkins' own darker side."", 'plausibility': 8}, {'has_theory': True, 'theory_summary': ""The Shadow Monster is a symbol of the government's and science community's failures to understand and protect Hawkins."", 'plausibility': 9}]}, 'themes': ['character development', 'plot elements', 'nostalgia', 'relationships', 'theories']}"
Season 5 Series Discussion,https://www.reddit.com/r/StrangerThings/comments/1q0rtc2/season_5_series_discussion/,In this thread you can discuss the entirety of Season 5 without spoilers code. IF YOU HAVEN'T SEEN THE ENTIRE SEASON YET STAY AWAY!!! What did you like about it? What didn't you like? Favorite character this season?  Netflix | IMDb | Discord | Season 5 Discussion Hub    submitted by    /u/Hawkinns   [link]   [comments],2026-01-01T00:50:20+00:00,kaggle,2026-01-07T11:06:55.229659,"{'sentiment': {'error': 'Could not parse response', 'raw': '{\n  ""sentiment"": ""positive"",\n  ""intensity"": 6,\n  ""key_emotion"": ""enthusiasm"",\n  ""reasoning"": The discussion is overwhelmingly positive, indicating enthusiasm for the season and eagerness to share thoughts and opinions.\n}'}, 'theory': [{'has_theory': False, 'theory_summary': '', 'plausibility': 0}, {'has_theory': False, 'theory_summary': '', 'plausibility': 0}], 'themes': ['character development', 'plot twists', 'nostalgia', ' relationships', 'theories']}"
The Duffer Brothers when you ask them anything about the show they write,https://www.reddit.com/r/StrangerThings/comments/1q5ries/the_duffer_brothers_when_you_ask_them_anything/,"      I enjoyed the finale but I think they're not The Duffer Brothers from Season 1 to 4, ""That's not my Duffer Brothers."" Dialogues are corny, the upside down and Vecna battle is underwhelming and living everything for the audience to decide is lazy writing IMO and they didn't want to take risk in the finale and without risk the reward will be underwhelming. It's still a decent show but it had a potential to be with one of the greats.    submitted by    /u/ConsiderationTop9682   [link]   [comm",2026-01-06T19:00:03+00:00,kaggle,2026-01-07T11:06:55.231031,"{'sentiment': {'error': 'Could not parse response', 'raw': '{\n  ""sentiment"": ""mixed"",\n  ""intensity"": 6,\n  ""key_emotion"": ""disappointment"",\n  ""reasoning"": The user expresses disappointment with certain aspects of the finale, while also acknowledging that it\'s still a decent show.\n}'}, 'theory': [{'has_theory': True, 'theory_summary': 'The Duffer Brothers may not have been the same creative team from Seasons 1-4, suggesting a change in writing style or direction.', 'plausibility': 6}, {'has_theory': True, 'theory_summary': ""The finale's reliance on audience decision-making and the underwhelming Vecna battle may indicate a lack of risk-taking in the storytelling."", 'plausibility': 7}], 'themes': ['Character development', 'Plot elements', 'Nostalgia']}"
Does anyone else feel empty and unable to start a new show after the finale? 😕,https://www.reddit.com/r/StrangerThings/comments/1q5wqoc/does_anyone_else_feel_empty_and_unable_to_start_a/,"      Hello everyone. I came here today to talk about something I’ve been wondering about. Ever since I watched this show, and especially since I watched the final episode and realized it’s over, I haven’t felt like watching anything else. I don’t really feel like doing much of anything, either. I sometimes feel like watching something on YouTube, but I don’t feel like opening Netflix or any other streaming platform to start a new show. I think it’s because it feels like doing that would somehow",2026-01-06T22:07:59+00:00,kaggle,2026-01-07T11:06:55.231429,"{'sentiment': {'error': 'Could not parse response', 'raw': '{\n  ""sentiment"": ""mixed"",\n  ""intensity"": 6,\n  ""key_emotion"": ""nostalgia"",\n  ""reasoning"": The discussion starts with a sentimental tone, expressing a feeling of emptiness and nostalgia for the show after its finale.\n}'}, 'theory': [{'has_theory': True, 'theory_summary': 'The feeling of being unable to start a new show is due to the nostalgia and emotional investment in Stranger Things making the idea of moving on feel unappealing.', 'plausibility': 8}], 'themes': ['character development', 'nostalgia', 'plot elements', 'relationships', 'feeling of emptiness']}"
CM Punk on Stranger Things Finale,https://www.reddit.com/r/StrangerThings/comments/1q5zx3e/cm_punk_on_stranger_things_finale/,        submitted by    /u/RickDaltonCliffBooth   [link]   [comments] ,2026-01-07T00:13:23+00:00,kaggle,2026-01-07T11:06:55.231674,"{'sentiment': {'sentiment': 'positive', 'intensity': 8, 'key_emotion': 'excitement', 'reasoning': ""CM Punk's comments about the Stranger Things finale expressed enthusiasm and passion for the show.""}, 'theory': {'has_theory': False, 'theory_summary': None, 'plausibility': None}, 'themes': []}"
Stranger Things 5 Plot Hole Explained,https://www.reddit.com/r/StrangerThings/comments/1q5ib55/stranger_things_5_plot_hole_explained/,  submitted by    /u/Armpit_Penguin   [link]   [comments],2026-01-06T13:16:56+00:00,kaggle,2026-01-07T11:06:55.232410,"{'sentiment': {'error': 'Could not parse response', 'raw': '{""sentiment"": ""positive"", ""intensity"": 8, ""key_emotion"": ""excited"", ""reasoning"": User is enthusiastic about discussing and exploring plot holes in the popular show Stranger Things.}'}, 'theory': {'error': 'Could not parse response', 'raw': '{\n  ""has_theory"": true,\n  ""theory_summary"": The Upside Down is not a separate dimension, but rather a parallel universe created by the negative emotions of Hawkins, Illinois."",\n  ""plausibility"": 6\n}'}, 'themes': ['character development', 'plot inconsistencies', 'theories', 'nihilistic undertones', 'nostalgic atmosphere']}"
More BTS S5,https://www.reddit.com/r/StrangerThings/comments/1q5mh5f/more_bts_s5/,  submitted by    /u/shensternotfound   [link]   [comments],2026-01-06T16:00:05+00:00,kaggle,2026-01-07T11:06:55.232470,"{'sentiment': {'sentiment': 'positive', 'intensity': 8, 'key_emotion': 'excited', 'reasoning': ""The user's enthusiastic request for more BTS content in Season 5 indicates a strong positive sentiment.""}, 'theory': [{'has_theory': False}], 'themes': []}"
The one part of s5 worth watching repeatedly,https://www.reddit.com/r/StrangerThings/comments/1q5x0zk/the_one_part_of_s5_worth_watching_repeatedly/,In my opinion ... Will is awesome.     submitted by    /u/CuriousSection   [link]   [comments],2026-01-06T22:18:48+00:00,kaggle,2026-01-07T11:06:55.232648,"{'sentiment': {'error': 'Could not parse response', 'raw': '{""sentiment"": ""positive"", ""intensity"": 6, ""key_emotion"": ""enthusiastic"", ""reasoning"": The user expresses strong enthusiasm and admiration for the character Will in Season 5.}'}, 'theory': {'has_theory': False, 'theory_summary': None, 'plausibility': 0}, 'themes': ['Character Development', 'Nostalgia', 'Relationships']}"
Things you don't care about being flaws in S5?,https://www.reddit.com/r/StrangerThings/comments/1q67146/things_you_dont_care_about_being_flaws_in_s5/,"I know everyone is talking about all the flaws in S5, and while I'm not the biggest fan, I don't think it's the worst thing to ever come out. Here are things I saw people online talk so much about that I just didn't see as that big of an issue:  max graduating. Not that farfetched anyway, they could have her do special work during that year that qualified her to graduate.  Max's mom not making an appearance: she was never really important and hardly showed up for Max before her coma anyway. Plus",2026-01-07T05:34:31+00:00,kaggle,2026-01-07T11:06:58.556045,"{'sentiment': {'error': 'Could not parse response', 'raw': '{\n  ""sentiment"": ""mixed"",\n  ""intensity"": 6,\n  ""key_emotion"": ""mild frustration"",\n  ""reasoning"": The discussion expresses a mix of negative sentiment towards the perceived flaws in Stranger Things Season 5, but also provides counterpoints and defuses criticism with logical explanations.\n}'}, 'theory': {'error': 'Could not parse response', 'raw': '{\n  ""flaws"": {\n    ""max_graduating"": {\n      ""has_theory"": true,\n      ""theory_summary"": The show could have easily explained Max\'s accelerated graduation with special work, making it less of a plot hole.\n      ""plausibility"": 6\n    },\n    ""maxs_mom_appearance"": {\n      ""has_theory"": true,\n      ""theory_summary"": Max\'s mom wasn\'t crucial to the story and her absence was relatively minor.\n      ""plausibility"": 8\n    }\n  }\n}'}, 'themes': ['Character Development', 'Plot Elements', 'Nostalgia']}"
FULL song lists for Season 4 and Season 5?,https://www.reddit.com/r/StrangerThings/comments/1q66qjr/full_song_lists_for_season_4_and_season_5/,"Several years back some wonderful posters uploaded lists of every song in the first three seasons. And by every song I mean every song. Not just the score, not just the preexisting hit songs, but every single piece of music, in the order it appears, in each episode.  My search skills, honestly, suck. I've found lists aplenty for seasons four and five... lists of the hits songs, lists of the score cues, you name it. But I can't seem to find the kind of list I seek. Again, every single piece of mu",2026-01-07T05:18:52+00:00,kaggle,2026-01-07T11:06:58.556386,"{'sentiment': {'error': 'Could not parse response', 'raw': '{\n  ""sentiment"": ""negative"",\n  ""intensity"": 4,\n  ""key_emotion"": ""frustrated"",\n  ""reasoning"": The user expresses frustration with not being able to find a comprehensive song list for Season 4 and Season 5, despite finding numerous lists for the earlier seasons.\n}'}, 'theory': {' theories': [{'has_theory': True, 'theory_summary': ""Some fans speculate that the show's creator, Matt Duffer, might be using the song lists for Easter eggs or hidden clues about the storyline."", 'plausibility': 6}]}, 'themes': ['character development', 'plot elements', 'music', 'nostalgia', 'relationships']}"
I didn’t like the ending so I wrote a new one,https://www.reddit.com/r/StrangerThings/comments/1q66qao/i_didnt_like_the_ending_so_i_wrote_a_new_one/,"I didn’t like that the finale left a lot of things ambiguous and focused on Mikes grief rather than Hoppers. Honestly I don’t think anyone really needed to die because there have been enough people dying over the past seasons, and if they did then it would be harder to show everyone moving on in the epilogue. Here is a better final episode in my opinion: - Starts the same, Mike and Will scene on the tower could be improved (if in the last episode Will could have just come out to his fam instead ",2026-01-07T05:18:32+00:00,kaggle,2026-01-07T11:06:58.556555,"{'sentiment': {'error': 'Could not parse response', 'raw': '{\n  ""sentiment"": ""mixed"",\n  ""intensity"": 6,\n  ""key_emotion"": ""frustration"",\n  ""reasoning"": The sentiment is mixed because while the author expresses frustration with certain aspects of the finale, they also take it upon themselves to write an alternate ending, which suggests a passion and engagement with the show.\n}'}, 'theory': {' theories': [{'has_theory': True, 'theory_summary': ""Alternate ending where Hopper's death is not emphasized, with more focus on Mike and Will's reunion."", 'plausibility': 6}, {'has_theory': True, 'theory_summary': ""The finale should have explored the aftermath of people dying in previous seasons rather than focusing on Mike's grief."", 'plausibility': 8}]}, 'themes': ['character development', 'plot elements', 'nondisclosure agreements', 'theories']}"
Where to watch the Stranger Things: The First Shadow theater play.,https://www.reddit.com/r/StrangerThings/comments/1q66ihm/where_to_watch_the_stranger_things_the_first/,"Hi. Does anyone have or know the link to the YouTube video of the theater play Stranger Things: The First Shadow? I know it's (or it was) available on YouTube for some time, but now I can't find it now. And since I don't live in any city or even country where it was performed live, it's impossible for me to watch it, which I would really like to do.     submitted by    /u/Anabela1995   [link]   [comments]",2026-01-07T05:07:30+00:00,kaggle,2026-01-07T11:06:58.556671,"{'sentiment': {'error': 'Could not parse response', 'raw': '{""sentiment"": ""negative"", \n ""intensity"": 4, \n ""key_emotion"": ""frustration"", \n ""reasoning"": The user is expressing frustration and disappointment about not being able to find the YouTube video of the Stranger Things: The First Shadow theater play.}'}, 'theory': {'error': 'Could not parse response', 'raw': '{\n  ""has_theory"": false,\n  ""theory_summary"": None,\n  ""plausibility"": 0\n}'}, 'themes': []}"
HELP,https://www.reddit.com/r/StrangerThings/comments/1q66bli/help/,"OKAY, I'M GOING CRAZY, EVEN IF THE EPISODE OF STRANGER THINGS DOESN'T COME OUT TOMORROW, THEY HAVE TO DO IT, THEY'VE DONE IT SO BADLY THAT THE FANDOM HAS INVENTED THAT THEY WILL CREATE A NEW EPISODE, SUCH A MYTHICAL SERIES IT CAN'T BE SO HUMILIATING THE END DUFFER BROTHERS AT LEAST PRETEND THAT YOU HAVEN'T EATEN    submitted by    /u/isaa__bg   [link]   [comments]",2026-01-07T04:57:50+00:00,kaggle,2026-01-07T11:06:58.556759,"{'sentiment': {'error': 'Could not parse response', 'raw': '{\n  ""sentiment"": ""negative"",\n  ""intensity"": 9,\n  ""key_emotion"": ""frustration"",\n  ""reasoning"": The user expresses extreme frustration with the Duffer Brothers\' handling of Stranger Things, to the point of claiming they will create a new episode regardless of the original\'s release date.\n}'}, 'theory': {'error': 'Could not parse response', 'raw': '{\n  ""has_theory"": false,\n  ""theory_summary"": None,\n  ""plausibility"": 0\n}'}, 'themes': ['Character Development', 'Plot Elements', 'Relationships']}"
Sh-boom by the chords has been updated to have a stranger things cover on Spotify👀,https://www.reddit.com/r/StrangerThings/comments/1q66adx/shboom_by_the_chords_has_been_updated_to_have_a/,        submitted by    /u/nfstans   [link]   [comments] ,2026-01-07T04:56:13+00:00,kaggle,2026-01-07T11:06:58.556805,"{'sentiment': {'sentiment': 'positive', 'intensity': 6, 'key_emotion': 'excitement', 'reasoning': 'The user is sharing positive news about a Stranger Things cover being added to Spotify, which likely excites fans of the show.'}, 'theory': {'has_theory': False, 'theory_summary': None, 'plausibility': 0}, 'themes': ['Character Development', 'Nostalgia', 'Relationships', 'Cinematography']}"
Kali rant,https://www.reddit.com/r/StrangerThings/comments/1q669i8/kali_rant/,"So, I've been having this thought for the past few days ever since the finale and all I gotta say is I feel like Kali being brought back for season 5 was useless. Idk if this is a popular or unpopular opinion but at the end of the day I really saw no point in her being brought back. Especially because of the fact miss girl literally died so fast😭 like I feel like thoughout the season she didn't really do anything and was just ""there."" Her only purpose was to convince El that there would be no ha",2026-01-07T04:54:59+00:00,kaggle,2026-01-07T11:06:58.556841,"{'sentiment': {'error': 'Could not parse response', 'raw': '{\n  ""sentiment"": ""negative"",\n  ""intensity"": 8,\n  ""key_emotion"": ""frustration"",\n  ""reasoning"": The user expresses frustration with the decision to bring back Kali in season 5, feeling she didn\'t contribute much to the story and seemed pointless.\n}'}, 'theory': {'error': 'Could not parse response', 'raw': '{\n  ""has_theory"": true,\n  ""theory_summary"": The return of Kali in Season 5 had no significant impact on the plot, making her character feel useless and unutilized despite being brought back from the dead.\n  ""plausibility"": 6\n}'}, 'themes': ['character development', 'plot elements', 'nonsense', 'nostalgia', 'relationships']}"
I'm Impressed!,https://www.reddit.com/r/StrangerThings/comments/1q66985/im_impressed/,"For as much as I doubt that smth will happen tmr. The way you guys have found clues, and evidence make sense out of a, forgive me, a lazily written finale is just beautiful. I was struggling with dissatisfaction with how this show ended but in all honesty seeing a fandom create a whole new world of possibilities and reach so far into mainstream is honestly just impressive. This is swiftie level shit.  And that is coming from a swifitie. Who has lost her mind plenty of times.  But in a time of so",2026-01-07T04:54:36+00:00,kaggle,2026-01-07T11:06:58.556880,"{'sentiment': {'error': 'Could not parse response', 'raw': '{\n  ""sentiment"": ""positive"",\n  ""intensity"": 9,\n  ""key_emotion"": ""admiration"",\n  ""reasoning"": The user expresses admiration for the fandom\'s creativity and ability to create new possibilities, despite initial disappointment with the show\'s ending.\n}'}, 'theory': [{'has_theory': False, 'theory_summary': '', 'plausibility': 0}, {'has_theory': False, 'theory_summary': '', 'plausibility': 0}], 'themes': []}"
100%,https://www.reddit.com/r/StrangerThings/comments/1q668yb/100/,I guarantee that within a year there will be a stranger things continuation or spinoff    submitted by    /u/AdventurousAnt7015   [link]   [comments],2026-01-07T04:54:14+00:00,kaggle,2026-01-07T11:06:58.556907,"{'sentiment': {'sentiment': 'positive', 'intensity': 9, 'key_emotion': 'optimistic', 'reasoning': ""The user's strong confidence in a future Stranger Things continuation or spinoff is evident in their guarantee and enthusiastic tone.""}, 'theory': {'has_theory': True, 'theory_summary': 'There may be an additional Stranger Things continuation or spin-off announced within the next year.', 'plausibility': 6}, 'themes': ['Character development', 'Plot elements', 'Nostalgia']}"
Theory for what is actually dropping tomorrow.,https://www.reddit.com/r/StrangerThings/comments/1q667pc/theory_for_what_is_actually_dropping_tomorrow/,I think they are going to surprise drop a recording of the Broadway show: Stranger Things: First Shadow. It’ll be the surprise at the end of Netflix’s “What’s Coming Next” video tomorrow. Why?: - There are some teases of the number 7. That part is legit. The font of the Netflix announcement post is Stranger Things and the number 7 was on the dice in the credits roll. I think that part isn’t mass psychosis; there’s something there. - The Duffer Brothers and Netflix haven’t come out to derail the ,2026-01-07T04:52:28+00:00,kaggle,2026-01-07T11:06:58.556957,"{'sentiment': {'sentiment': 'positive', 'intensity': 6, 'key_emotion': 'excitement', 'reasoning': ""The user is enthusiastic about a potential surprise release of the Broadway show's recording, fueled by subtle hints and connections in previous episodes.""}, 'theory': {'error': 'Could not parse response', 'raw': '{\n  ""has_theory"": true,\n  ""theory_summary"": The author believes a surprise recording of the Broadway show ""Stranger Things: First Shadow"" will be dropped, possibly related to the number 7 and teases in previous content.\n  ""plausibility"": 6\n}'}, 'themes': ['character development', 'plot elements', 'nostalgia', 'relationships', 'theories']}"
stranger things mike debate,https://www.reddit.com/r/StrangerThings/comments/1pursgh/stranger_things_mike_debate/,        submitted by    /u/Adventurous_Put_1310   [link]   [comments] ,2025-12-24T16:52:05+00:00,kaggle,2026-01-07T11:07:01.324035,"{'sentiment': {'error': 'Could not parse response', 'raw': '{""sentiment"": ""mixed"", ""intensity"": 6, ""key_emotion"": ""enthusiastic"", ""reasoning"": The discussion is mixed due to a debate about Mike\'s character, with some users being enthusiastic and passionate about their opinions, while others seem less invested in the conversation.""}'}, 'theory': {'has_theory': False, 'theory_summary': None, 'plausibility': None}, 'themes': ['character development', 'plot twists', 'nostalgia', 'parental relationship dynamics', 'theories']}"
Thoughts on the Finale?,https://www.reddit.com/r/StrangerThings/comments/1q1323o/thoughts_on_the_finale/,      I'm seeing a lot of mixed opinions on the ending. But I think it was pretty fitting although bittersweet.    submitted by    /u/LeoDiCristio   [link]   [comments] ,2026-01-01T12:23:53+00:00,kaggle,2026-01-07T11:07:01.324272,"{'sentiment': {'error': 'Could not parse response', 'raw': '{\n  ""sentiment"": ""mixed"",\n  ""intensity"": 5,\n  ""key_emotion"": ""bittersweet"",\n  ""reasoning"": The user acknowledges mixed opinions on the ending but expresses a slightly positive sentiment, describing it as ""pretty fitting"" while also acknowledging its emotional impact.\n}'}, 'theory': {'Finale Discussion': {'has_theory': False, 'theory_summary': None, 'plausibility': 0}}, 'themes': ['Nostalgia', 'Character Development', 'Relationships']}"
The most consistent actors of the show,https://www.reddit.com/r/StrangerThings/comments/1q1ifix/the_most_consistent_actors_of_the_show/,      Jamie personally is probably the best actor but he was only on the show for two seasons so that’s why I’m not including him. But Caleb has been on for 5 and said 4. And damn each season they just get better. Season 4 Lucas took the spotlight and season 5 max was amazing. They were both amazing in each season but I think those were their best seasons. They absolutely killed it. Props to these two 🔥    submitted by    /u/I_kEeP_tHe_BlIcKy   [link]   [comments] ,2026-01-01T23:23:00+00:00,kaggle,2026-01-07T11:07:01.324482,"{'sentiment': {'error': 'Could not parse response', 'raw': '{""sentiment"": ""positive"", ""intensity"": 9, ""key_emotion"": ""excitement"", ""reasoning"": The user expresses enthusiasm and admiration for the actors, using enthusiastic language such as ""damn each season"" and ""props to these two 🔥"", indicating a strong positive sentiment.}'}, 'theory': [{'has_theory': False, 'theory_summary': None, 'plausibility': 0}, {'has_theory': False, 'theory_summary': None, 'plausibility': 0}], 'themes': ['Character Development', 'Plot Elements', 'Relationships']}"
"Jake Connelly says it was difficult to hide that he was filming Stranger Things 5. ""I actually told people I was working on a mayonnaise documentary.""",https://www.reddit.com/r/StrangerThings/comments/1po5k2u/jake_connelly_says_it_was_difficult_to_hide_that/,        submitted by    /u/StarforgeVoyager   [link]   [comments] ,2025-12-16T15:58:03+00:00,kaggle,2026-01-07T11:07:01.324545,"{'sentiment': {'error': 'Could not parse response', 'raw': '{\n  ""sentiment"": ""mixed"",\n  ""intensity"": 6,\n  ""key_emotion"": ""humor"",\n  ""reasoning"": The sentiment is mixed because Jake Connelly\'s statement has a lighthearted and humorous tone, but also touches on the seriousness of maintaining secrecy during filming.'}, 'theory': {'has_theory': False, 'theory_summary': None, 'plausibility': 0}, 'themes': ['character development', 'plot elements', 'cinematography', 'music', 'nostalgia']}"
Nancy wheeler S5 finale,https://www.reddit.com/r/StrangerThings/comments/1q0tcgr/nancy_wheeler_s5_finale/,"      She doesn’t play about Holly, I love her.    submitted by    /u/Bootswithefurr   [link]   [comments] ",2026-01-01T02:14:54+00:00,kaggle,2026-01-07T11:07:01.324818,"{'sentiment': {'error': 'Could not parse response', 'raw': '{\n  ""sentiment"": ""positive"",\n  ""intensity"": 6,\n  ""key_emotion"": ""affection"",\n  ""reasoning"": The user expresses admiration and fondness for the character of Holly Wheeler, indicating a strong positive sentiment towards the show\'s portrayal of her.'}, 'theory': {'has_theory': True, 'theory_summary': ""Fans speculate that Nancy Wheeler's affection for Eleven in the finale is more than just platonic and may be a sign of romantic interest."", 'plausibility': 7}, 'themes': []}"
Demodog,https://www.reddit.com/r/StrangerThings/comments/1pvrr0u/demodog/,"      First it was Stranger Thingsgiving and now Manger Things! Lillian is dressed for the occasion, as always.    submitted by    /u/oohsosleepy   [link]   [comments] ",2025-12-26T01:11:35+00:00,kaggle,2026-01-07T11:07:01.324886,"{'sentiment': {'error': 'Could not parse response', 'raw': '{""sentiment"": ""positive"", ""intensity"": 8, ""key_emotion"": ""humor"", ""reasoning"": The text uses playful puns and a lighthearted tone to poke fun at the show\'s title change from Stranger Things to something more holiday-oriented.}'}, 'theory': {'has_theory': False, 'theory_summary': None, 'plausibility': 0}, 'themes': []}"
Which is better: Game of Thrones vs Stranger Things,https://www.reddit.com/r/television/comments/1q65mu2/which_is_better_game_of_thrones_vs_stranger_things/,"So far, I've only seen Stranger Things, and it's my absolute favourite show, but a couple of my friends keep telling me to watch Game of Thrones, as it's the ""best show ever."" Is Game of Thrones worth watching, and does it trump Stranger Things?     submitted by    /u/wonkytreenut   [link]   [comments]",2026-01-07T04:23:52+00:00,kaggle,2026-01-07T11:07:06.453674,"{'sentiment': {'error': 'Could not parse response', 'raw': '{\n  ""sentiment"": ""mixed"",\n  ""intensity"": 4,\n  ""key_emotion"": ""skeptical"",\n  ""reasoning"": The discussion starts with a neutral tone, but the user\'s expressed love for Stranger Things and skepticism towards Game of Thrones indicates a generally negative sentiment.'}, 'theory': {'has_theory': False, 'theory_summary': None, 'plausibility': 0}, 'themes': ['character development', 'plot elements', 'nostalgia', 'relationships', 'theories']}"
Halfway through an initial watch of Stranger Things and confused - is this supposed to be prestige TV?,https://www.reddit.com/r/television/comments/1q61d9v/halfway_through_an_initial_watch_of_stranger/,"I’m halfway through season three. I’m enjoying it but - it feels maybe one degree more serious than Riverdale, both in story and production quality. After all the buzz I was expecting something higher quality.     submitted by    /u/third-second-best   [link]   [comments]",2026-01-07T01:14:03+00:00,kaggle,2026-01-07T11:07:06.453770,"{'sentiment': {'error': 'Could not parse response', 'raw': '{\n  ""sentiment"": ""mixed"",\n  ""intensity"": 6,\n  ""key_emotion"": ""disappointment"",\n  ""reasoning"": The user\'s positive sentiment towards the show is tempered by their initial disappointment and expectation of a higher quality product.'}, 'theory': [{'has_theory': False, 'theory_summary': None, 'plausibility': 0}, {'has_theory': False, 'theory_summary': None, 'plausibility': 0}], 'themes': ['character development', 'plot elements', 'cinematography', 'nostalgia', 'relationships']}"
"I don't know why anyone is baffled by ConformityGate (TM), fans are just doing exactly what the Stranger Things Finale told them to do.",https://www.reddit.com/r/television/comments/1q5zz8k/i_dont_know_why_anyone_is_baffled_by/,"Make up a crazy theory that doesn't make a lick of sense if that makes them feel better. Stranger things spoilers ahead. Like Mike's tale of Eleven's survival relies squarely on Kali, who is not exactly the mostly healthy teenage girl, who was shot in the gut way before the final battle against Vecna and the Mind flyer. For Mike's theory to work, Kali had to be still alive in the first place, conscious and being able to focus her powers, and on top of that, safe from from the explosives that Hop",2026-01-07T00:15:45+00:00,kaggle,2026-01-07T11:07:06.453851,"{'sentiment': {'error': 'Could not parse response', 'raw': '{\n  ""sentiment"": ""negative"",\n  ""intensity"": 6,\n  ""key_emotion"": ""frustration"",\n  ""reasoning"": The author expresses frustration with fans who dismiss theories as ""crazy"" and not engaging critically with the show\'s plot.\n}'}, 'theory': {'ConformityGate': {'has_theory': True, 'theory_summary': ""Some fans believe Eleven's survival relies on Kali still being alive and healthy enough to help Mike tell his tale."", 'plausibility': 6}, ""Kali's Survival"": {'has_theory': True, 'theory_summary': 'This theory suggests that Kali was somehow miraculously shot in the gut, survived, and remained conscious and capable of focusing her powers despite being exposed to explosives.', 'plausibility': 2}}, 'themes': ['Character Development', 'Plot Elements', 'Theories']}"
TV shows where an actor in a supporting or minor role ended up being the most famous actor in the cast.,https://www.reddit.com/r/television/comments/1q5ycmk/tv_shows_where_an_actor_in_a_supporting_or_minor/,"The first to come to mind would be Michael B. Jordan in The Wire. His character in season 1 left a pretty big impression, but I would still classify his role as more minor compared to a lot of the other actors. I'd argue that Jesse Plemons has had the strongest post Breaking Bad career, or at the very least he's picked the most interesting roles.  Pedro Pascal seems to be the actor that's career has benefitted the most from being on Game of Thrones. Narcos, The Mandalorian and The Last of Us hel",2026-01-06T23:09:45+00:00,kaggle,2026-01-07T11:07:06.453896,"{'sentiment': {'error': 'Could not parse response', 'raw': '{\n  ""sentiment"": ""positive"",\n  ""intensity"": 7,\n  ""key_emotion"": ""admiration"",\n  ""reasoning"": The discussion is filled with praise for actors who have leveraged their roles in supporting/minor TV shows to achieve fame and success, showcasing admiration for their career choices and performances.'}, 'theory': {'theories': [{'has_theory': True, 'theory_summary': ""Fans believe that Stranger Things may explore the alternate dimension 'The Upside Down' being connected to other popular sci-fi universes like Game of Thrones, The Last of Us, and even The Matrix."", 'plausibility': 6}, {'has_theory': True, 'theory_summary': ""Some speculate that Eleven's powers might be linked to the Demogorgon, with fans suggesting a possible connection between her abilities and those seen in other sci-fi shows like The Last of Us."", 'plausibility': 7}, {'has_theory': True, 'theory_summary': 'Fans have noticed that the Demodogs are similar to the Mind Flayers from The Last of Us, leading some to speculate about a possible connection between the two franchises.', 'plausibility': 8}]}, 'themes': ['Character Development', 'Nostalgia', 'Relationships', 'Career Opportunities', 'Plot Elements']}"
"‘Stranger Things 5’ Sets New Year’s Day Netflix Viewership Record With Finale, Enters Most Popular English TV list at No. 9 with 105.7 million total views",https://www.reddit.com/r/television/comments/1q5ucgp/stranger_things_5_sets_new_years_day_netflix/,        submitted by    /u/DemiFiendRSA   [link]   [comments] ,2026-01-06T20:41:02+00:00,kaggle,2026-01-07T11:07:06.453946,"{'sentiment': {'error': 'Could not parse response', 'raw': '{""sentiment"": ""positive"", ""intensity"": 8, ""key_emotion"": ""excitement"", ""reasoning"": The positive sentiment is driven by the news of a record-breaking viewership and high ranking on popular TV lists, evoking excitement among fans.}'}, 'theory': {'has_theory': False, 'theory_summary': None, 'plausibility': None}, 'themes': ['Character development', 'Nostalgia', 'Relationships', 'Theories', 'Cinematography']}"
Is it okay to expect more from great shows?,https://www.reddit.com/r/television/comments/1q5q2d8/is_it_okay_to_expect_more_from_great_shows/,"I want to start by saying this clearly: I liked these shows. Alice in Borderland, Stranger Things, Squid Game — they were engaging, memorable, and genuinely fun to watch. That’s exactly why their endings left me feeling a bit underwhelmed. For me, Alice in Borderland’s ending felt mid. Stranger Things was fine but expected more from it . Squid Game’s finale is good not fully satisfying, you's ending was good but not legendery and while I respect that reaction, it didn’t fully land for me. I know",2026-01-06T18:08:36+00:00,kaggle,2026-01-07T11:07:06.453990,"{'sentiment': {'error': 'Could not parse response', 'raw': '{\n  ""sentiment"": ""mixed"",\n  ""intensity"": 6,\n  ""key_emotion"": ""disappointment"",\n  ""reasoning"": The author expresses disappointment with the endings of the mentioned shows, but also acknowledges and appreciates their engaging qualities.\n}'}, 'theory': {'theory_1': {'has_theory': True, 'theory_summary': ""Some fans speculate that the Upside Down is a representation of Hawkins' darker aspects and Eleven's powers may be too great for the town to handle."", 'plausibility': 6}, 'theory_2': {'has_theory': False}, 'theory_3': {'has_theory': True, 'theory_summary': ""Fans believe that Eleven's powers are connected to her connection with Mike and the kids in Hawkins, making their bond crucial to saving the town."", 'plausibility': 8}}, 'themes': ['Character Development', 'Plot Elements', 'Nostalgia', 'Relationships']}"
"No, There’s No Secret ‘Stranger Things’ Episode 9 Tomorrow: Conformity Gate Isn’t Real",https://www.reddit.com/r/television/comments/1q5ntvc/no_theres_no_secret_stranger_things_episode_9/,        submitted by    /u/Sonichu-   [link]   [comments] ,2026-01-06T16:48:52+00:00,kaggle,2026-01-07T11:07:06.454033,"{'sentiment': {'error': 'Could not parse response', 'raw': '{""sentiment"": ""negative"", ""intensity"": 6, ""key_emotion"": ""frustration"", ""reasoning"": The discussion is negative as it addresses a claim that was likely spread by misinformation or fan theories, implying that fans were misled.""}'}, 'theory': {'has_theory': False, 'theory_summary': ""Conformity Gate is not a real 'episode' within the Stranger Things series"", 'plausibility': 10}, 'themes': []}"
"Stranger Things creators shut down the idea of a sequel series, saying it would be 'a gross cash grab'",https://www.reddit.com/r/television/comments/1q5htbb/stranger_things_creators_shut_down_the_idea_of_a/,        submitted by    /u/bwermer   [link]   [comments] ,2026-01-06T12:54:59+00:00,kaggle,2026-01-07T11:07:06.454078,"{'sentiment': {'error': 'Could not parse response', 'raw': '{\n  ""sentiment"": ""negative"",\n  ""intensity"": 6,\n  ""key_emotion"": ""disappointment"",\n  reasoning: The discussion expresses disappointment and frustration with the creators\' decision to cancel a potential sequel series.'}, 'theory': {'has_theory': False, 'theory_summary': None, 'plausibility': None}, 'themes': ['character development', 'plot elements', 'nostalgia']}"
"Duffer Brothers just officially confirmed there is one mysterious thing from the Stranger Things (and no, not the play, live-action spinoff, or the animated series)",https://www.reddit.com/r/television/comments/1q5310d/duffer_brothers_just_officially_confirmed_there/,"Here's the interview: https://youtu.be/qoyIdbhGg-E?si=M0FX9urpVYsz-ktJ&t=2733 It's not the animated series, or the spinoff, nor the play. One of the brothers got slightly annoyed due to the confirmation. It's not a video game adaptation. It's ""super rad"".    submitted by    /u/Equilibrium07   [link]   [comments]",2026-01-06T00:16:53+00:00,kaggle,2026-01-07T11:07:06.454117,"{'sentiment': {'error': 'Could not parse response', 'raw': '{\n  ""sentiment"": ""positive"",\n  ""intensity"": 6,\n  ""key_emotion"": ""excitement"",\n  ""reasoning"": The discussion expresses enthusiasm and excitement about the confirmation of a new, unannounced Stranger Things project, indicated by words like ""super rad"" and an overall positive tone.'}, 'theory': [{'has_theory': True, 'theory_summary': 'There is a mysterious Stranger Things project that has been confirmed, but its nature and details remain unknown.', 'plausibility': 6}], 'themes': ['Character development', 'Plot elements', 'Nostalgia', 'Relationships', 'Theories']}"
Did Stranger Things over-explain the Upside Down?,https://www.reddit.com/r/television/comments/1q4zqvo/did_stranger_things_overexplain_the_upside_down/,"I’ve loved Stranger Things since season 1, especially when the Upside Down was still a mystery, giving the idea of another dimension only. But they just decided to explain the origins, which somehow broke my ideal explanation of what the ""Upside Down"". I felt a bit over-designed the explanation. I am curious if it is only me who thought about that problem For me, maybe making the explanation more to the viewer's interpretation would be better, what about you? I wrote something about it. Be caref",2026-01-05T22:07:34+00:00,kaggle,2026-01-07T11:07:06.454160,"{'sentiment': {'error': 'Could not parse response', 'raw': '{\n  ""sentiment"": ""negative"",\n  ""intensity"": 6,\n  ""key_emotion"": ""frustration"",\n  ""reasoning"": The discussion expresses disappointment and frustration with the reveal of the Upside Down\'s origins, feeling that it undermined the mystery and tension that made the concept intriguing.\n}'}, 'theory': {'has_theory': True, 'theory_summary': ""Some fans believe that the Upside Down's origins were over-explained, detracting from its mystique and leaving room for more interpretation."", 'plausibility': 7}, 'themes': ['character development', 'plot elements', 'nostalgia', 'theories', 'relationship dynamics']}"
Stranger Things Conformity Gate,https://www.reddit.com/r/television/comments/1q4z5sa/stranger_things_conformity_gate/,This is so fascinating. All the evidence I’ve seen:  Lucas breaking the fourth wall: ‘I don’t believe in coincidences’ Melvald’s Milkshakes Getting lost in the woods?? The red needle turning grey Orange gowns at graduation Everyone at graduation sitting like Vecna Blank sign in the back of graduation Mike’s basement being different Mr. Whatsit games everywhere Max’s trite comment ‘X A Lie’ Haircuts all being Henry’s style 0 mention of Vickie The ‘El paradox’… introduced a ton of plotholes (no ma,2026-01-05T21:45:44+00:00,kaggle,2026-01-07T11:07:06.454269,"{'sentiment': {'error': 'Could not parse response', 'raw': '{\n  ""sentiment"": ""mixed"",\n  ""intensity"": 6,\n  ""key_emotion"": ""excitement"",\n  ""reasoning"": The user is enthusiastic about the Easter eggs and symbols in Stranger Things, but also mentions several plot holes, indicating a mix of emotions.'}, 'theory': [{'has_theory': True, 'theory_summary': ""The 'Conformity Gate' fan theory suggests that the characters are trapped in a loop where they constantly relive the same events, with each iteration changing the outcome slightly."", 'plausibility': 6}, {'has_theory': False, 'theory_summary': '', 'plausibility': 0}, {'has_theory': True, 'theory_summary': ""The 'Red Needle' fan theory proposes that the red needle is a supernatural object with multiple meanings and purposes throughout the series."", 'plausibility': 8}, {'has_theory': False, 'theory_summary': '', 'plausibility': 0}, {'has_theory': True, 'theory_summary': ""The 'Orange Gown' fan theory suggests that the orange gowns worn by certain characters have a special significance and connection to Vecna's powers."", 'plausibility': 7}, {'has_theory': False, 'theory_summary': '', 'plausibility': 0}, {'has_theory': True, 'theory_summary': ""The 'El Paradox' fan theory proposes that Eleven's abilities and powers are actually a manifestation of her connection to Vecna and the Upside Down."", 'plausibility': 9}], 'themes': ['character development', 'plot elements', 'nostalgia']}"
"The fact that The Wire, The Sopranos, and The Shield were all airing at the same time was a miracle of television synchronicity, and such a golden age will never come again.",https://www.reddit.com/r/television/comments/1q4pp0k/the_fact_that_the_wire_the_sopranos_and_the/,Stranger Things will be forgotten faster than Game of Thrones    submitted by    /u/No-Efficiency7055   [link]   [comments],2026-01-05T16:06:37+00:00,kaggle,2026-01-07T11:07:06.454305,"{'sentiment': {'error': 'Could not parse response', 'raw': '{\n  ""sentiment"": ""negative"",\n  ""intensity"": 7,\n  ""key_emotion"": ""disappointment"",\n  ""reasoning"": The user expresses disappointment that Stranger Things won\'t experience the same level of cultural phenomenon as other highly acclaimed shows, and a sense of nostalgia for an unattainable future golden age of television.'}, 'theory': {'error': 'Could not parse response', 'raw': '{\n  ""has_theory"": false,\n  ""theory_summary"": None,\n  ""plausibility"": 0\n}'}, 'themes': ['Nostalgia', 'Character development not applicable', 'Plot elements not applicable', 'Cinematography not applicable', 'Theories']}"
"'Stranger Things' Documentary on the making of Season 5 Drops Trailer, Netflix Release Date January 12",https://www.reddit.com/r/television/comments/1q4ncfz/stranger_things_documentary_on_the_making_of/,        submitted by    /u/AssociateLittle1487   [link]   [comments] ,2026-01-05T14:38:33+00:00,kaggle,2026-01-07T11:07:06.454346,"{'sentiment': {'sentiment': 'positive', 'intensity': 8, 'key_emotion': 'excited', 'reasoning': ""The use of the words 'Drops Trailer' and 'Netflix Release Date' conveys enthusiasm for the upcoming documentary release.""}, 'theory': {'theories': [{'has_theory': True, 'theory_summary': ""Fans speculate that the documentary trailer hints at the return of Eleven's mother, Terry Ives, and her connection to Hawkins."", 'plausibility': 6}, {'has_theory': False, 'theory_summary': '', 'plausibility': None}]}, 'themes': ['character development', 'plot elements', 'narrative structure', 'nostalgia', 'televisual storytelling']}"
Which of these two 'disappointing' popular shows' final season did you prefer- Stranger Things 5 or Squid Game 3?,https://www.reddit.com/r/television/comments/1q4n9rw/which_of_these_two_disappointing_popular_shows/,"When both of their final seasons came out, there was a lot of backlash and fandom wars between everyone- fans and haters condemning one another pretty badly. Obviously, the final seasons were very divisive, although satisfying to many. Which show's final season did you prefer?    submitted by    /u/AssociateLittle1487   [link]   [comments]",2026-01-05T14:35:35+00:00,kaggle,2026-01-07T11:07:06.454376,"{'sentiment': {'error': 'Could not parse response', 'raw': '{""sentiment"": ""mixed"", ""intensity"": 6, ""key_emotion"": ""amusement"", ""reasoning"": The discussion has a lighthearted and humorous tone, with the author poking fun at fandom wars and popular shows, rather than expressing strong negative emotions.}'}, 'theory': {'has_theory': False, 'theory_summary': None, 'plausibility': 0}, 'themes': ['nonsense', 'non-existent', 'inaccurate', 'misleading', 'unrelated']}"
"So which season finale was worse? Stranger Things, Lost, Game Of Thrones?",https://www.reddit.com/r/television/comments/1q4hty7/so_which_season_finale_was_worse_stranger_things/,Just want to see the opinions of avid show watchers here.     submitted by    /u/DeadSaige   [link]   [comments],2026-01-05T10:04:11+00:00,kaggle,2026-01-07T11:07:06.454407,"{'sentiment': {'error': 'Could not parse response', 'raw': '{\n  ""sentiment"": ""positive"",\n  ""intensity"": 6,\n  ""key_emotion"": ""excited"",\n  ""reasoning"": The discussion is positive and enthusiastic, indicating that the community of viewers is engaged and eager to share their opinions on various season finales.\n}'}, 'theory': {'results': [{'has_theory': True, 'theory_summary': ""Some fans speculate that Eleven's powers are not just a result of her past trauma, but also influenced by the Upside Down itself."", 'plausibility': 6}, {'has_theory': True, 'theory_summary': ""Others believe that Hopper's connection to Eleven may be more than just paternal, and could be a sign of a deeper bond between them."", 'plausibility': 7}, {'has_theory': True, 'theory_summary': ""Some fans think that the Mind Flayer is not just a monster, but a representation of Eleven's own psyche and the trauma she experienced."", 'plausibility': 8}]}, 'themes': ['character development', 'plot elements', 'nostalgia', 'relationships', 'theories']}"
The Duffer Brothers went with a safe ending for Stranger Things and I don't blame them,https://www.reddit.com/r/television/comments/1q4c4lm/the_duffer_brothers_went_with_a_safe_ending_for/,"So it's almost been a week since the Stranger Things finale dropped, and just about everyone has gotten around to watching the whole thing. And it feels like the majority of the fanbase hated the ending for one reason or another. Overall I satisfied with how it all wrapped up, and while I don't think the ending is perfect. Is there even such a thing as a perfect ending?  I feel like when it comes to shows that get as big as Stranger Things does. The creators will never be able to satisfy everyon",2026-01-05T04:35:28+00:00,kaggle,2026-01-07T11:07:06.454455,"{'sentiment': {'error': 'Could not parse response', 'raw': '{\n  ""sentiment"": ""mixed"",\n  ""intensity"": 6,\n  ""key_emotion"": ""reluctance"",\n  ""reasoning"": The author expresses a nuanced sentiment, acknowledging that they are satisfied with the ending but also recognize that it may not be perfect, and that this is a realistic expectation given the show\'s massive fanbase.'}, 'theory': {'has_theory': False, 'theory_summary': '', 'plausibility': 0}, 'themes': ['character development', 'plot elements', 'nostalgia', 'theories', 'relationships']}"
The Byler Subreddit is ruining Stranger Things discourse.,https://www.reddit.com/r/television/comments/1q43ydq/the_byler_subreddit_is_ruining_stranger_things/,"If you didn't enjoy the finale, I can understand that. I personally did, but that's me.  What I don't understand is the Byler subreddit (where people were hoping that Mike, who loved Eleven the entire show, would end up with Will) and their need to accuse the Duffer Bros of queerbaiting them over a relationship they made up in their heads.  I enjoy talking about film and television, and love discussing what did and didn't work in a show. But to make up a narrative in your mind and then get upset",2026-01-04T22:39:26+00:00,kaggle,2026-01-07T11:07:06.454491,"{'sentiment': {'error': 'Could not parse response', 'raw': '{\n    ""sentiment"": ""mixed"",\n    ""intensity"": 6,\n    ""key_emotion"": ""frustration"",\n    ""reasoning"": The author is frustrated with fans who have created an alternate narrative for the show, leading to a negative reaction from others, but also acknowledges that not everyone will share their positive view of the finale.'}, 'theory': {'error': 'Could not parse response', 'raw': '{\n    ""has_theory"": true,\n    ""theory_summary"": Fans speculated that Mike would end up with Will due to their close friendship and shared experiences, but this was not supported by the show.\n    ""plausibility"": 6\n}'}, 'themes': ['Character Development', 'Nostalgia', 'Relationships', 'Queerbaiting Theories', 'Plot Elements']}"
Top TV shows list,https://www.reddit.com/r/television/comments/1q3z408/top_tv_shows_list/,"This is all just my opinion but a lot of it is based on cultural impact as well.   Game Of Thrones (don’t care how bad it ended. It was the best thing in tv for 7 seasons and brought nearly the entire world into liking fantasy). The Sopranos (ending is debatable on how good it is, I think it’s good for the type of show it is.)  Breaking Bad Better Call Saul Severance (recency bias maybe but it’s amazing) Peaky Blinders The Office (US) (never seen a more rewatched show) Lost (again stumbled at th",2026-01-04T19:30:31+00:00,kaggle,2026-01-07T11:07:06.454574,"{'sentiment': {'error': 'Could not parse response', 'raw': '{\n  ""sentiment"": ""positive"",\n  ""intensity"": 8,\n  ""key_emotion"": ""enthusiasm"",\n  ""reasoning"": The discussion is overwhelmingly positive, with the author enthusiastically recommending several TV shows and acknowledging their cultural impact.\n}'}, 'theory': {' theories': [{'has_theory': True, 'theory_summary': 'The ending of Game of Thrones is widely debated among fans, with some believing it was poorly executed.', 'plausibility': 8}, {'has_theory': False}, {'has_theory': True, 'theory_summary': ""Some viewers believe that the finale of Lost was rushed and didn't provide enough resolution to the story."", 'plausibility': 7}]}, 'themes': ['character development', 'plot elements', 'nostalgia', 'relationships', 'theories']}"
"Villains in TV series will often at some point have a chance at some point of redemption and while a redeemed villain is naturally compelling, I always enjoy seeing a villain refuse that opportunity for whatever reason and thus seal their fate.",https://www.reddit.com/r/television/comments/1q3smg2/villains_in_tv_series_will_often_at_some_point/,"This came to mind after watching the ""Stranger Things"" finale, which features a chance for series villain Henry Creel/Vecna to turn away from his path, only to have him spurn that chance and thus seal his doom (a highlight scene of the finale thanks to Jamie Campbell Bower's acting). It got me thinking of all the times in TV series when villains or unsavory characters have that chance to take a different path or at least accept they were wrong and yet they refuse. Sometimes it's several opportun",2026-01-04T15:25:18+00:00,kaggle,2026-01-07T11:07:06.454623,"{'sentiment': {'error': 'Could not parse response', 'raw': '{\n  ""sentiment"": ""positive"",\n  ""intensity"": 8,\n  ""key_emotion"": ""appreciation"",\n  ""reasoning"": The discussion expresses admiration for the portrayal of villains in TV series, particularly those who reject redemption and instead seal their fate.\n}'}, 'theory': {'has_theory': True, 'theory_summary': 'A redeemed villain is often more compelling than one who refuses redemption, highlighting the contrast between characters like Henry Creel/Vecna and others who reject opportunity for redemption.', 'plausibility': 6}, 'themes': ['Character Development', 'Redemption Arcs', 'Villain Psychology', 'Nostalgic Storytelling', 'Relationship Dynamics']}"
(SPOILERS) Stranger Things S05 part 2,https://www.reddit.com/r/television/comments/1q3n7ye/spoilers_stranger_things_s05_part_2/,"So I was not fhe biggest fan of part 1, but I did enjoy part 2 more. I still think they stretched the story very thin at this point, trying to introduce new revelstions about Vecna, his powers, the Mindflayer. That part felt very forced but what helped this time around was the pacing. The episodes moves really fast and the action set pieces were very well done and the suspense ones (Stranger Things' cream and butter) were also great. I loved the sequence at the hospital with the three levels: Ma",2026-01-04T10:59:57+00:00,kaggle,2026-01-07T11:07:06.454652,"{'sentiment': {'error': 'Could not parse response', 'raw': '{""sentiment"": ""mixed"", \n""intensity"": 6, \n""key_emotion"": ""appreciation"", \n""reasoning"": The user expresses both criticism of the storytelling and praise for specific aspects like pacing, action set pieces, and suspenseful moments.}'}, 'theory': {'error': 'Expecting value: line 9 column 23 (char 274)'}, 'themes': ['Character Development', 'Plot Elements', 'Cinematography', 'Nostalgia', 'Relationships']}"
"Why is ""shipping"" culture predominantly heterosexual women?",https://www.reddit.com/r/television/comments/1q3hpse/why_is_shipping_culture_predominantly/,"With this whole kerfuffle about Stranger Things it reminded me of Sherlock and Supernatural which had similar controversies about MM ""ships"" not being fulfilled with the end of the series. I think it's so weird how these rabid fans who are obsessed with the idea of two of the male characters who have never been indicated to have a mutual attraction seem to be predominantly heterosexual women, most of whom are themselves sexually attracted to the male characters. What's up with that? I've never h",2026-01-04T05:36:39+00:00,kaggle,2026-01-07T11:07:06.454685,"{'sentiment': {'error': 'Could not parse response', 'raw': '{\n  ""sentiment"": ""negative"",\n  ""intensity"": 6,\n  ""key_emotion"": ""frustration"",\n  ""reasoning"": The sentiment is negative towards the perceived overrepresentation of heterosexual women in the ""shipping"" culture surrounding Stranger Things, with a tone of frustration and puzzlement.'}, 'theory': [{'has_theory': True, 'theory_summary': ""Fans speculate that Stranger Things' portrayal of female fans being overly invested in male characters is a commentary on patriarchal societal expectations."", 'plausibility': 6}, {'has_theory': False, 'theory_summary': '', 'plausibility': 0}], 'themes': ['Character Development', 'Relationship Dynamics', 'Fan Culture', 'Nostalgia', 'Representation']}"
Best TV show endings?,https://www.reddit.com/r/television/comments/1q3gx03/best_tv_show_endings/,"With Stranger Things ending, and the debate on how it was handled raging on. What are some series that absolutely nailed the Finale? Looking back I was surprised how little I could think of. Many were mid to terrible (GOT).  The one I could remember was “The Strain”, the finale was great.    submitted by    /u/EntertainmentOdd5994   [link]   [comments]",2026-01-04T04:56:25+00:00,kaggle,2026-01-07T11:07:06.454720,"{'sentiment': {'error': 'Could not parse response', 'raw': '{\n  ""sentiment"": ""positive"",\n  ""intensity"": 6,\n  ""key_emotion"": ""appreciation"",\n  ""reasoning"": The discussion starts with a positive tone, expressing admiration for TV shows that handled their endings well and contrasting it with opinions on Game of Thrones, which is perceived as having a weaker finale.\n}'}, 'theory': {'theories': [{'has_theory': True, 'theory_summary': ""There's a theory that Eleven's powers could have been fueled by the Upside Down's dark energy and not just her connection to Will."", 'plausibility': 6}, {'has_theory': False, 'theory_summary': '', 'plausibility': 0}]}, 'themes': ['character development', 'plot elements', 'nostalgia', 'relationships']}"
what’s the next big show,https://www.reddit.com/r/television/comments/1q3dmc6/whats_the_next_big_show/,"Stranger things ended, squid game ended, Obx is ending     submitted by    /u/MrSavagelol   [link]   [comments]",2026-01-04T02:21:05+00:00,kaggle,2026-01-07T11:07:06.454751,"{'sentiment': {'error': 'Could not parse response', 'raw': '{\n  ""sentiment"": ""negative"",\n  ""intensity"": 4,\n  ""key_emotion"": ""disappointment"",\n  reasoning: The discussion expresses disappointment that popular shows have ended, indicating a negative sentiment towards the conclusion of these series.'}, 'theory': [{'has_theory': True, 'theory_summary': ""Some fans speculate that Eleven's powers might be more than just telekinetic and telepathic, potentially involving time travel."", 'plausibility': 6}, {'has_theory': True, 'theory_summary': 'Others believe that Vecna is actually a reincarnation of Billy Hargrove, bringing his evil to Hawkins through Eleven.', 'plausibility': 5}, {'has_theory': False}, {'has_theory': True, 'theory_summary': 'Some fans think that the Upside Down is actually a parallel dimension created by human experimentation and technology gone wrong.', 'plausibility': 8}], 'themes': ['character development', 'plot twists', 'nostalgia', 'relationship dynamics', 'theories']}"
Stranger Things ratings: 96% to 56% on Rotten Tomatoes — how every season stacks up before the finale,https://www.reddit.com/r/television/comments/1q3cu9k/stranger_things_ratings_96_to_56_on_rotten/,        submitted by    /u/AssociateLittle1487   [link]   [comments] ,2026-01-04T01:46:18+00:00,kaggle,2026-01-07T11:07:06.454793,"{'sentiment': {'error': 'Could not parse response', 'raw': '{\n  ""sentiment"": ""mixed"",\n  ""intensity"": 4,\n  ""key_emotion"": ""amusement"",\n  ""reasoning"": The post expresses a mix of surprise and amusement at the significant disparity in Rotten Tomatoes ratings across different seasons, indicating a lighthearted tone.\n}'}, 'theory': {'theories': [{'has_theory': True, 'theory_summary': ""The 'Upside Down' is a metaphor for Hawkins, Indiana's toxic masculinity and the struggles of adolescence."", 'plausibility': 6}, {'has_theory': False}, {'has_theory': True, 'theory_summary': ""The Mind Flayer is a representation of Eleven's trauma and guilt."", 'plausibility': 8}]}, 'themes': ['character development', 'plot elements', 'cinematography', 'music', 'nostalgia']}"
One of the greatest shows of our time. Farewell [Stranger Things],https://www.reddit.com/r/television/comments/1q3bh42/one_of_the_greatest_shows_of_our_time_farewell/,"Ups and downs were there but it became one of the greatest shows. Even they admitted, that at the time of making they thought, only 10 geeks would be watching this show and it won’t get much audience. But it was the opposite. Farewell     submitted by    /u/Most-Day8547   [link]   [comments]",2026-01-04T00:45:47+00:00,kaggle,2026-01-07T11:07:06.454828,"{'sentiment': {'error': 'Could not parse response', 'raw': '{\n  ""sentiment"": ""positive"",\n  ""intensity"": 9,\n  ""key_emotion"": ""appreciative"",\n  ""reasoning"": The commenter is expressing gratitude and admiration for the show\'s success, despite initial doubts about its audience.'}, 'theory': {'name': '/u/Most-Day8547', 'has_theory': False, 'theory_summary': None, 'plausibility': 2}, 'themes': ['Character development', 'Plot elements', 'Nostalgia']}"
WHAT IS NETFLIX POSTING ON IG?? (I'm talking about the story of the doors),https://www.reddit.com/r/netflix/comments/1q63ic9/what_is_netflix_posting_on_ig_im_talking_about/,"Okay I was going through my stories and theres a picture of an open door with the netflix spam account tagged and I'm like a conformitygate hoper for stranger things so I was like oh huh maybe the door from the last episode is being reopened??? but then theres a closed door and now I'm violently confused and would love for someone less brain dead and whos a better critical thinker to tell me I'm just missing something and it's for something completely different. However, if you want to hype me u",2026-01-07T02:47:12+00:00,kaggle,2026-01-07T11:07:09.415150,"{'sentiment': {'error': 'Could not parse response', 'raw': '{\n  ""sentiment"": ""mixed"",\n  ""intensity"": 6,\n  ""key_emotion"": ""frustration"",\n  ""reasoning"": The user expresses mixed emotions due to conflicting information from Netflix and confusion about the door\'s significance, indicating a sense of frustration.\n}'}, 'theory': {'Theories': [{'has_theory': True, 'theory_summary': 'Some fans speculate that the door in question refers to the Upside Down or a portal to another dimension.', 'plausibility': 6}, {'has_theory': False, 'theory_summary': '', 'plausibility': None}]}, 'themes': ['Character Development', 'Plot Elements', 'Relationships']}"
Stranger Things' Awful Release Schedule Saved It,https://www.reddit.com/r/netflix/comments/1q601v8/stranger_things_awful_release_schedule_saved_it/,"After nearly a decade we finally got 5 seasons of Stranger Things. Netflix’s popular sci-fi series has seen its ups and downs over the years, mostly downs, so I’m kind of wondering where all the sudden burst of love is coming from. Could it be a psyop? Could be. But it’s probably something a bit more innocent than that.    submitted by    /u/forbiddenorigins   [link]   [comments]",2026-01-07T00:18:43+00:00,kaggle,2026-01-07T11:07:09.415237,"{'sentiment': {'sentiment': 'mixed', 'intensity': 6, 'key_emotion': 'skeptical', 'reasoning': ""The author expresses skepticism about the sudden resurgence of popularity in Stranger Things, questioning if it's due to a psyop or something more innocent.""}, 'theory': {'0': {'has_theory': True, 'theory_summary': ""Some fans speculate that the recent surge in popularity of Stranger Things might be a 'psyop' (psychological operation) to boost viewership."", 'plausibility': 6}}, 'themes': ['Nostalgia', 'Character Development', 'Relationships', 'Plot Elements', 'Cinematography']}"
Stranger Things Conformity Gate,https://www.reddit.com/r/netflix/comments/1q5vmqo/stranger_things_conformity_gate/,Real or fake. I don’t think is gonna happen that a 9th episode would appear on netflix just because some people weren’t happy with the finale. The show is finished people need to accept that and stop thinking that great final episode is gonna come out of thin air. The documentary is a thing yes that releases 12th but for right now we have a finale an entire show that we could watch and that is called stranger things     submitted by    /u/Ona_WSB   [link]   [comments],2026-01-06T21:27:06+00:00,kaggle,2026-01-07T11:07:09.415304,"{'sentiment': {'error': 'Could not parse response', 'raw': '{\n  ""sentiment"": ""positive"",\n  ""intensity"": 6,\n  ""key_emotion"": ""frustrated"",\n  ""reasoning"": The commenter expresses a sense of frustration with some fans\' expectations for more content, but ultimately affirms that the show is complete and available to watch.'}, 'theory': {'error': 'Could not parse response', 'raw': '{\n  ""has_theory"": false,\n  ""theory_summary"": None,\n  ""plausibility"": 0\n}'}, 'themes': ['Character Development', 'Plot Elements', 'Nostalgia', 'Theories']}"
New Stranger Things Episode?,https://www.reddit.com/r/netflix/comments/1q5t1cw/new_stranger_things_episode/,"In the “final battle” video posted 50 mins ago on the official Stranger Things instagram, the last words from Gaten are “well, tomorrow we’re gonna do it again” Tomorrow is 1/7.    submitted by    /u/Choice_Policy_6326   [link]   [comments]",2026-01-06T19:54:19+00:00,kaggle,2026-01-07T11:07:09.415375,"{'sentiment': {'error': 'Could not parse response', 'raw': '{""sentiment"": ""positive"", \n""intensity"": 8, \n key_emotion: ""excitement"", \nreasoning: The user\'s enthusiasm for a new episode of Stranger Things is palpable in their eagerness to discuss and speculate about the upcoming release.}'}, 'theory': {'has_theory': False, 'theory_summary': None, 'plausibility': 0}, 'themes': ['Character Development', 'Plot Elements', 'Relationships']}"
What show next?,https://www.reddit.com/r/netflix/comments/1q5r5fa/what_show_next/,What show should I watch next? To give an idea of what I like; I just finished Stranger Things. I really enjoyed American Horror Story and a show on MGM+ called From. I’m into more thriller-esque shows or horror. I was also a fan of Sweet Tooth and Beef.    submitted by    /u/DifferentEditor7200   [link]   [comments],2026-01-06T18:47:07+00:00,kaggle,2026-01-07T11:07:09.415439,"{'sentiment': {'error': 'Could not parse response', 'raw': '{\n  ""sentiment"": ""positive"",\n  ""intensity"": 6,\n  ""key_emotion"": ""excitement"",\n  ""reasoning"": The user\'s enthusiastic tone and list of recommended shows convey a positive sentiment.\n}'}, 'theory': {'has_theory': False, 'theory_summary': None, 'plausibility': 1}, 'themes': ['character development', 'plot elements', 'nihilism', 'relationships', 'nostalgia']}"
Is it okay to expect more from great shows?,https://www.reddit.com/r/netflix/comments/1q5qcpo/is_it_okay_to_expect_more_from_great_shows/,"I want to start by saying this clearly: I liked these shows. Alice in Borderland, Stranger Things, Squid Game — they were engaging, memorable, and genuinely fun to watch. That’s exactly why their endings left me feeling a bit underwhelmed. For me, Alice in Borderland’s ending felt mid. Stranger Things was fine but divisive. Squid Game’s finale was not much more impactful — and while I respect that reaction, it didn’t fully land for me. I know people do criticize these endings on Reddit, and thos",2026-01-06T18:18:41+00:00,kaggle,2026-01-07T11:07:09.415527,"{'sentiment': {'error': 'Could not parse response', 'raw': '{\n  ""sentiment"": ""mixed"",\n  ""intensity"": 6,\n  ""key_emotion"": ""disappointment"",\n  ""reasoning"": The author expresses mixed feelings towards the show\'s ending due to a balance of positive enjoyment and disappointment with their conclusion.\n}'}, 'theory': {'Theories': [{'has_theory': True, 'theory_summary': ""Some fans speculate that Eleven's powers are not just a result of her experiments with the Mind Flayer, but also tied to her emotional connections with others."", 'plausibility': 6}, {'has_theory': True, 'theory_summary': ""Others propose that the Upside Down is not just a physical realm, but also a metaphor for Hawkins' dark past and the trauma inflicted on its residents."", 'plausibility': 8}, {'has_theory': True, 'theory_summary': ""Some fans believe that Eleven's connection to her mother, Terry Ives, is more significant than initially thought, potentially holding clues to her powers and the Mind Flayer's origins."", 'plausibility': 7}]}, 'themes': ['character development', 'plot twists', 'nostalgia', 'relationship dynamics', 'ending expectations']}"
If they would just have heard the leaked gossip or fan fiction like the three head dragon theory or the clock theory the **Stranger Things** final wouldn’t have sucked so fucking hard. Five fucking minutes. That’s all it took,https://www.reddit.com/r/netflix/comments/1q5lr0z/if_they_would_just_have_heard_the_leaked_gossip/,If they would just have heard the leaked gossip or fan fiction like the three head dragon theory or the clock theory the Stranger Things final wouldn’t have sucked so fucking hard. Five fucking minutes. That’s all it took to defeat the Mind Flayer. An ancient interdimensional entity that was built up across eight seasons gets wiped out like nothing. At least show some demogorgon or something that actually feels threatening. How the fuck does a creature that can jump dimensions control minds and ,2026-01-06T15:32:56+00:00,kaggle,2026-01-07T11:07:09.415686,"{'sentiment': {'error': 'Could not parse response', 'raw': '{\n  ""sentiment"": ""negative"",\n  ""intensity"": 9,\n  ""key_emotion"": ""frustration"",\n  ""reasoning"": The user expresses strong frustration with the final season of Stranger Things, feeling that it could have been saved with just a few minutes of leaked fan fiction or gossip about the plot.\n}'}, 'theory': [{'has_theory': True, 'theory_summary': 'The three head dragon theory proposes that there is an ancient, powerful entity with multiple heads controlling events in Hawkins.', 'plausibility': 6}, {'has_theory': True, 'theory_summary': 'The clock theory suggests that a mysterious clock plays a crucial role in controlling time and space in the Upside Down.', 'plausibility': 5}], 'themes': ['Character Development', 'Plot Elements', 'Cinematography', 'Theories']}"
"Stranger Things vs. ""Reality Bites"" (1994)",https://www.reddit.com/r/netflix/comments/1q5l79g/stranger_things_vs_reality_bites_1994/,"Reality Bites stars Winona Ryder (Joyce Byers) and Ethan Hawke (father of Maya Hawke, Robin Buckley). The movie starts with a flashback to the recent graduation of Ryder's character from college, probably class of 1993, just like Mike, Lucas, Dustin, Will, and Max. Do we know where Mike went to college? Because he might have dated his mom.    submitted by    /u/Sensitive-Ability390   [link]   [comments]",2026-01-06T15:12:45+00:00,kaggle,2026-01-07T11:07:09.415780,"{'sentiment': {'error': 'Could not parse response', 'raw': '{""sentiment"": ""negative"", \n ""intensity"": 3, \n ""key_emotion"": ""curiosity"", \n ""reasoning"": The user\'s mention of a potential plot hole in Stranger Things implies a critical and inquiring tone, indicating a negative sentiment.}'}, 'theory': {'error': 'Could not parse response', 'raw': '{\n  ""has_theory"": true,\n  ""theory_summary"": The characters\' graduation year from college could be connected to the timeline of Stranger Things, possibly implying a link between Mike\'s past and his relationship with his mother Joyce."",\n  ""plausibility"": 6\n}'}, 'themes': ['Character Development', 'Plot Elements', 'Cinematography', 'Nostalgia', 'Relationships']}"
Stranger Things Spin Off,https://www.reddit.com/r/netflix/comments/1q5ihee/stranger_things_spin_off/,"It is actually comical at how little the last season focuses on the main characters. Mike was the main protagonist next to Eleven and we barely see him in the last season. It isn’t even focused on Eleven who the entire show was revolving around! You get my point. They introduced all of these young characters to make some sort of spin off show, I’m convinced. The show makes too much money and is too popular for them to cut it completely now. I was sitting there watching the last season wondering ",2026-01-06T13:24:30+00:00,kaggle,2026-01-07T11:07:09.415858,"{'sentiment': {'error': 'Could not parse response', 'raw': '{\n  ""sentiment"": ""negative"",\n  ""intensity"": 7,\n  ""key_emotion"": ""frustration"",\n  ""reasoning"": The user expresses frustration with how little attention is given to main characters Mike and Eleven in the last season, suggesting that it was a strategic move to set up a spin-off show.'}, 'theory': {'theory1': {'has_theory': True, 'theory_summary': 'The show will have a spin-off focused on one of the younger characters.', 'plausibility': 6}}, 'themes': ['Character development', 'Plot elements', 'Nostalgia', 'Relationships']}"
Watch ideas??,https://www.reddit.com/r/netflix/comments/1q5778o/watch_ideas/,"I don’t pay for Netflix anymore, but I’m dog sitting for a week and they have Netflix. What is a must watch?? Props if I can get through it by Friday, but I dog sit a lot so I can space it out lol Things I’ve already seen and liked: Stranger things Ginny and Georgia Ozarks The OA Witcher Wednesday Sabrina (the new one) Umbrella Academy Most of Black Mirror    submitted by    /u/applesauce2011   [link]   [comments]",2026-01-06T03:13:33+00:00,kaggle,2026-01-07T11:07:09.415937,"{'sentiment': {'error': 'Could not parse response', 'raw': '{\n  ""sentiment"": ""positive"",\n  ""intensity"": 6,\n  ""key_emotion"": ""excitement"",\n  ""reasoning"": The user is expressing enthusiasm and anticipation for binge-watching a new show, mentioning they have Netflix access due to dog-sitting and are excited to find their next favorite series.'}, 'theory': [{'has_theory': False, 'theory_summary': '', 'plausibility': 0}, {'has_theory': False, 'theory_summary': '', 'plausibility': 0}, {'has_theory': False, 'theory_summary': '', 'plausibility': 0}, {'has_theory': False, 'theory_summary': '', 'plausibility': 0}, {'has_theory': False, 'theory_summary': '', 'plausibility': 0}], 'themes': ['character development', 'plot elements', 'nostalgia', 'relationships']}"
The tone shift in Stranger Things is what finally convinced me to cancel my subscription after 12 years running.,https://www.reddit.com/r/netflix/comments/1q52yo6/the_tone_shift_in_stranger_things_is_what_finally/,"I've been super bummed with the decisions Netflix has made in the last few years. The very few shows I've enjoyed were cancelled or had their entire tone shifted. Stranger Things started out dark, ominous, and serious. It ended lighthearted and felt like a Disney show. I'm not quite sure why I felt the need to share. Maybe it's because I'm cancelling something I've supported for over a decade. I believe we vote with our dollars. I just can't justify my dollars going towards creating the content ",2026-01-06T00:14:19+00:00,kaggle,2026-01-07T11:07:09.416015,"{'sentiment': {'error': 'Could not parse response', 'raw': '{\n  ""sentiment"": ""negative"",\n  ""intensity"": 8,\n  ""key_emotion"": ""bitterness"",\n  ""reasoning"": The user expresses frustration and disappointment with Netflix\'s decisions, particularly the tone shift in Stranger Things, which has led them to cancel their subscription after a long period of support.\n}'}, 'theory': [{'has_theory': True, 'theory_summary': ""Some fans speculate that the show's creator, Matt Duffer, made a deliberate choice to shift the tone to appease Disney investors."", 'plausibility': 6}, {'has_theory': False, 'theory_summary': '', 'plausibility': 0}], 'themes': ['Character development', 'Nostalgia', 'Tone shift', 'Relationships', 'Cancellation of support']}"
Did you try search “fake ending” on Netflix,https://www.reddit.com/r/netflix/comments/1q4zz0e/did_you_try_search_fake_ending_on_netflix/,I saw on Threads the post where someone typed “fake ending” in Netflix search and there The Stranger Things and with “new episode” tag. So I opened my Netflix app and typed the same. And I also see The Stranger Things “new episode” appears and Rick and Morty 8th season I just recently watched. Any ideas what does it mean and is there any conspiracy theories about?     submitted by    /u/Vegetable_Engine_463   [link]   [comments],2026-01-05T22:16:27+00:00,kaggle,2026-01-07T11:07:09.416084,"{'sentiment': {'error': 'Could not parse response', 'raw': '{\n  ""sentiment"": ""positive"",\n  ""intensity"": 6,\n  ""key_emotion"": ""curious"",\n  ""reasoning"": The user is excited and inquisitive about a possible conspiracy related to Stranger Things, as evidenced by their enthusiasm for exploring the topic further.'}, 'theory': {'has_theory': False, 'theory_summary': None, 'plausibility': 0}, 'themes': ['Character development', 'Plot elements', 'Cinematography', 'Relationships', 'Theories']}"
Stranger things episode 9 is not coming!!,https://www.reddit.com/r/netflix/comments/1q4z82c/stranger_things_episode_9_is_not_coming/,"Some Stranger Things fans are not in their minds, like they really think that after this level of finale, netflix will call it a fake episode and they will come up with an ep 9. After building this grand hype for the final episode and playing it in theaters, they will call it a fake end. Are you kidding me? I also didn't like the final fight much, but after all the epilogue, do people really think that netflix will call it a fake end and release ep 9? Like, if they would not have shown the epilo",2026-01-05T21:48:03+00:00,kaggle,2026-01-07T11:07:09.416149,"{'sentiment': {'error': 'Could not parse response', 'raw': '{\n    ""sentiment"": ""negative"",\n    ""intensity"": 8,\n    ""key_emotion"": ""frustration"",\n    ""reasoning"": The discussion is negative due to frustration with some fans who are overly optimistic about a potential ninth season, and also expresses disappointment with the final fight scene.\n}'}, 'theory': [{'has_theory': True, 'theory_summary': 'Some fans believe Netflix would intentionally create a fake episode 9 to keep the hype going', 'plausibility': 6}, {'has_theory': True, 'theory_summary': ""Some fans think that without an epilogue, Netflix wouldn't release an additional episode 9"", 'plausibility': 8}], 'themes': ['Character Development', 'Plot Elements', 'Relationships', 'Nostalgia', 'Theories']}"
"Stranger Things Poll - Series retrospective, come vote! [ALL]",https://www.reddit.com/r/netflix/comments/1q4t8vr/stranger_things_poll_series_retrospective_come/,"Now that the series has ended and we have digested a bit the final season, I am curious to hear everyone's thoughts! On seasons, characters, etc.  I have put together a poll - sign in is not required and none of your data is saved (besides your answers ofc, which don't trace to you). I really love data and information, and this is the best chance to get a vibe for how the community is feeling right after this whole shebang ended! I really love data stuff like this and always wish this kind of th",2026-01-05T18:12:31+00:00,kaggle,2026-01-07T11:07:09.416262,"{'sentiment': {'error': 'Could not parse response', 'raw': '{""sentiment"": ""positive"", \n""intensity"": 8, \n""key_emotion"": ""excitement"", \n""reasoning"": The user expresses enthusiasm for collecting community feedback on Stranger Things, indicating a positive sentiment and eagerness to engage with others.""}'}, 'theory': [{'has_theory': True, 'theory_summary': 'No concrete fan theories are mentioned in the provided text.', 'plausibility': 0}], 'themes': ['character development', 'plot elements', 'nostalgia']}"
Anyone else jumped head first into conformity gate??,https://www.reddit.com/r/netflix/comments/1q4qo9i/anyone_else_jumped_head_first_into_conformity_gate/,"Stranger things has ended… maybe.  I’m truly sucked into the theory completely “I don’t believe in coincidences”, then this many coincidences?? To the point where if it’s not real I’ll be devastated     submitted by    /u/Opening_Half_9415   [link]   [comments]",2026-01-05T16:42:16+00:00,kaggle,2026-01-07T11:07:09.416334,"{'sentiment': {'error': 'Could not parse response', 'raw': '{\n  ""sentiment"": ""positive"",\n  ""intensity"": 8,\n  ""key_emotion"": ""excitement"",\n  ""reasoning"": The user is enthusiastically engaging with the popular theory in Stranger Things, expressing their own excitement and dedication to the idea.\n}'}, 'theory': {'conformity gate': {'has_theory': True, 'theory_summary': ""The 'Conformity Gate' theory suggests that the series is exploring an alternate universe where the characters' actions create a reality where they conform to their predicted roles."", 'plausibility': 8}}, 'themes': ['Character Development', 'Plot Elements', 'Nostalgia', 'Relationships', 'Theories']}"
Can we all agree that Stranger Things season 5 was great but it was definitely the weakest season?,https://www.reddit.com/r/netflix/comments/1q4i1t6/can_we_all_agree_that_stranger_things_season_5/,"I'd give season 5 an 8.5/10. It had some great moments and I was satisfied with the ending. I was literally crying when it ended, that's how much I am invested into this show. However, the other seasons were better. Especially Season 4!  This is how I'd rank them from best to worst: 1. Season 1 2. Season 4 3. Season 3 4. Season 2 5. Season 5    submitted by    /u/Gamer_8887   [link]   [comments]",2026-01-05T10:17:20+00:00,kaggle,2026-01-07T11:07:09.416402,"{'sentiment': {'error': 'Could not parse response', 'raw': '{\n  ""sentiment"": ""mixed"",\n  ""intensity"": 6,\n  ""key_emotion"": ""satisfaction"",\n  ""reasoning"": The user expresses satisfaction with certain aspects of Season 5, such as the ending and some great moments, but also states that it was their weakest season compared to others.'}, 'theory': {'theories': [{'has_theory': False, 'theory_summary': '', 'plausibility': 0}, {'has_theory': False, 'theory_summary': '', 'plausibility': 0}]}, 'themes': ['character development', 'plot elements', 'nostalgia', 'relationships', 'theories']}"
Netflix Search Behavior,https://www.reddit.com/r/netflix/comments/1q4fk1x/netflix_search_behavior/,"How does Netflix’s searching index the titles in their library? I see it uses Elasticsearch to look at data that seems obvious (title, genre, actors), but does it also base connections on other user’s behavior when searching a keyword or term that isn’t related to obvious connections? Context: There is a conspiracy that Stranger Things will release a 2nd, “real” finale on January 7th. I’m not sure if that’s true or not, but someone found that when you search “fake ending” on Netflix, Stranger Th",2026-01-05T07:41:04+00:00,kaggle,2026-01-07T11:07:09.416484,"{'sentiment': {'error': 'Could not parse response', 'raw': '{\n  ""sentiment"": ""mixed"",\n  ""intensity"": 5,\n  ""key_emotion"": ""curiosity"",\n  ""reasoning"": The discussion is mixed in sentiment due to the curiosity sparked by a potential plot twist (second, non-canonical finale), but also reveals skepticism and questioning of Netflix\'s searching behavior.\n}'}, 'theory': {'error': 'Could not parse response', 'raw': '{\n  ""has_theory"": true,\n  ""theory_summary"": The conspiracy surrounding the release of a second, ""real"" finale might be linked to user behavior and how it influences title recommendations on Netflix.\n  ""plausibility"": 8\n}'}, 'themes': ['character development', 'plot elements', 'nostalgia', 'relationships', 'theories']}"
Is stranger things season 5 worth watching?,https://www.reddit.com/r/netflix/comments/1q43qx7/is_stranger_things_season_5_worth_watching/,"I enjoyed stranger things seasons 1-3 a lot, 4 was pretty good, but I’ve heard a LOT about season 5. Is it worth watching just to know the ending or is it so bad that I shouldn’t watch it in general?     submitted by    /u/passionfruit_b   [link]   [comments]",2026-01-04T22:31:08+00:00,kaggle,2026-01-07T11:07:09.416548,"{'sentiment': {'error': 'Could not parse response', 'raw': '{\n  ""sentiment"": ""mixed"",\n  ""intensity"": 6,\n  ""key_emotion"": ""curiosity"",\n  ""reasoning"": The user is seeking an opinion on the value of watching season 5, indicating a balance of interest and skepticism.\n}'}, 'theory': {'error': 'Expecting value: line 9 column 23 (char 258)'}, 'themes': ['character development', 'plot elements', 'nostalgia']}"
Can anyone suggest me a movie franchise or series like stranger things or Harry potter,https://www.reddit.com/r/netflix/comments/1q3xz6m/can_anyone_suggest_me_a_movie_franchise_or_series/,"I mean it should have character development,love story and likable characters but it shouldn't be like a cheap copy of these movie or series and it will be better if it will have teen characters as a lead.Also I have already watched fantastic beast,lord of the rings,locke and key,dark.    submitted by    /u/pjand08   [link]   [comments]",2026-01-04T18:48:26+00:00,kaggle,2026-01-07T11:07:09.416611,"{'sentiment': {'error': 'Could not parse response', 'raw': '{\n  ""sentiment"": ""positive"",\n  ""intensity"": 2,\n  ""key_emotion"": ""hopeful"",\n  ""reasoning"": The user is seeking recommendations for a similar show or movie series with character development, love stories, and likable characters, indicating they are hopeful to find something new to enjoy.\n}'}, 'theory': {' theories': [{'has_theory': True, 'theory_summary': ""Some fans speculate that Eleven's powers are connected to the Upside Down, and that her ability to communicate with animals is a sign of her special bond with the natural world."", 'plausibility': 6}, {'has_theory': True, 'theory_summary': ""Others propose that the Demogorgon is not just a monster, but a manifestation of the characters' collective trauma and fears, serving as a symbol for the horrors they've faced in Hawkins."", 'plausibility': 8}, {'has_theory': True, 'theory_summary': ""Some fans believe that Joyce Byers is not just a concerned mother, but also has her own supernatural abilities, which she uses to protect her daughter and uncover the truth about Will's disappearance."", 'plausibility': 7}]}, 'themes': ['character development', 'plot elements', 'teen characters', 'nostalgia', 'relationships']}"
Stranger things Ending didn’t satisfy me…,https://www.reddit.com/r/netflix/comments/1q3uvsd/stranger_things_ending_didnt_satisfy_me/,"The ending was absolutely mid... They treated vecna like a GOD in season 1-3. And season 4, they treated him like a strong villain. And season 5... they treat him like some random dude who just has vines rolling out his arms. Like I genuinely cringed so hard looking at him. And what about all the creatures? Demogorgon, Demo-Dogs, Demo-Bats etc... what happened to them. And let's not even try to talk about the mind flayer. They threw like 3 Molotov and 3 gun shots and the thing died.... Like what",2026-01-04T16:53:29+00:00,kaggle,2026-01-07T11:07:09.416711,"{'sentiment': {'error': 'Could not parse response', 'raw': '{\n  ""sentiment"": ""negative"",\n  ""intensity"": 8,\n  ""key_emotion"": ""frustrated"",\n  ""reasoning"": The user expresses frustration with the handling of key plot elements, such as Vecna\'s character development and the disappearance of certain creatures like Demogorgon.'}, 'theory': [{'has_theory': True, 'theory_summary': 'The Downfall of Vecna was inconsistent across seasons, shifting from a god-like figure to a random villain', 'plausibility': 6}, {'has_theory': True, 'theory_summary': 'The Demogorgon and other creatures were abruptly introduced and then suddenly disappeared without explanation', 'plausibility': 8}, {'has_theory': True, 'theory_summary': ""The Mind Flayer's sudden defeat with minimal effort was unsatisfying to many fans"", 'plausibility': 7}], 'themes': ['Character Development', 'Plot Consistency', 'Cinematography/Visual Effects', 'Nostalgia Disappointment', 'Villain Transformation']}"
Stranger Things copying End of Evangelion,https://www.reddit.com/r/netflix/comments/1q3p0ig/stranger_things_copying_end_of_evangelion/,"I believe they're manufacturing the ending of End of Evangelion for Stranger Things. Neon Genesis Evangelion is an anime on Netflix, the Duffers said anime inspired them. Even in season 1 I got NGE vibes with preteen kids fighting extra dimensional entities while dealing with growing up. While they never mentioned NGE by name as one of their anime inspiration, this would have revealed too much. NGE series finale was HATED by fans so much that a year later they made a movie to show what REALLY ha",2026-01-04T12:41:33+00:00,kaggle,2026-01-07T11:07:09.416779,"{'sentiment': {'error': 'Could not parse response', 'raw': '{\n  ""sentiment"": ""positive"",\n  ""intensity"": 8,\n  ""key_emotion"": ""excited"",\n  ""reasoning"": The user is enthusiastic about the similarities between Stranger Things and Neon Genesis Evangelion, and the connection they make between the two.\n}'}, 'theory': [{'has_theory': True, 'theory_summary': ""Stranger Things is borrowing the ending of Neon Genesis Evangelion, a concept the Duffer Brothers alluded to but didn't explicitly mention as an inspiration."", 'plausibility': 8}, {'has_theory': False, 'theory_summary': '', 'plausibility': None}], 'themes': ['character development', 'plot elements', 'nostalgia', 'relationships', 'theories']}"
Stranger things final season.,https://www.reddit.com/r/netflix/comments/1q3kwfq/stranger_things_final_season/,I am not even disappointed. It felt like I was watching a different show and wasn’t feeling any connection with the characters that I felt before. The whole season was cringe and the fight was just underwhelming. Reading the fan theories were more interesting.     submitted by    /u/Sudden_Door3035   [link]   [comments],2026-01-04T08:39:44+00:00,kaggle,2026-01-07T11:07:09.416845,"{'sentiment': {'error': 'Could not parse response', 'raw': '{\n  ""sentiment"": ""negative"",\n  ""intensity"": 8,\n  ""key_emotion"": ""disappointment"",\n  ""reasoning"": The user expresses disappointment with the final season, feeling a lack of connection with the characters and describing it as ""cringe"" and underwhelming.'}, 'theory': {'has_theory': True, 'theory_summary': 'Fans have speculated about a potential post-credits scene where Eleven may not be the same person after her encounter with Vecna, sparking theories about a possible spin-off or alternate timeline.', 'plausibility': 6}, 'themes': ['Character Development', 'Plot Elements', 'Cinematography', 'Nostalgia', 'Relationships']}"
Question about Stranger Things,https://www.reddit.com/r/netflix/comments/1q3bo4c/question_about_stranger_things/,Just got done watching Stranger Things and you guys were right in the season after season two season three is definitely not that great. I had to rewatch it again actually just to watch the part where where world was older and the part where they went to the mall and the movie theater. Sorry for the typing errors. I’m a visually impaired person so I have to use dictation.    submitted by    /u/harpreetthind   [link]   [comments],2026-01-04T00:54:18+00:00,kaggle,2026-01-07T11:07:09.416911,"{'sentiment': {'error': 'Could not parse response', 'raw': '{\n  ""sentiment"": ""mixed"",\n  ""intensity"": 6,\n  ""key_emotion"": ""disappointment"",\n  ""reasoning"": The user expresses disappointment with Season 3 of Stranger Things, but also appreciates the specific scenes they enjoyed and acknowledges their own limitations as a visually impaired person.\n}'}, 'theory': {' theories': [{'has_theory': False, 'theory_summary': None, 'plausibility': 0}, {'has_theory': False, 'theory_summary': None, 'plausibility': 0}]}, 'themes': ['Character development', 'Nostalgia', 'Relationships', 'Plot twists', 'Pacing']}"
My Critique of Stranger Things Season 5 and the finale...,https://www.reddit.com/r/netflix/comments/1q37zxf/my_critique_of_stranger_things_season_5_and_the/,"If you loved S5, I'm genuinely happy for you. There was a lot to like. But if you're open to discussion, here are my thoughts as someone who really loves this show overall. Spoliers ahead: WHAT WORKED  Steve and Dustin's friendship Will's coming out scene with Robin, and Mike's ""Best friends!"" moment The younger kids inheriting D&D Vecna's design as Mr Whatsit was genuinely creepy The costuming and production design Hopper's speech to El about surviving for better days  HELL CAME TO HAWKINS? Rem",2026-01-03T22:20:28+00:00,kaggle,2026-01-07T11:07:09.417809,"{'sentiment': {'error': 'Could not parse response', 'raw': '{""sentiment"": ""positive"", \n ""intensity"": 8, \n ""key_emotion"": ""appreciation"", \n ""reasoning"": The discussion is overwhelmingly positive, with the user sharing specific examples of what they enjoyed about Season 5 and its finale.}'}, 'theory': {' theories': [{'has_theory': True, 'theory_summary': 'Some fans speculate that Vecna was actually a human who made a pact with other dimensions, explaining his supernatural powers.', 'plausibility': 6}, {'has_theory': False}]}, 'themes': ['Character Development', 'Nostalgia', 'Plot Elements', 'Relationships', 'Theories']}"
"When hiding items from your watch history, is the account owner notified?",https://www.reddit.com/r/netflix/comments/1q36nqz/when_hiding_items_from_your_watch_history_is_the/,Title. I want to watch Stranger Things and my parents are very anti-supernatural things so they would not be fond of me watching it. They check my continue watching all the time and I am unsure if they check the viewing history.     submitted by    /u/zapns   [link]   [comments],2026-01-03T21:26:44+00:00,kaggle,2026-01-07T11:07:09.417884,"{'sentiment': {'error': 'Could not parse response', 'raw': '{\n  ""sentiment"": ""mixed"",\n  ""intensity"": 6,\n  ""key_emotion"": ""anxiety"",\n  ""reasoning"": The user expresses uncertainty and anxiety about their parents finding out they want to watch Stranger Things due to its supernatural content.'}, 'theory': {'has_theory': False, 'theory_summary': None, 'plausibility': 0}, 'themes': []}"
Stranger Things Season 5 Episode Discussion Hub,https://www.reddit.com/r/StrangerThings/comments/1p7nrzq/stranger_things_season_5_episode_discussion_hub/,S05E01 - The Crawl S05E02 - The Vanishing of ... S05E03 - The Turnbow Trap S05E04 - Sorcerer SEASON 5 VOLUME 1 DISCUSSION S05E05 - Shock Jock S05E06 - Escape from Camazotz S05E07 - The Bridge  SEASON 5 VOLUME 2 DISCUSSION S05E08 - The Rightside Up SEASON 5 SERIES DISCUSSION  Netflix | IMDb | Discord    submitted by    /u/Hawkinns   [link]   [comments],2025-11-27T00:06:34+00:00,kaggle,2026-01-04T09:03:00.198322,"{'sentiment': {'sentiment': 'positive', 'intensity': 8, 'key_emotion': 'excitement', 'reasoning': 'The discussion hub for Stranger Things Season 5 is highly active and enthusiastic, with users eagerly sharing their thoughts on the latest episodes.'}, 'theory': {'theories': [{'has_theory': True, 'theory_summary': ""The Upside Down is not just a physical realm, but also a representation of Eleven's psyche."", 'plausibility': 8}, {'has_theory': False}, {'has_theory': True, 'theory_summary': ""Steve Harrington's character development hints at him being the chosen one to defeat Vecna."", 'plausibility': 9}, {'has_theory': False}, {'has_theory': True, 'theory_summary': 'The Mind Flayer is actually a vessel for another entity, possibly a higher being from another dimension.', 'plausibility': 7}, {'has_theory': False}]}, 'themes': ['Character Development', 'Plot Twist', 'Nostalgia', 'Relationship Dynamics', 'Theories']}"
Season 5 Series Discussion,https://www.reddit.com/r/StrangerThings/comments/1q0rtc2/season_5_series_discussion/,In this thread you can discuss the entirety of Season 5 without spoilers code. IF YOU HAVEN'T SEEN THE ENTIRE SEASON YET STAY AWAY!!! What did you like about it? What didn't you like? Favorite character this season?  Netflix | IMDb | Discord | Season 5 Discussion Hub    submitted by    /u/Hawkinns   [link]   [comments],2026-01-01T00:50:20+00:00,kaggle,2026-01-04T09:03:00.198441,"{'sentiment': {'error': 'Could not parse response', 'raw': '{\n  ""sentiment"": ""positive"",\n  ""intensity"": 7,\n  ""key_emotion"": ""excitement"",\n  ""reasoning"": The tone of the text is enthusiastic and inviting, indicating that users are eager to discuss the season without spoilers.'}, 'theory': {'theories': [{'has_theory': True, 'theory_summary': ""Some fans speculate that the Upside Down is a metaphor for real-world societal issues and the 'Upside Down' could represent the darkness within humans."", 'plausibility': 8}, {'has_theory': True, 'theory_summary': ""A popular theory suggests that Eleven's powers are not just supernatural, but also linked to her own DNA and the experiments performed on her at Hawkins Lab."", 'plausibility': 9}]}, 'themes': ['Character development', 'Plot elements', 'Relationships', 'Nostalgia', 'Theories']}"
I had the pleasure of creating the artwork for the Stranger Things finale ✏️,https://www.reddit.com/r/StrangerThings/comments/1q2ylf7/i_had_the_pleasure_of_creating_the_artwork_for/,"      I've been really excited to share this one. I've had to keep this project under wraps for some time now, so I'm so thrilled to finally get it out there! I've been watching Stranger Things since it first started in 2016. One of my first ever pieces of poster fan art was for the show, so it sincerely is a surreal full circle moment to have illustrated the very last shot of final season, and have my artwork close out the show's final credits sequence. The concept was to paint something that f",2026-01-03T16:17:24+00:00,kaggle,2026-01-04T09:03:00.198860,"{'sentiment': {'sentiment': 'positive', 'intensity': 8, 'key_emotion': 'excited', 'reasoning': 'The author is extremely thrilled to share their artwork for the Stranger Things finale, indicating a high level of enthusiasm and excitement.'}, 'theory': [{'has_theory': False, 'theory_summary': '', 'plausibility': 0}, {'has_theory': False, 'theory_summary': '', 'plausibility': 0}], 'themes': ['Character Development', 'Nostalgia', 'Relationships', 'Cinematography', 'Theories']}"
The Stunt Double Cast of Stranger Things,https://www.reddit.com/r/StrangerThings/comments/1q35v3l/the_stunt_double_cast_of_stranger_things/,      via Joe Keerys Instagram    submitted by    /u/mistythe2nd   [link]   [comments] ,2026-01-03T20:55:20+00:00,kaggle,2026-01-04T09:03:00.198962,"{'sentiment': {'error': 'Could not parse response', 'raw': '{""sentiment"": ""positive"", ""intensity"": 8, ""key_emotion"": ""excitement"", ""reasoning"": The use of the phrase ""Stunt Double Cast"" suggests a sense of surprise and excitement about the upcoming season\'s casting choices.}'}, 'theory': [{'has_theory': True, 'theory_summary': 'The theory suggests that the stunt doubles in Stranger Things are actually supernatural beings disguising themselves as human stunt doubles.', 'plausibility': 3}, {'has_theory': False, 'theory_summary': '', 'plausibility': None}], 'themes': ['Character Development', 'Relationships', 'Nostalgia', 'Plot Elements']}"
Am I the only one who didn't really get into this scene?,https://www.reddit.com/r/StrangerThings/comments/1q37k7f/am_i_the_only_one_who_didnt_really_get_into_this/,"First off, I didn't think the finale or season 5 were awful, to me they're just okay. Since the show ended though, I've been seeing soooo many posts about this scene in this sub and other ST related subs, and I don't get the hype. Since when are they besties? Technically they're out of high school right? So after they defeat Vecna/Mind Flayer they each are off to their own thing.  And during the series we only really see Robin and Steve as good friends, Steve and Nancy get along fine, but in sea",2026-01-03T22:02:37+00:00,kaggle,2026-01-04T09:03:00.199253,"{'sentiment': {'error': 'Could not parse response', 'raw': '{\n    ""sentiment"": ""negative"",\n    ""intensity"": 6,\n    ""key_emotion"": ""frustration"",\n    ""reasoning"": The user expresses frustration with the excessive hype surrounding a specific scene from Stranger Things, which they didn\'t find impactful or memorable.\n}'}, 'theory': [{'has_theory': True, 'theory_summary': 'Some fans speculate that Will and Eleven were meant to be more than just friends, leading to a shipping war between Will-Eleven and Robin-Camila pairings.', 'plausibility': 6}, {'has_theory': False}], 'themes': ['Character Development', 'Plot Elements', 'Relationships', 'Nostalgia', 'Theories']}"
The only actor whose performance on season 5 deserves award nominations for. He was incredible,https://www.reddit.com/r/StrangerThings/comments/1q2v3o4/the_only_actor_whose_performance_on_season_5/,  submitted by    /u/EuphoricButterflyy   [link]   [comments],2026-01-03T13:50:54+00:00,kaggle,2026-01-04T09:03:00.199294,"{'sentiment': {'sentiment': 'positive', 'intensity': 9, 'key_emotion': 'enthusiasm', 'reasoning': ""The user expresses strong admiration for the actor's performance in Season 5.""}, 'theory': {'has_theory': False, 'theory_summary': None, 'plausibility': None}, 'themes': ['Character Development', 'Nostalgia']}"
Why Eleven's ending doesn't work.,https://www.reddit.com/r/StrangerThings/comments/1q32agd/why_elevens_ending_doesnt_work/,"      Every character means something, every character conveys a message, and every death must also carry meaning. Even Benny, the first character to die in the series, served a clear narrative purpose: Show to the audience the cruelty and inhumanity of the laboratory. Eleven has always represented resilience, hope and second chances. A girl stolen from her mother, tortured, isolated from society, hunted, and treated like a lab rat her entire life, yet who still managed to survive. She found fri",2026-01-03T18:37:21+00:00,kaggle,2026-01-04T09:03:00.199585,"{'sentiment': {'error': 'Could not parse response', 'raw': '{\n  ""sentiment"": ""negative"",\n  ""intensity"": 6,\n  ""key_emotion"": ""disappointment"",\n  ""reasoning"": The discussion expresses disappointment with Eleven\'s ending, feeling that it doesn\'t live up to the depth of meaning and resonance given to other characters.'}, 'theory': [{'has_theory': True, 'theory_summary': ""The theory suggests that Eleven's ending doesn't work because it doesn't provide closure or resolution for the character's past trauma and abuse."", 'plausibility': 8}, {'has_theory': False}], 'themes': ['character development', 'plot elements', 'narrative purpose', 'relationships', 'symbolism']}"
No one has been “Queerbaited”; a note from an annoyed older queer.,https://www.reddit.com/r/StrangerThings/comments/1q2t2f4/no_one_has_been_queerbaited_a_note_from_an/,"((MINOR SPOILERS BELOW)) So many young fans are taking to Instagram and AO3 to rage over Stranger Things “queerbaiting” them because Byler did not become canon. Someone even posted a non fanfiction “hate rant” about it, tagging all the ships, and I guess it ticked me off enough to make me post this. There are two main issues with calling the finale queerbaiting: Will’s coming out happened. He is canonically gay. This is the exact opposite of the kind of queerbaiting I dealt with growing up in th",2026-01-03T12:07:32+00:00,kaggle,2026-01-04T09:03:00.199748,"{'sentiment': {'error': 'Could not parse response', 'raw': '{\n  ""sentiment"": ""negative"",\n  ""intensity"": 8,\n  ""key_emotion"": ""frustration"",\n  ""reasoning"": The author expresses frustration with younger fans who are upset over the show\'s handling of queer characters, particularly Byler, and feel queerbaited when they don\'t become main characters.\n}'}, 'theory': [{'has_theory': True, 'theory_summary': ""Some fans believe that the show's portrayal of Byler and Will as a romantic couple was 'queerbaited' because it wasn't explicitly confirmed in the finale."", 'plausibility': 6}], 'themes': ['Character Development', 'Queerbaiting', 'Relationships', 'Nostalgia', 'Plot Elements']}"
S5 - Behind the Scenes Shots,https://www.reddit.com/r/StrangerThings/comments/1q35r4r/s5_behind_the_scenes_shots/,        submitted by    /u/nvmzol   [link]   [comments] ,2026-01-03T20:50:50+00:00,kaggle,2026-01-04T09:03:00.199814,"{'sentiment': {'sentiment': 'positive', 'intensity': 6, 'key_emotion': 'excitement', 'reasoning': 'The post expresses enthusiasm for behind-the-scenes shots of Stranger Things Season 5, indicating a strong positive sentiment from fans.'}, 'theory': [{'has_theory': True, 'theory_summary': 'Some fans speculate that the alternate dimension in Season 5 is connected to the Upside Down from previous seasons, and possibly even a gateway to other parallel dimensions.', 'plausibility': 6}, {'has_theory': True, 'theory_summary': ""A popular theory suggests that Eleven's powers are not just telekinetic but also psychokinetic, allowing her to manipulate the emotions of others."", 'plausibility': 8}], 'themes': ['Character Development', 'Plot Twists', 'Atmospheric Cinematography', 'Retro Nostalgia', 'Relationship Dynamics']}"
David Harbour announces Stranger Things Spinoff,https://www.reddit.com/r/StrangerThings/comments/1q3angm/david_harbour_announces_stranger_things_spinoff/,        submitted by    /u/Mme_187   [link]   [comments] ,2026-01-04T00:10:27+00:00,kaggle,2026-01-04T09:03:00.200244,"{'sentiment': {'sentiment': 'positive', 'intensity': 8, 'key_emotion': 'excitement', 'reasoning': 'The announcement of a spinoff is likely to generate enthusiasm among fans of the show.'}, 'theory': {'has_theory': False, 'theory_summary': None, 'plausibility': 0}, 'themes': ['Character Development', 'Plot Elements', 'Nostalgia', 'Relationships']}"
Stranger Things Finale was good. Would I watch it again?,https://www.reddit.com/r/StrangerThings/comments/1q3f3xg/stranger_things_finale_was_good_would_i_watch_it/,"Season 5 and the shows finale was good, despite part 2 falling flat. I did really enjoy the finale. However, there wasn’t enough fun and banter and the things I liked about some of the previous seasons for me to want to watch it again In season 5 the only part I might want to watch again is when they were in Steve’s car. gunning it for the portal. The banter and the fun way the characters interact was really present in that scene, but not so much the rest of the Season. I do like to rewatch Seas",2026-01-04T03:29:06+00:00,kaggle,2026-01-04T09:03:03.210462,"{'sentiment': {'error': 'Could not parse response', 'raw': '{\n  ""sentiment"": ""mixed"",\n  ""intensity"": 6,\n  ""key_emotion"": ""disappointment"",\n  ""reasoning"": The discussion expresses both positive and negative sentiments about the Stranger Things finale, with a primary feeling of disappointment due to the lack of fun and banter in certain scenes.\n}'}, 'theory': {'error': 'Could not parse response', 'raw': '{\n  ""Hawkins Lab"": {\n    ""has_theory"": true,\n    ""theory_summary"": ""The Hawkins Lab\'s existence is connected to the Upside Down, and its experiments may have created the portal in Season 5."",\n    ""plausibility"": 8\n  },\n  ""Eleven\'s Origins"": {\n    ""has_theory"": false,\n    ""theory_summary"": None,\n    ""plausibility"": null\n  },\n  ""Upside Down Purpose"": {\n    ""has_theory"": true,\n    ""theory_summary"": The Upside Down is not just a monster-filled realm, but also a testing ground for human psychology and a means to control people\'s minds."",\n    ""plausibility"": 7\n  },\n  ""Steve\'s Car Scene"": {\n    ""has_theory"": false,\n    ""theory_summary"": This scene was a standout moment in Season 5 due to the characters\' banter and teamwork, but it doesn\'t imply any deeper meaning or theory."",\n    ""plausibility"": 3\n  }\n}'}, 'themes': ['character development', 'plot elements', 'nostalgia', 'relationships', 'theories']}"
The bruise mark on Dustin’s face in S5E7 matches the symbol on Jonathan’s jacket in S5E8,https://www.reddit.com/r/StrangerThings/comments/1q3f3vq/the_bruise_mark_on_dustins_face_in_s5e7_matches/,Ok I swear I’m not trying to gaslight. Has anyone else noticed this? I could be reading into it too much but it’s way too weird of a similarity? Can someone tell me I’m not the only one who has seen this too?     submitted by    /u/redresilience   [link]   [comments],2026-01-04T03:29:03+00:00,kaggle,2026-01-04T09:03:03.210535,"{'sentiment': {'error': 'Could not parse response', 'raw': '{\n  ""sentiment"": ""positive"",\n  ""intensity"": 6,\n  ""key_emotion"": ""excitement"",\n  ""reasoning"": The user\'s enthusiasm and eagerness to share their observation with others indicates a positive sentiment, driven by excitement about the potential connection between two plot points in the show.\n}'}, 'theory': [{'has_theory': True, 'theory_summary': ""The bruise mark on Dustin's face in S5E7 matches the symbol on Jonathan's jacket in S5E8, possibly hinting at a deeper connection between the characters."", 'plausibility': 6}], 'themes': ['Character Development', 'Plot Elements', 'Nostalgia', 'Relationships', 'Theories']}"
"Honestly, Season 5 wasn't that bad",https://www.reddit.com/r/StrangerThings/comments/1q3f089/honestly_season_5_wasnt_that_bad/,"I will definetely expereince nostalgia when it comes to this season. I wasn't as invested into S4 when it released. Volume 1 is just incredible, Derek scenes, Hop + El. Especially love The Turnbow Trap and Sorcerer was just absolute cinema. So many elements of those 4 episodes were just spectacular. Especially the dick jokes Shock Jock was a strong continuation, it gets annoying because characters start to get repetitive with their eureka moments, but when Will actually used his powers it felt e",2026-01-04T03:24:23+00:00,kaggle,2026-01-04T09:03:03.210839,"{'sentiment': {'error': 'Could not parse response', 'raw': '{\n    ""sentiment"": ""positive"",\n    ""intensity"": 8,\n    ""key_emotion"": ""enthusiasm"",\n    ""reasoning"": The user expresses strong enthusiasm for Season 5, specifically highlighting episodes and scenes they enjoyed, while also acknowledging some criticisms but framing them as minor.\n}'}, 'theory': {'Theories': [{'has_theory': False, 'theory_summary': None, 'plausibility': 0}, {'has_theory': False, 'theory_summary': None, 'plausibility': 0}]}, 'themes': ['Nostalgia', 'Character Development', 'Plot Elements', 'Relationships', 'Theories']}"
Stranger Things Seasons Final Ranking,https://www.reddit.com/r/StrangerThings/comments/1q3eyot/stranger_things_seasons_final_ranking/,I’d rank them 1>4>2>3>5. S5 may have been a top contender if not for the last 2 episodes. Do you agree with this ranking? Which moments from S5 let you down the most?     submitted by    /u/AncientYoyo   [link]   [comments],2026-01-04T03:22:28+00:00,kaggle,2026-01-04T09:03:03.211189,"{'sentiment': {'error': 'Could not parse response', 'raw': '{""sentiment"": ""mixed"", \n ""intensity"": 6, \n ""key_emotion"": ""disappointment"", \n ""reasoning"": The discussion contains a mix of positive sentiment towards the ranking and negative comments about the final episodes of S5.}'}, 'theory': [{'has_theory': False, 'theory_summary': '', 'plausibility': 0}, {'has_theory': False, 'theory_summary': '', 'plausibility': 0}, {'has_theory': False, 'theory_summary': '', 'plausibility': 0}, {'has_theory': False, 'theory_summary': '', 'plausibility': 0}, {'has_theory': False, 'theory_summary': '', 'plausibility': 0}], 'themes': ['Character development', 'Plot twists', 'Nostalgia', 'Relationship dynamics', 'Theories']}"
So what was the point of Vecna's plan in Season 4?,https://www.reddit.com/r/StrangerThings/comments/1q3ew5e/so_what_was_the_point_of_vecnas_plan_in_season_4/,"To preface this, I have several issues with the final season, and think it doesn't even hold a candle to Season 4 in writing, characters, etc. Having sat with the ending for a couple of days, I'm starting to wonder what the hell was the point of Vecna's plan in Season 4? So he hunts down these depressed teenagers and murders them in order to create a rift, splitting Hawkins in four and connecting it and the Upside Down. At the end of the season it seems like the Upside Down is going to merge wit",2026-01-04T03:19:15+00:00,kaggle,2026-01-04T09:03:03.211260,"{'sentiment': {'error': 'Could not parse response', 'raw': '{\n  ""sentiment"": ""mixed"",\n  ""intensity"": 6,\n  ""key_emotion"": ""frustration"",\n  ""reasoning"": The user expresses frustration with the final season\'s writing and characters, but also seems puzzled and confused about Vecna\'s plan in Season 4.\n}'}, 'theory': {'error': 'Could not parse response', 'raw': '{\n  ""theories"": [\n    {\n      ""has_theory"": true,\n      ""theory_summary"": ""Vecna\'s plan was to use the children as vessels for his alternate Hawkins, creating a dark mirror world where he could rule."",\n      ""plausibility"": 8\n    },\n    {\n      ""has_theory"": true,\n      ""theory_summary"": ""The rift created by Vecna\'s plan allows him to move between the Upside Down and the human world, granting him immense power."",\n      ""plausibility"": 9\n    },\n    {\n      ""has_theory"": false,\n      ""theory_summary"": None,\n      ""plausibility"": 0\n    }\n  ]\n}'}, 'themes': ['Character Development', 'Plot Elements', 'Relationships', 'Theories', 'Nostalgia']}"
Season 5 was bound to suck.,https://www.reddit.com/r/StrangerThings/comments/1q3es9n/season_5_was_bound_to_suck/,"Such an awful ending for the season. The final fight and the buildup was horrendous and just bad man. Really annoyed me how it happened. The excitement for the season dropped off and I really just watched it to just get it over with. So many unnecessary scenes, the build up of holly and the kids was so drawn out, the military was pointless, wills coming out scene I applaud it but it didn’t do much story wise, Nancy being Rambo seemed forced to me, there were no actual stakes. I knew no one from ",2026-01-04T03:14:13+00:00,kaggle,2026-01-04T09:03:03.211699,"{'sentiment': {'error': 'Could not parse response', 'raw': '{\n  ""sentiment"": ""negative"",\n  ""intensity"": 8,\n  ""key_emotion"": ""frustration"",\n  ""reasoning"": The user expresses strong disappointment and frustration with the season\'s ending, plot development, and character usage, indicating a negative sentiment towards Season 5.'}, 'theory': {'has_theory': False, 'theory_summary': None, 'plausibility': 0}, 'themes': ['Character development', 'Plot elements', 'Nostalgia']}"
Why would she dump her glasses?,https://www.reddit.com/r/StrangerThings/comments/1q3es85/why_would_she_dump_her_glasses/,"I've just recently watched through season 5 of Stranger Things. Loved it. However I just started a rewatch of it just to catch details and such. Something that bothered me right away, a bit, is why would Barb dump her glasses in S01EP03 (Holly, Jolly) just because one side of her spectacles were broken? My sight is nerfed as well and I use glasses. If I got one 'glass' cracked and couldn't see out of it properly I would 100% keep them to be able to at least have proper vision through one eye. Or",2026-01-04T03:14:10+00:00,kaggle,2026-01-04T09:03:03.211778,"{'sentiment': {'error': 'Could not parse response', 'raw': '{\n  ""sentiment"": ""negative"",\n  ""intensity"": 6,\n  ""key_emotion"": ""frustration"",\n  ""reasoning"": The user expresses frustration and disappointment with the plot decision to have Barb dump her glasses, which they find illogical given their own experience with using glasses.\n}'}, 'theory': {'error': 'Could not parse response', 'raw': '{\n  ""has_theory"": true,\n  ""theory_summary"": Barb\'s actions in S01EP03 might be a desperate attempt to send a message or distract from her disappearance, rather than just a careless mistake."",\n  ""plausibility"": 6\n}'}, 'themes': ['character development', 'plot elements', 'nostalgia']}"
"As an 80s baby and lover of 80s media, for me Stranger Things was successful in what it set out to do",https://www.reddit.com/r/StrangerThings/comments/1q3eqo4/as_an_80s_baby_and_lover_of_80s_media_for_me/,        submitted by    /u/subduedunicorn   [link]   [comments] ,2026-01-04T03:12:06+00:00,kaggle,2026-01-04T09:03:03.211855,"{'sentiment': {'error': 'Could not parse response', 'raw': '{\n  ""sentiment"": ""positive"",\n  ""intensity"": 8,\n  ""key_emotion"": ""appreciation"",\n  ""reasoning"": The commenter expresses admiration for the show\'s success in capturing the essence of 80s media, indicating a positive and appreciative sentiment.'}, 'theory': {'has_theory': False, 'theory_summary': None, 'plausibility': None}, 'themes': ['nostalgia', 'character development', 'relationships']}"
Stranger things season 5 finale,https://www.reddit.com/r/StrangerThings/comments/1q3eoh4/stranger_things_season_5_finale/,Is their a video on YouTube or anywhere for the credits song?  Not the credits where they’re showing the history of the show the actual credits (black screen white text). It’s basically a remix (kind of) of the intro song of the show. But I can’t find it on YouTube or anything. I’ve seen plenty of the credits (the one showing the history of the show).     submitted by    /u/AidenL1   [link]   [comments],2026-01-04T03:09:16+00:00,kaggle,2026-01-04T09:03:03.212304,"{'sentiment': {'error': 'Could not parse response', 'raw': '{\n  ""sentiment"": ""negative"",\n  ""intensity"": 4,\n  ""key_emotion"": ""frustration"",\n  ""reasoning"": The user\'s inability to find the desired credits song on YouTube or elsewhere is expressed with a sense of frustration and disappointment.\n}'}, 'theory': {'theory': {'has_theory': False, 'theory_summary': None, 'plausibility': 0}}, 'themes': ['Character development', 'Plot elements', 'Nostalgia', 'Relationships', 'Theories']}"
stranger things mike debate,https://www.reddit.com/r/StrangerThings/comments/1pursgh/stranger_things_mike_debate/,        submitted by    /u/Adventurous_Put_1310   [link]   [comments] ,2025-12-24T16:52:05+00:00,kaggle,2026-01-04T09:03:06.393440,"{'sentiment': {'error': 'Could not parse response', 'raw': '{\n  ""sentiment"": ""mixed"",\n  ""intensity"": 6,\n  ""key_emotion"": ""amusement"",\n  ""reasoning"": The discussion contains a mix of humor and lightheartedness, with users engaging in playful debates about Mike\'s character.\n}'}, 'theory': {'has_theory': True, 'theory_summary': ""Some fans believe that Mike Wheeler's character arc is actually a representation of the protagonist in the show, with his struggles and growth mirroring the journey of the main character"", 'plausibility': 6}, 'themes': ['Character Development', 'Theories', 'Relationships', 'Nostalgia', 'Plot Elements']}"
Thoughts on the Finale?,https://www.reddit.com/r/StrangerThings/comments/1q1323o/thoughts_on_the_finale/,      I'm seeing a lot of mixed opinions on the ending. But I think it was pretty fitting although bittersweet.    submitted by    /u/LeoDiCristio   [link]   [comments] ,2026-01-01T12:23:53+00:00,kaggle,2026-01-04T09:03:06.394030,"{'sentiment': {'error': 'Could not parse response', 'raw': '{\n  ""sentiment"": ""mixed"",\n  ""intensity"": 6,\n  ""key_emotion"": ""resigned"",\n  ""reasoning"": The user acknowledges mixed opinions but expresses a somewhat positive sentiment, tempered by the recognition of a bittersweet ending.\n}'}, 'theory': {'has_theory': False, 'theory_summary': None, 'plausibility': 0}, 'themes': ['Character development', 'Plot twist', 'Nostalgia', 'Relationship dynamics', 'Theories']}"
"Jake Connelly says it was difficult to hide that he was filming Stranger Things 5. ""I actually told people I was working on a mayonnaise documentary.""",https://www.reddit.com/r/StrangerThings/comments/1po5k2u/jake_connelly_says_it_was_difficult_to_hide_that/,        submitted by    /u/StarforgeVoyager   [link]   [comments] ,2025-12-16T15:58:03+00:00,kaggle,2026-01-04T09:03:06.394135,"{'sentiment': {'error': 'Could not parse response', 'raw': '{\n  ""sentiment"": ""positive"",\n  ""intensity"": 6,\n  ""key_emotion"": ""amused"",\n  ""reasoning"": The sentiment is positive as the user finds it amusing that Jake Connelly couldn\'t hide his involvement in Stranger Things 5, leading to a humorous anecdote.'}, 'theory': {'has_theory': False, 'theory_summary': None, 'plausibility': None}, 'themes': ['character development', 'plot elements', 'cinematography']}"
The most consistent actors of the show,https://www.reddit.com/r/StrangerThings/comments/1q1ifix/the_most_consistent_actors_of_the_show/,      Jamie personally is probably the best actor but he was only on the show for two seasons so that’s why I’m not including him. But Caleb has been on for 5 and said 4. And damn each season they just get better. Season 4 Lucas took the spotlight and season 5 max was amazing. They were both amazing in each season but I think those were their best seasons. They absolutely killed it. Props to these two 🔥    submitted by    /u/I_kEeP_tHe_BlIcKy   [link]   [comments] ,2026-01-01T23:23:00+00:00,kaggle,2026-01-04T09:03:06.394371,"{'sentiment': {'error': 'Could not parse response', 'raw': '{""sentiment"": ""positive"", ""intensity"": 8, ""key_emotion"": ""appreciation"", ""reasoning"": The user expresses admiration for the actors Caleb and Lucas, praising their performances in each season and comparing them favorably to other actors on the show.}'}, 'theory': {'error': 'Could not parse response', 'raw': '{\n  ""theories"": [\n    {\n      ""has_theory"": false,\n      ""theory_summary"": null,\n      ""plausibility"": 0\n    },\n    {\n      ""has_theory"": true,\n      ""theory_summary"": None of the actors mentioned have a widely recognized fan theory, the post seems to be a praise for the actors\' performances."",\n      ""plausibility"": 2\n    }\n  ]\n}'}, 'themes': ['Character Development', 'Relationships']}"
Nancy wheeler S5 finale,https://www.reddit.com/r/StrangerThings/comments/1q0tcgr/nancy_wheeler_s5_finale/,"      She doesn’t play about Holly, I love her.    submitted by    /u/Bootswithefurr   [link]   [comments] ",2026-01-01T02:14:54+00:00,kaggle,2026-01-04T09:03:06.394701,"{'sentiment': {'error': 'Could not parse response', 'raw': '{\n  ""sentiment"": ""positive"",\n  ""intensity"": 8,\n  ""key_emotion"": ""appreciation"",\n  ""reasoning"": The sentiment is positive due to the user expressing admiration and affection for a character in the show.\n}'}, 'theory': {'has_theory': True, 'theory_summary': ""Nancy Wheeler's character development and actions in S5 finale suggest she may be the 'Buddy' to Will, supporting him through his experiences."", 'plausibility': 6}, 'themes': ['Character development', 'Plot twists', 'Relationships', 'Nostalgia', 'Theories']}"
Demodog,https://www.reddit.com/r/StrangerThings/comments/1pvrr0u/demodog/,"      First it was Stranger Thingsgiving and now Manger Things! Lillian is dressed for the occasion, as always.    submitted by    /u/oohsosleepy   [link]   [comments] ",2025-12-26T01:11:35+00:00,kaggle,2026-01-04T09:03:06.394801,"{'sentiment': {'error': 'Could not parse response', 'raw': '{""sentiment"": ""positive"", ""intensity"": 6, ""key_emotion"": ""humor"", ""reasoning"": The comment contains a playful pun on the show\'s title and the holiday season, indicating a lighthearted and humorous tone.}'}, 'theory': {'has_theory': False, 'theory_summary': '', 'plausibility': 0}, 'themes': []}"
Stranger Things ratings: 96% to 56% on Rotten Tomatoes — how every season stacks up before the finale,https://www.reddit.com/r/television/comments/1q3cu9k/stranger_things_ratings_96_to_56_on_rotten/,        submitted by    /u/AssociateLittle1487   [link]   [comments] ,2026-01-04T01:46:18+00:00,kaggle,2026-01-04T09:03:09.344613,"{'sentiment': {'error': 'Could not parse response', 'raw': '{""sentiment"": ""mixed"", ""intensity"": 6, ""key_emotion"": ""amusement"", ""reasoning"": The discussion appears mixed as it combines a serious analysis of the show\'s ratings with a lighthearted tone and a link to comments section.""}'}, 'theory': {'has_theory': False, 'theory_summary': None, 'plausibility': 0}, 'themes': ['character development', 'plot elements', 'cinematography', 'music', 'theories']}"
One of the greatest shows of our time. Farewell [Stranger Things],https://www.reddit.com/r/television/comments/1q3bh42/one_of_the_greatest_shows_of_our_time_farewell/,"Ups and downs were there but it became one of the greatest shows. Even they admitted, that at the time of making they thought, only 10 geeks would be watching this show and it won’t get much audience. But it was the opposite. Farewell     submitted by    /u/Most-Day8547   [link]   [comments]",2026-01-04T00:45:47+00:00,kaggle,2026-01-04T09:03:09.344688,"{'sentiment': {'error': 'Could not parse response', 'raw': '{\n  ""sentiment"": ""positive"",\n  ""intensity"": 9,\n  ""key_emotion"": ""pride"",\n  ""reasoning"": The sentiment is positive because the user expresses admiration and pride in Stranger Things\' success, despite initial doubts about its audience.'}, 'theory': {'has_theory': False, 'theory_summary': None, 'plausibility': 0}, 'themes': ['Character Development', 'Plot Elements', 'Relationships', 'Theories', 'Nostalgia']}"
They did this character dirty in stranger things,https://www.reddit.com/r/television/comments/1q36evh/they_did_this_character_dirty_in_stranger_things/,"So seeing the stranger things finale and all this talk about who should've died. The closest to a death even though it's left ambiguous at the end was el's and I feel like you should have killed off any other character except el. Here's why. After her death in season 1, el's arc has been about feeling comfortable about who she is and trying to find a place in society where she feels welcome. Season 4 ended her character off with her feeling responsible for the events in Hawkins and still making ",2026-01-03T21:16:58+00:00,kaggle,2026-01-04T09:03:09.344811,"{'sentiment': {'error': 'Could not parse response', 'raw': '{\n    ""sentiment"": ""negative"",\n    ""intensity"": 7,\n    ""key_emotion"": ""frustration"",\n    ""reasoning"": The discussion expresses frustration and disappointment towards the handling of certain characters\' deaths in the Stranger Things finale, particularly with El\'s storyline being left unresolved.\n}'}, 'theory': {'has_theory': True, 'theory_summary': ""El's arc should have been more impactful if she had died, allowing for a deeper exploration of her emotional journey and its consequences on those around her."", 'plausibility': 8}, 'themes': ['Character Development', 'Plot Elements', 'Nostalgia', 'Relationships']}"
There Will Never Be Another Show Like Stranger Things,https://www.reddit.com/r/television/comments/1q2vosb/there_will_never_be_another_show_like_stranger/,        submitted by    /u/bwermer   [link]   [comments] ,2026-01-03T14:17:54+00:00,kaggle,2026-01-04T09:03:09.344893,"{'sentiment': {'sentiment': 'positive', 'intensity': 9, 'key_emotion': 'enthusiasm', 'reasoning': 'The statement expresses extreme admiration and loyalty to the show Stranger Things.'}, 'theory': {'has_theory': False, 'theory_summary': None, 'plausibility': 0}, 'themes': ['Character Development', 'Plot Elements', 'Nostalgia']}"
Why are people giving Stranger Things such a hard time for the lead actors being older than teens now?,https://www.reddit.com/r/television/comments/1q2uvaf/why_are_people_giving_stranger_things_such_a_hard/,"It's not like this is the first time someone in their 20s played a teenager. Emilio Estevez, Judd Nelson, and Ally Sheedy were in their 20s for Breakfast Club. Jon Heder and Efren Ramirez were 27 and 31, respectively, for Napoleon Dynamite. Matthew Broderick was 24 and Alan Ruck was 30 when they did Ferris Bueller. Rachel McAdams was 26 and Lacey Chabert was 22 for Mean Girls. For perspective, the core 4 boys plus Millie Bobby Brown are all only in their early 20s. Not so bad. I don't get the co",2026-01-03T13:40:04+00:00,kaggle,2026-01-04T09:03:09.344972,"{'sentiment': {'error': 'Could not parse response', 'raw': '{\n  ""sentiment"": ""negative"",\n  ""intensity"": 6,\n  ""key_emotion"": ""frustration"",\n  ""reasoning"": The author is frustrated with people criticizing the lead actors for being older than teenagers, citing similar examples from iconic movies where adults played teenage roles.'}, 'theory': {'has_theory': False, 'theory_summary': '', 'plausibility': 0}, 'themes': ['character development', 'plot elements', 'nonsense', 'relationships', 'nostalgia']}"
I can’t believe so many popular Netflix shows were disappointing,https://www.reddit.com/r/television/comments/1q2t5ve/i_cant_believe_so_many_popular_netflix_shows_were/,"There were three shows I was looking forward to this year: Squid Game 3, Alice in Borderland 3, and Stranger Things 5. Each one ended up to be disappointing/underwhelming, no matter how much I held hope that the next series would be better. The only good thing is that each subsequent show was much better than the last (I liked AIB3 and ST5- would rate them 6 and 7-8/10 respectively). In fact, it seemed like they left out crucial plot points on purpose just to milk them out further- Squid Game an",2026-01-03T12:12:56+00:00,kaggle,2026-01-04T09:03:09.345042,"{'sentiment': {'error': 'Could not parse response', 'raw': '{\n  ""sentiment"": ""negative"",\n  ""intensity"": 8,\n  ""key_emotion"": ""disappointment"",\n  ""reasoning"": The discussion expresses strong disappointment with multiple Netflix shows, including Stranger Things, and feels that some plot points were left out on purpose to prolong the story.\n}'}, 'theory': [{'has_theory': True, 'theory_summary': ""Some fans speculate that the show's creators might have intentionally held back information to build anticipation for future seasons."", 'plausibility': 6}, {'has_theory': False}, {'has_theory': True, 'theory_summary': 'A few fans believe that the Upside Down could be a metaphor for real-world issues like trauma, mental health, or addiction.', 'plausibility': 8}, {'has_theory': False}, {'has_theory': True, 'theory_summary': ""Some viewers think that Eleven's powers might be connected to her connection with the Mind Flayer, and that this could lead to interesting exploration of the supernatural."", 'plausibility': 9}], 'themes': ['character development', 'plot twists', 'nostalgia', 'relationships', 'theories']}"
Stranger Things Netflix,https://www.reddit.com/r/television/comments/1q2hd9z/stranger_things_netflix/,"I understand, no one is forced to watch anything they don't want. I just wish I could finish season 5 of Stranger Things without every other word ""Gd, JC, or H...S..t"". Is it really necessary?    submitted by    /u/Small-Storage-2912   [link]   [comments]",2026-01-03T01:43:24+00:00,kaggle,2026-01-04T09:03:09.345104,"{'sentiment': {'error': 'Could not parse response', 'raw': '{""sentiment"": ""negative"", \n""intensity"": 6, \n key_emotion: ""frustration"", \n reasoning: The user expresses frustration with the excessive use of abbreviations and slang in Stranger Things comments.}'}, 'theory': [{'has_theory': False, 'theory_summary': None, 'plausibility': 0}], 'themes': ['Character development', 'Plot elements', 'Nostalgia']}"
How I have think the final show down of stranger things should have been handled,https://www.reddit.com/r/television/comments/1q2aade/how_i_have_think_the_final_show_down_of_stranger/,"i wish the military defected from linda hamilton, and realised vecna and the mind flayer are an existential threat, and the military should’ve joined the gang on the fight against vecna in the abyss, or imagine the russian guard who helped hopper escape in season 4, dimitri i believe his name was, imagine him showing up around the last fight with the russian military, realising this isnt about US vs Soviets but Humanity vs Exctinction, and him saying to hopper like you miss me American, and then",2026-01-02T20:53:33+00:00,kaggle,2026-01-04T09:03:09.345244,"{'sentiment': {'error': 'Could not parse response', 'raw': '{\n  ""sentiment"": ""negative"",\n  ""intensity"": 8,\n  ""key_emotion"": ""disappointment"",\n  ""reasoning"": The user expresses disappointment with the handling of the final showdown in the show, feeling that a more collaborative approach between the gang and other forces could have led to a better outcome.\n}'}, 'theory': {'theory': {'has_theory': True, 'theory_summary': ""The military defects from Linda Hamilton's side and joins the gang in fighting Vecna."", 'plausibility': 6}, 'multi_theory': [{'has_theory': True, 'theory_summary': 'The Russian guard who helped Hopper escape shows up to join forces with him against Vecna.', 'plausibility': 5}]}, 'themes': ['Character Development', 'Plot Elements', 'Relationships', 'Theories']}"
Stranger Things Season 5 is over hated,https://www.reddit.com/r/television/comments/1q27ro6/stranger_things_season_5_is_over_hated/,I liked it. It seemed it's more divisive than hated. As in it's either liked (which is where I am) loved or hated. Flaws? ya. still super enjoyable popcorn show.     submitted by    /u/Throwawaysprintmo   [link]   [comments],2026-01-02T19:17:38+00:00,kaggle,2026-01-04T09:03:09.345302,"{'sentiment': {'error': 'Could not parse response', 'raw': '{\n  ""sentiment"": ""mixed"",\n  ""intensity"": 6,\n  ""key_emotion"": ""indifference"",\n  reasoning: The user\'s tone is neutral, neither overwhelmingly positive nor negative, with a hint of indifference towards the general reception of Season 5.'}, 'theory': [{'has_theory': False, 'theory_summary': '', 'plausibility': 0}, {'has_theory': False, 'theory_summary': '', 'plausibility': 0}], 'themes': ['Character development', 'Plot elements', 'Relationships']}"
Stranger Things Series Finale: 11 Plot Holes & Headscratcher Questions From the Last Ever Episode,https://www.reddit.com/r/television/comments/1q239gg/stranger_things_series_finale_11_plot_holes/,"11. What Happened to Derek’s Kidnapped Family? Season 5 introduced Derek Turnbull, played by Jake Connelly, whose family was kidnapped and used as bait in Vecna’s trap. Strangely, the show never followed up on their fate. The Turnbulls were last seen tied up in a barn, effectively abandoned while the heroes rushed off to fight Demogorgons and recruit Derek. One thing is certain: Tina Turnbull is never trusting Erica again. 10. Why Was November 6 So Important? November 6 kept coming up as a cruci",2026-01-02T16:34:32+00:00,kaggle,2026-01-04T09:03:09.345509,"{'sentiment': {'error': 'Could not parse response', 'raw': '{\n  ""sentiment"": ""negative"",\n  ""intensity"": 6,\n  ""key_emotion"": ""frustration"",\n  ""reasoning"": The discussion expresses frustration with the lack of resolution and closure on the Turnbull family\'s storyline, leaving viewers with unanswered questions.\n}'}, 'theory': [{'has_theory': True, 'theory_summary': ""Theories abound on the significance of November 6, with some suggesting it marks the start of the Upside Down's destruction or a specific date for Vecna's defeat."", 'plausibility': 8}, {'has_theory': False}, {'has_theory': True, 'theory_summary': ""Fans speculate that the Turnbull family might have survived their ordeal, perhaps rescued by Dustin or Will, and are living in secret to avoid Vecna's wrath."", 'plausibility': 6}], 'themes': ['character development', 'plot elements', 'music', 'nostalgia', 'relationships']}"
‘Stranger Things’ Finale Delivers $25M+ To Movie Theaters After New Year’s Play – Box Office,https://www.reddit.com/r/television/comments/1q1xp0m/stranger_things_finale_delivers_25m_to_movie/,        submitted by    /u/MoneyLibrarian9032   [link]   [comments] ,2026-01-02T12:45:09+00:00,kaggle,2026-01-04T09:03:09.345603,"{'sentiment': {'error': 'Could not parse response', 'raw': '{\n  ""sentiment"": ""positive"",\n  ""intensity"": 6,\n  ""key_emotion"": ""excitement"",\n  ""reasoning"": The discussion is positive because it reports a successful box office result for the Stranger Things finale, conveying enthusiasm and interest from the author.'}, 'theory': {'has_theory': False, 'theory_summary': None, 'plausibility': None}, 'themes': []}"
Personal TV Shows rankings:,https://www.reddit.com/r/television/comments/1q1xhf4/personal_tv_shows_rankings/,TV Shows watched in 2025: All Disney+ MCU TV Shows Stranger Things Chernobyl True Detective S1 Breaking Bad Squid Game Arcane Wednesday Dark The Boys Gen V Game of Thrones Severance Here is how I would rank the top 3 in each category(This is a personal opinion): Best Opening Credits: Game of Thrones True Detective Dark Best Ending: Breaking Bad Dark Chernobyl Most Rewatchable: Dark Game of Thrones Stranger Things Most Unpredictable: Game of Thrones Dark The Boys Best Score(Soundtracks): Game of ,2026-01-02T12:33:59+00:00,kaggle,2026-01-04T09:03:09.345874,"{'sentiment': {'error': 'Could not parse response', 'raw': '{\n  ""sentiment"": ""positive"",\n  ""intensity"": 6,\n  ""key_emotion"": ""excitement"",\n  ""reasoning"": The sentiment is positive due to the enthusiastic and engaging tone used in ranking various TV shows, with many users expressing their personal opinions and preferences.\n}'}, 'theory': [{'has_theory': True, 'theory_summary': ""Some fans believe that Eleven's powers are not just telekinetic, but also connected to the Upside Down and its dark energy."", 'plausibility': 6}, {'has_theory': True, 'theory_summary': 'A popular theory suggests that Hopper is somehow still alive and is working with Eleven to take down Vecna.', 'plausibility': 8}], 'themes': ['character development', 'plot elements', 'relationships', 'nostalgia', 'theories']}"
"Now that the entire Stranger Things series is over, how would you rate all 5 seasons? (from best to worst, and you may rate out of 10 per season)",https://www.reddit.com/r/television/comments/1q1wpcz/now_that_the_entire_stranger_things_series_is/,"Personally, my ratings would be 1,4,5,3,2. But all are excellent.    submitted by    /u/AssociateLittle1487   [link]   [comments]",2026-01-02T11:52:03+00:00,kaggle,2026-01-04T09:03:09.345942,"{'sentiment': {'sentiment': 'positive', 'intensity': 8, 'key_emotion': 'appreciation', 'reasoning': 'The user expresses admiration for the series and its quality through their rating system.'}, 'theory': {'0': {'has_theory': False, 'theory_summary': None, 'plausibility': 0}, '1': {'has_theory': False, 'theory_summary': None, 'plausibility': 0}, '2': {'has_theory': False, 'theory_summary': None, 'plausibility': 0}, '3': {'has_theory': False, 'theory_summary': None, 'plausibility': 0}, '4': {'has_theory': False, 'theory_summary': None, 'plausibility': 0}, '5': {'has_theory': False, 'theory_summary': None, 'plausibility': 0}}, 'themes': ['Character Development', 'Plot Elements', 'Nostalgia', 'Relationships']}"
‘Stranger Things’ Finale Spoiler Interview: Duffer Brothers on Deciding a Main Character’s Fate and a Major Spinoff Element,https://www.reddit.com/r/television/comments/1q1mpnr/stranger_things_finale_spoiler_interview_duffer/,  submitted by    /u/MrShadowKing2020   [link]   [comments],2026-01-02T02:35:19+00:00,kaggle,2026-01-04T09:03:09.345986,"{'sentiment': {'error': 'Could not parse response', 'raw': '{\n  ""sentiment"": ""positive"",\n  ""intensity"": 6,\n  ""key_emotion"": ""excited"",\n  ""reasoning"": The discussion is positive due to the enthusiastic reception of the Duffer Brothers\' interview, showcasing their creative decisions and intriguing plot developments.'}, 'theory': [{'has_theory': True, 'theory_summary': ""The Upside Down portal could be connected to the Mind Flayer's origin in another dimension."", 'plausibility': 8}, {'has_theory': False}, {'has_theory': True, 'theory_summary': ""Eleven's powers are linked to the mysterious entity known as the 'Brainbleed', a phenomenon tied to alternate dimensions."", 'plausibility': 9}, {'has_theory': True, 'theory_summary': 'The Shadow Monster is connected to Vecna, hinting at an eventual spin-off centered around this villain.', 'plausibility': 8}], 'themes': ['Character development', 'Plot twists', 'Theories', 'Relationships', 'Nostalgia']}"
Stranger Things creator seems to suggest they made a mistake putting in an Easter egg that fans took the wrong way,https://www.reddit.com/r/television/comments/1q1l2ef/stranger_things_creator_seems_to_suggest_they/,        submitted by    /u/nylasor52   [link]   [comments] ,2026-01-02T01:19:02+00:00,kaggle,2026-01-04T09:03:09.346072,"{'sentiment': {'error': 'Could not parse response', 'raw': '{\n  ""sentiment"": ""negative"",\n  ""intensity"": 4,\n  ""key_emotion"": ""disappointment"",\n  ""reasoning"": The sentiment is negative due to the creator expressing regret over an Easter egg that fans misinterpreted, which implies a sense of disappointment among fans.'}, 'theory': [{'has_theory': True, 'theory_summary': ""Some fans believe the Easter egg was meant to be a clue about Eleven's past, but the creator intended it as a red herring."", 'plausibility': 6}], 'themes': []}"
"‘Stranger Things 5’: Duffer Brothers Unpack Emotional Series Finale From One Major Sendoff To That 40-Minute Epilogue, Those Needle Drops & A Spinoff Hint",https://www.reddit.com/r/television/comments/1q1l2aw/stranger_things_5_duffer_brothers_unpack/,  submitted by    /u/MrShadowKing2020   [link]   [comments],2026-01-02T01:18:54+00:00,kaggle,2026-01-04T09:03:09.346116,"{'sentiment': {'error': 'Could not parse response', 'raw': '{""sentiment"": ""positive"", \n ""intensity"": 8, \n ""key_emotion"": ""excitement"", \n ""reasoning"": The discussion expresses enthusiasm for the upcoming season and its potential surprises, indicating a positive sentiment with high intensity.}'}, 'theory': {'has_theory': True, 'theory_summary': ""The Duffer Brothers hinted at a potential spin-off series after the final season's ending and needle drops, fueling speculation about a possible continuation of the show."", 'plausibility': 6}, 'themes': ['Character development', 'Plot elements', 'Nostalgia', 'Relationships', 'Theories']}"
'Stranger Things' Creators Address Viral Fan Theory About Season 5 Deleted Scenes [Exclusive],https://www.reddit.com/r/television/comments/1q1kpnq/stranger_things_creators_address_viral_fan_theory/,        submitted by    /u/nylasor52   [link]   [comments] ,2026-01-02T01:02:41+00:00,kaggle,2026-01-04T09:03:09.346193,"{'sentiment': {'error': 'Could not parse response', 'raw': '{""sentiment"": ""positive"", \n ""intensity"": 6, \n ""key_emotion"": ""excitement"", \n ""reasoning"": The discussion is positive because it revolves around a viral fan theory being addressed by the show\'s creators, likely sparking excitement among fans.}'}, 'theory': {'fan_theories': [{'has_theory': True, 'theory_summary': ""The theory proposes that the Upside Down is actually a representation of Eleven's subconscious mind."", 'plausibility': 6}, {'has_theory': False}]}, 'themes': ['character development', 'plot elements', 'music', 'relationships', 'theories']}"
‘Stranger Things: Tales From ‘85’ | Official Announcement | Netflix,https://www.reddit.com/r/television/comments/1q1k38f/stranger_things_tales_from_85_official/,        submitted by    /u/RealJohnGillman   [link]   [comments] ,2026-01-02T00:35:33+00:00,kaggle,2026-01-04T09:03:09.346274,"{'sentiment': {'error': 'Could not parse response', 'raw': '{""sentiment"": ""positive"", ""intensity"": 8, ""key_emotion"": ""excitement"", ""reasoning"": The use of the word \'official\' and the phrase \'Official Announcement\' from Netflix indicates a high level of anticipation and excitement among fans.}'}, 'theory': {'has_theory': True, 'theory_summary': 'Some fans speculate that the character of Dr. Sam Owens is actually a composite of several scientists from the Hawkins National Laboratory', 'plausibility': 6}, 'themes': ['Character Development', 'Nostalgia', 'Relationships', 'Cinematography', 'Plot Elements']}"
Stranger Things Last Episode,https://www.reddit.com/r/television/comments/1q1fjff/stranger_things_last_episode/,"Let's be real. It sucked. I would gamble it's worse than game of thrones. And here's why: Why the fuck bring in Linda Hamilton and not bring a conclusion to her story. They just discarded the whole idea of the military being a force of evil. It made no sense. There was no resolution to the story. They made it seem like they were the ""bigger evil"" but, the last hour of the show, there was zero conclusion of why that was. They just cut to ""18 months later"" to hide the fact that they were a big pla",2026-01-01T21:24:05+00:00,kaggle,2026-01-04T09:03:09.346395,"{'sentiment': {'error': 'Could not parse response', 'raw': '{\n  ""sentiment"": ""negative"",\n  ""intensity"": 9,\n  ""key_emotion"": ""anger"",\n  ""reasoning"": The discussion expresses strong dissatisfaction and frustration with the final episode of Stranger Things, citing numerous plot inconsistencies and unresolved storylines.\n}'}, 'theory': [{'has_theory': True, 'theory_summary': ""Some fans speculate that the military's role in the Upside Down is more complex than initially shown, and that their actions may have unintended consequences."", 'plausibility': 6}, {'has_theory': True, 'theory_summary': ""Fans believe that Eleven's powers and connection to Hawkins are more deeply tied to her past and family history than shown in the series."", 'plausibility': 8}], 'themes': ['Nostalgia', 'Character Development (lacking)', 'Plot Elements (inconsistent resolution)', 'Relationships (abrupt departure of character)', 'Theories (unanswered questions)']}"
Should limited series become the norm to avoid the 2 to 3 year waits that are now endemic in multi-season shows?,https://www.reddit.com/r/television/comments/1q1f7cd/should_limited_series_become_the_norm_to_avoid/,"Many say the first season of Stranger Things was structured as, and should have been, a limited series. Instead we got a multi-season mess littered with years long waits throughout.  Everybody hates these long ass waits. The enthusiasm of watching a great first season ebbs in the empty years that follow. It's hard to maintain. Many viewers don't come back. Those who return struggle to remember what happened when the show first dropped years earlier. These waits really undercut the enjoyment of s",2026-01-01T21:10:36+00:00,kaggle,2026-01-04T09:03:09.346520,"{'sentiment': {'sentiment': 'negative', 'intensity': 7, 'key_emotion': 'frustration', 'reasoning': 'The discussion expresses frustration with long wait times between seasons of multi-season shows, specifically citing its impact on viewer enthusiasm and retention.'}, 'theory': [{'has_theory': True, 'theory_summary': 'Some fans believe that the first season was structured as a limited series, which would have maintained its momentum without lengthy waits.', 'plausibility': 6}], 'themes': ['Character development', 'Plot elements', 'Nostalgia']}"
Stranger Things spoiler free feelings share,https://www.reddit.com/r/television/comments/1q1ce9t/stranger_things_spoiler_free_feelings_share/,"Stranger Things!!! Not a review. Not a critique. Just a memory, told by someone who lived inside it. I from Bangladesh. I never rolled real dice around a dnd table, never sat with friends building worlds out of imagination. But the movie Jumanji planted a seed in me a love for the idea of adventure, of choosing a character, of becoming someone else for a while. I built some as well, carried those characters in my head, quietly, like secret friends. And then Stranger Things arrived at my teen… It",2026-01-01T19:18:07+00:00,kaggle,2026-01-04T09:03:09.346680,"{'sentiment': {'error': 'Could not parse response', 'raw': '{\n  ""sentiment"": ""positive"",\n  ""intensity"": 8,\n  ""key_emotion"": ""nostalgia"",\n  ""reasoning"": The overall sentiment is nostalgic and sentimental, reflecting the author\'s fond memories of discovering Stranger Things as a teenager.\n}'}, 'theory': [{'has_theory': True, 'theory_summary': ""Some fans speculate that Eleven's powers are not just a result of the experiments, but also linked to her connection with her father and her own emotional trauma."", 'plausibility': 6}, {'has_theory': True, 'theory_summary': ""Fans have speculated about the Upside Down being connected to Hawkins' history, including the town's dark industrial past and possible supernatural events."", 'plausibility': 8}, {'has_theory': True, 'theory_summary': ""Some fans believe that Will's disappearance in Season 1 was not just a result of the Upside Down, but also a test by his friends and family to see if he could survive without them."", 'plausibility': 7}, {'has_theory': True, 'theory_summary': ""Fans have speculated about the possible connections between Eleven's powers and the Demogorgon, including theories that they may be linked to each other through some sort of symbiotic relationship."", 'plausibility': 8}], 'themes': ['character development', 'nostalgia', 'adventure', 'relationships', 'childhood imagination']}"
Disliked Stranger Things,https://www.reddit.com/r/television/comments/1q1bsnf/disliked_stranger_things/,"I’m not trying to pick a fight, but I truly disliked the vast majority of the Stranger Things series (I liked season 2 or 3 ok). I thought it was very dark and by dark I mean poorly lit. The story line was also very hard to follow and at times ridiculous. Since I watched the first 4 seasons, I made myself watch the last season as well as the series finale. It was equally disappointing. Am I the only person who thinks this? For context, I’m one of six people on earth who didn’t like Friends eithe",2026-01-01T18:55:02+00:00,kaggle,2026-01-04T09:03:09.346743,"{'sentiment': {'error': 'Could not parse response', 'raw': '{\n  ""sentiment"": ""negative"",\n  ""intensity"": 8,\n  ""key_emotion"": ""disappointment"",\n  ""reasoning"": The user expresses strong disappointment with the series, citing dark visuals, confusing storyline, and ridiculous plot points, suggesting a deeply negative emotional response.\n}'}, 'theory': {'error': 'Could not parse response', 'raw': '{\n    ""has_theory"": true,\n    ""theory_summary"": The user\'s dislike for Stranger Things may be attributed to their individual taste in horror and science fiction being different from the show\'s creators."",\n    ""plausibility"": 6\n}'}, 'themes': ['character development', 'plot inconsistencies', 'narrative overload', 'aesthetic tone', 'reception vs expectation']}"
The 'Stranger Things' Finale - A Farewell to Monoculture?,https://www.reddit.com/r/television/comments/1q1bfwv/the_stranger_things_finale_a_farewell_to/,"There will obviously be plenty of differing opinions about the finale as people catch up, but no spoilers here. This is more about the significance of the end of the series.  As has been joked about endlessly, the world and our lives have changed dramatically since the show first premiered. Socially, we had not yet seen the full fragmentation of the media landscape. Breakout shows like Game of Thrones were rarer, but still existed as cultural “meeting places.” Stranger Things has lingered as a h",2026-01-01T18:40:54+00:00,kaggle,2026-01-04T09:03:09.346830,"{'sentiment': {'error': 'Could not parse response', 'raw': '{\n  ""sentiment"": ""mixed"",\n  ""intensity"": 6,\n  ""key_emotion"": ""nostalgia"",\n  ""reasoning"": The discussion is mixed due to the nostalgic tone, which acknowledges the passing of an era and the impact of the show on pop culture, but also hints at the shift in media consumption habits.'}, 'theory': [{'has_theory': True, 'theory_summary': ""The finale may mark the end of an era for nostalgic '80s kids and gamers, who have grown up with the show."", 'plausibility': 6}, {'has_theory': False}, {'has_theory': True, 'theory_summary': ""The finale may be a commentary on the homogenization of media, as seen in the rise of 'struggle between good and evil' narratives."", 'plausibility': 8}, {'has_theory': False}], 'themes': ['nostalgia', 'character development', 'plot elements', 'relationships']}"
There May Never Be Another Show Like ‘Stranger Things’,https://www.reddit.com/r/television/comments/1q14mex/there_may_never_be_another_show_like_stranger/,        submitted by    /u/mrnicegy26   [link]   [comments] ,2026-01-01T13:49:46+00:00,kaggle,2026-01-04T09:03:09.346911,"{'sentiment': {'error': 'Could not parse response', 'raw': '{""sentiment"": ""positive"", ""intensity"": 8, ""key_emotion"": ""enthusiastic"", ""reasoning"": The sentiment is positive due to the use of a superlative phrase expressing admiration for the show, indicating a strong enthusiasm for its uniqueness.}'}, 'theory': {'has_theory': False, 'theory_summary': None, 'plausibility': None}, 'themes': ['Character Development', 'Plot Elements', 'Nostalgia', 'Relationships', 'Theories']}"
Stranger Things and Stephen King,https://www.reddit.com/r/television/comments/1q13nuv/stranger_things_and_stephen_king/,"First things first: Stranger Things has been an epic show. epic ending. no notes. But... Are there any other Stephen King fans who initially assumed the show was an adaptation of a King novel you never read? It's basically Dreamcatcher, Carrie, IT, Stand By Me, Firestarter and Under the Dome all rolled into one awesome story. It's kind of impressive when you think about it.    submitted by    /u/miracolloway411   [link]   [comments]",2026-01-01T12:59:11+00:00,kaggle,2026-01-04T09:03:09.346987,"{'sentiment': {'error': 'Could not parse response', 'raw': '{\n  ""sentiment"": ""positive"",\n  ""intensity"": 9,\n  ""key_emotion"": ""impressed"",\n  ""reasoning"": The overall tone of the text is one of admiration and appreciation for Stranger Things, with the author expressing amazement at how well it combines elements from various Stephen King novels.'}, 'theory': {'error': 'Could not parse response', 'raw': '{\n  ""has_theory"": true,\n  ""theory_summary"": Fans initially assumed Stranger Things was an adaptation of multiple Stephen King novels, combining elements from Dreamcatcher, Carrie, IT, Stand By Me, Firestarter, and Under the Dome.\n  ""plausibility"": 6\n}'}, 'themes': ['Character development', 'Nostalgia', 'Plot elements', 'Relationships', 'Theories']}"
Question about Stranger Things,https://www.reddit.com/r/netflix/comments/1q3bo4c/question_about_stranger_things/,Just got done watching Stranger Things and you guys were right in the season after season two season three is definitely not that great. I had to rewatch it again actually just to watch the part where where world was older and the part where they went to the mall and the movie theater. Sorry for the typing errors. I’m a visually impaired person so I have to use dictation.    submitted by    /u/harpreetthind   [link]   [comments],2026-01-04T00:54:18+00:00,kaggle,2026-01-04T09:03:12.322644,"{'sentiment': {'error': 'Could not parse response', 'raw': '{""sentiment"": ""mixed"", \n""intensity"": 4, \n""key_emotion"": ""frustrated"", \n""reasoning"": The user expresses a mixed sentiment towards the third season of Stranger Things, feeling that it\'s not as great as previous seasons and needing to rewatch it due to missing specific scenes.}'}, 'theory': [{'has_theory': False, 'theory_summary': '', 'plausibility': 0}, {'has_theory': False, 'theory_summary': '', 'plausibility': 0}], 'themes': ['Character development', 'Nostalgia', 'Relationships', 'Plot elements', 'Cinematography']}"
My Critique of Stranger Things Season 5 and the finale...,https://www.reddit.com/r/netflix/comments/1q37zxf/my_critique_of_stranger_things_season_5_and_the/,"If you loved S5, I'm genuinely happy for you. There was a lot to like. But if you're open to discussion, here are my thoughts as someone who really loves this show overall. Spoliers ahead: WHAT WORKED  Steve and Dustin's friendship Will's coming out scene with Robin, and Mike's ""Best friends!"" moment The younger kids inheriting D&D Vecna's design as Mr Whatsit was genuinely creepy The costuming and production design Hopper's speech to El about surviving for better days  HELL CAME TO HAWKINS? Rem",2026-01-03T22:20:28+00:00,kaggle,2026-01-04T09:03:12.323479,"{'sentiment': {'error': 'Could not parse response', 'raw': '{\n  ""sentiment"": ""mixed"",\n  ""intensity"": 6,\n  ""key_emotion"": ""appreciation"",\n  ""reasoning"": The discussion starts on a positive note, expressing happiness for those who loved Season 5, but then shifts to sharing specific thoughts and critiques about the season, indicating a mixed sentiment.'}, 'theory': [{'has_theory': False, 'theory_summary': '', 'plausibility': 0}, {'has_theory': True, 'theory_summary': ""The Upside Down is a metaphor for Hawkins' mental state, reflecting the trauma and fear of its residents."", 'plausibility': 6}, {'has_theory': True, 'theory_summary': ""Vecna's design is inspired by Mr. Whatsit from C.S. Lewis's Chronicles of Narnia series."", 'plausibility': 8}], 'themes': ['Character development', 'Nostalgia', 'Relationships', 'Plot twists', 'Creepy atmosphere']}"
"When hiding items from your watch history, is the account owner notified?",https://www.reddit.com/r/netflix/comments/1q36nqz/when_hiding_items_from_your_watch_history_is_the/,Title. I want to watch Stranger Things and my parents are very anti-supernatural things so they would not be fond of me watching it. They check my continue watching all the time and I am unsure if they check the viewing history.     submitted by    /u/zapns   [link]   [comments],2026-01-03T21:26:44+00:00,kaggle,2026-01-04T09:03:12.323550,"{'sentiment': {'error': 'Could not parse response', 'raw': '{""sentiment"": ""mixed"", \n""intensity"": 6, \n""key_emotion"": ""frustration"", \n""reasoning"": The user expresses frustration with their parents\' strict rules and lack of transparency about monitoring their viewing history, leading to a mix of emotions about potentially watching Stranger Things despite the resistance.}'}, 'theory': {'has_theory': False, 'theory_summary': None, 'plausibility': 0}, 'themes': []}"
Specific 'plotholes' or anything unaddressed in Stranger Things,https://www.reddit.com/r/netflix/comments/1q32unz/specific_plotholes_or_anything_unaddressed_in/,"I considered writing something up that takes place around the ending of season 4 all the way to the end of season 5. This isn't to slander anyone or the producers, I just felt like writing it in a way that would have made fans more satisfied with the ending and less disappointed, myself included. I wanted to ask fellow fans, what are some plotholes that you have noticed or anything that has made you feel really disappointed or confused? 🖤    submitted by    /u/KotaSamich   [link]   [comments]",2026-01-03T18:58:28+00:00,kaggle,2026-01-04T09:03:12.323630,"{'sentiment': {'error': 'Could not parse response', 'raw': '{\n  ""sentiment"": ""mixed"",\n  ""intensity"": 6,\n  ""key_emotion"": ""frustration"",\n  ""reasoning"": The discussion starts with a positive tone, but the mention of \'plotholes\' and disappointment from fans suggests a mix of negative emotions.\n}'}, 'theory': {' theories': [{'has_theory': True, 'theory_summary': ""Some fans speculate about the fate of certain characters, particularly Eleven and Mike's relationship."", 'plausibility': 8}, {'has_theory': False, 'theory_summary': '', 'plausibility': None}]}, 'themes': ['character development', 'plot elements', 'theories']}"
Stranger things. The finale was flat on purpose,https://www.reddit.com/r/netflix/comments/1q327as/stranger_things_the_finale_was_flat_on_purpose/,"SPOILERS ALERT. I’ve been thinking about the finale and I honestly don’t believe the “flatness” was accidental or rushed. I think it was staged to feel strangely uneventful because the endgame they’re pointing to isn’t about winning a bigger fight.  Here’s the viewer experience that makes me suspicious. Stranger Things has trained us to expect escalation at the end (especially in finales). Even this season, they go big on spectacle. So when the final episode starts, you’re automatically tense, w",2026-01-03T18:33:59+00:00,kaggle,2026-01-04T09:03:12.323812,"{'sentiment': {'error': 'Could not parse response', 'raw': '{\n  ""sentiment"": ""negative"",\n  ""intensity"": 7,\n  ""key_emotion"": ""disappointment"",\n  ""reasoning"": The discussion expresses disappointment with the finale\'s pacing and lack of escalation, implying that it feels rushed or intentionally uneventful.\n}'}, 'theory': [{'has_theory': True, 'theory_summary': 'The finale was deliberately made flat to mislead viewers about the actual endgame.', 'plausibility': 6}, {'has_theory': False, 'theory_summary': '', 'plausibility': None}], 'themes': ['Character development', 'Plot elements', 'Theories']}"
Netflix doesn’t hit the same anymore,https://www.reddit.com/r/netflix/comments/1q2yhkg/netflix_doesnt_hit_the_same_anymore/,"Lately it really feels like Netflix used to have better shows than it does now. A few years back, things like Stranger Things, Narcos, and Mindhunter felt bigger, more original, and easier to get hooked on. I actually looked forward to new seasons dropping. Now I open Netflix and spend way too long scrolling, adding things to my list but never pressing play. A lot of new shows feel rushed or forgettable, even if the idea sounds good on paper. I still watch Netflix, but the excitement isn’t the s",2026-01-03T16:13:07+00:00,kaggle,2026-01-04T09:03:12.323920,"{'sentiment': {'error': 'Could not parse response', 'raw': '{\n  ""sentiment"": ""negative"",\n  ""intensity"": 8,\n  ""key_emotion"": ""disappointment"",\n  ""reasoning"": The discussion expresses disappointment and frustration with Netflix\'s current content offerings compared to its past success in producing original, engaging shows.\n}'}, 'theory': {'has_theory': False, 'theory_summary': None, 'plausibility': None}, 'themes': ['Character development', 'Plot elements', 'Nostalgia']}"
"Stranger Things Finale: What Happened to Erica, Murray and Mr. Clarke? The Duffer Brothers Weigh In",https://www.reddit.com/r/netflix/comments/1q2y3of/stranger_things_finale_what_happened_to_erica/,  submitted by    /u/peoplemagazine   [link]   [comments],2026-01-03T15:58:13+00:00,kaggle,2026-01-04T09:03:12.323969,"{'sentiment': {'error': 'Could not parse response', 'raw': '{\n  ""sentiment"": ""mixed"",\n  ""intensity"": 4,\n  ""key_emotion"": ""curiosity"",\n  ""reasoning"": The discussion is mixed in sentiment, leaning towards curiosity as the primary emotion, as it appears to be centered around unsatisfied questions about characters and plot twists from the Stranger Things finale.'}, 'theory': [{'has_theory': True, 'theory_summary': ""Theories suggest that Erica Sinclair's disappearance was connected to the Upside Down and may be linked to the Mind Flayer."", 'plausibility': 7}, {'has_theory': True, 'theory_summary': ""Fans believe Murray Bauman's character may not have died, but instead been taken by Vecna to his own dimension."", 'plausibility': 8}, {'has_theory': False, 'theory_summary': '', 'plausibility': 0}, {'has_theory': True, 'theory_summary': ""Some speculate that Mr. Clarke's character may have been a supernatural being or had a personal connection to the Upside Down."", 'plausibility': 6}], 'themes': ['Character Development', 'Plot Elements', 'Nostalgia', 'Relationships', 'Theories']}"
Stranger Things Finale Digital Cinema Package (DCP),https://www.reddit.com/r/netflix/comments/1q2xvul/stranger_things_finale_digital_cinema_package_dcp/,"Does anyone have insight or a theory on how DCPs were distributed for this release? If Netflix didn’t make any money from the screenings, I’d guess they’d also not want to spend a lot of money to provide hundreds of DCPs for the screenings.  I saw it in two theaters. I saw it first in the actual theater (Tara Atlanta) that Lucas and Max were at in the montage at the end of the episode. There, it appeared to be a 2K projection. I also saw it in a standard Regal theater which appeared to be a 4K p",2026-01-03T15:49:31+00:00,kaggle,2026-01-04T09:03:12.324043,"{'sentiment': {'error': 'Could not parse response', 'raw': '{\n  ""sentiment"": ""positive"",\n  ""intensity"": 6,\n  ""key_emotion"": ""curious"",\n  ""reasoning"": The user expresses interest and engagement with the digital cinema package (DCP) distribution for the Stranger Things finale, asking about theories and inquiring about their own viewing experience.\n}'}, 'theory': {'theories': [{'has_theory': True, 'theory_summary': 'The DCPs were distributed to theaters through a digital cinema distribution platform, allowing for efficient and cost-effective delivery of high-quality content.', 'plausibility': 8}, {'has_theory': False, 'theory_summary': '', 'plausibility': 0}, {'has_theory': True, 'theory_summary': 'The use of different resolutions (2K and 4K) in different theaters suggests a possible workaround for Netflix to distribute DCPs without incurring significant costs.', 'plausibility': 7}]}, 'themes': ['Character Development', 'Plot Elements', 'Cinematography', 'Nostalgia', 'Relationships']}"
The most unbelievable thing in stranger things 5,https://www.reddit.com/r/netflix/comments/1q2xktq/the_most_unbelievable_thing_in_stranger_things_5/,"I could not believe that Nancy and Steve had attraction and flirty moments until season 4 and a bit in season 5 and then Nancy says that she never felt for Steve as much as she felt for Jonathan? No hesitation either... In season 3 Eddie munson said to Steve that Nancy loved him according to her behaviour and he should have gotten back with her...he confesses his love to her and nothing. Unbelievable. Steve looked super hot. Nancy said at the end ""I don't want him"". Then she become friends with ",2026-01-03T15:37:17+00:00,kaggle,2026-01-04T09:03:12.324133,"{'sentiment': {'error': 'Could not parse response', 'raw': '{\n    ""sentiment"": ""negative"",\n    ""intensity"": 8,\n    ""key_emotion"": ""outrage"",\n    ""reasoning"": The commenter expresses outrage and disappointment towards the show\'s handling of Nancy and Steve\'s relationship, feeling that it was unfairly cancelled.'}, 'theory': {'has_theory': True, 'theory_summary': ""Fans believe that Nancy had romantic feelings for Steve, especially after Eddie's confession in Season 3 and their flirtatious moments in later seasons."", 'plausibility': 6}, 'themes': ['Character Development', 'Plot Twist', 'Relationship Dynamics', 'Nostalgia for Past Seasons', 'Unresolved Character Feelings']}"
Netflix in Theaters?,https://www.reddit.com/r/netflix/comments/1q2tknu/netflix_in_theaters/,"Seeing how popular the Stranger Things finale in theaters was this week ($25 million and counting) and being a part of a sold out crowd of 40 showings in just my cineplex alone, I can't help but wonder if this could be a way forward for movie theater chains.  My idea is for streaming services like Netflix, in conjunction with movie theaters, to sell ""season packages"" to tv watchers/movie goers. Bear with me here. Take shows like GoT, Dexter, ST, etc. They all have huge fan followings right? How ",2026-01-03T12:35:35+00:00,kaggle,2026-01-04T09:03:12.324207,"{'sentiment': {'error': 'Could not parse response', 'raw': '{\n  ""sentiment"": ""positive"",\n  ""intensity"": 7,\n  ""key_emotion"": ""excitement"",\n  ""reasoning"": The user expresses enthusiasm for the idea of streaming services partnering with movie theaters to offer season packages, suggesting a potential innovative solution.'}, 'theory': {'error': 'Could not parse response', 'raw': '{\n  ""theories"": [\n    {\n      ""has_theory"": true,\n      ""theory_summary"": Fans speculate that streaming services could sell season packages to fans of popular TV shows like Game of Thrones and Stranger Things in conjunction with movie theaters."",\n      ""plausibility"": 6\n    },\n    {\n      ""has_theory"": false,\n      ""theory_summary"": None,\n      ""plausibility"": null\n    }\n  ]\n}'}, 'themes': ['character development', 'plot elements', 'nostalgia']}"
I can’t believe so many popular Netflix shows were disappointing,https://www.reddit.com/r/netflix/comments/1q2t50l/i_cant_believe_so_many_popular_netflix_shows_were/,"There were three shows I was looking forward to this year: Squid Game 3, Alice in Borderland 3, and Stranger Things 5. Each one ended up to be disappointing/underwhelming, no matter how much I held hope that the next series would be better. The only good thing is that each subsequent show was much better than the last (I liked AIB3 and ST5- would rate them 6 and 7-8/10 respectively). In fact, it seemed like they left out crucial plot points on purpose just to milk them out further- Squid Game an",2026-01-03T12:11:37+00:00,kaggle,2026-01-04T09:03:12.324275,"{'sentiment': {'error': 'Could not parse response', 'raw': '{\n  ""sentiment"": ""negative"",\n  ""intensity"": 9,\n  ""key_emotion"": ""disappointment"",\n  ""reasoning"": The user expresses strong disappointment with the new seasons of several popular Netflix shows, including Stranger Things.\n}'}, 'theory': {'Stranger Things': {'has_theory': True, 'theory_summary': ""Some fans speculate that the show's creators intentionally leave behind clues and plot threads to keep viewers engaged for more seasons."", 'plausibility': 8}}, 'themes': ['character development', 'plot elements', 'narrative pacing', 'disappointment with sequels', 'overextension of series']}"
Stranger Things is quite something !,https://www.reddit.com/r/netflix/comments/1q2squl/stranger_things_is_quite_something/,"I just rewatched ALL of Stranger Things to be ready for season 5, and honestly, I loved it all over again. This series is really special and so amazing! I understand why it's so successful. I think it's meant to be watched back-to-back without waiting two years between seasons. It's not the same! And during season 5, I really felt something. It's off to a great start! In any case, I've rarely seen people satisfied with the ending of a popular masterpiece. Whether it's a series or an anime, peopl",2026-01-03T11:49:23+00:00,kaggle,2026-01-04T09:03:12.324338,"{'sentiment': {'error': 'Could not parse response', 'raw': '{\n  ""sentiment"": ""positive"",\n  ""intensity"": 9,\n  ""key_emotion"": ""enthusiasm"",\n  ""reasoning"": The overall tone and language used in the discussion convey a strong enthusiasm for the Stranger Things series, with phrases like ""I loved it all over again"" and ""it\'s off to a great start!"" indicating a high level of excitement and satisfaction.'}, 'theory': {'0': {'has_theory': False, 'theory_summary': None, 'plausibility': 0}, '1': {'has_theory': False, 'theory_summary': None, 'plausibility': 0}}, 'themes': ['character development', 'plot elements', 'nostalgia']}"
Stranger Things 5: My (Hot) Take (spoiler alert),https://www.reddit.com/r/netflix/comments/1q2rs2r/stranger_things_5_my_hot_take_spoiler_alert/,"Like many of you, I was left with complicated feelings after the long-awaited finale of Stranger Things. Not only is it the end of an era, a decade-long series that helped usher many of us through difficult moments in our lives, but there’s also something about that finale that was not satisfactory. I’ve thought about it consistently since watching the finale, and there are a few elements my thoughts boil down to: playing it safe (plot armor), too much death-teasing, and a rushed final confronta",2026-01-03T10:52:35+00:00,kaggle,2026-01-04T09:03:12.324484,"{'sentiment': {'error': 'Could not parse response', 'raw': '{\n  ""sentiment"": ""mixed"",\n  ""intensity"": 6,\n  ""key_emotion"": ""frustration"",\n  ""reasoning"": The author expresses mixed feelings about the finale due to its unsatisfactory elements, such as plot armor, excessive death-teasing, and a rushed final confrontation.'}, 'theory': {' theories': [{'has_theory': True, 'theory_summary': ""The Upside Down may not be just a supernatural realm but could be a parallel dimension created by the government's experiments."", 'plausibility': 8}, {'has_theory': True, 'theory_summary': ""Eleven's powers might be connected to her connection with Mike, and their bond is stronger than initially thought."", 'plausibility': 7}, {'has_theory': True, 'theory_summary': ""The Demogorgon's origins could be linked to an ancient entity from D&D lore or a real-life monster inspired by mythology."", 'plausibility': 6}]}, 'themes': ['Character Development', 'Plot Elements', 'Nostalgia']}"
Self aware,https://www.reddit.com/r/netflix/comments/1q2nmcq/self_aware/,"I see so many people posting their complaints on the plot holes, missing demogorgons, Vecna’s easy defeat, Elevens emotionless mug, etc. But here’s some food for thought. Stranger things had never taken itself too seriously, nor did it profess to offer exemplary writing. Like when did they present a logical reason for the existence of the upside down? When did they explain why the buildings were a replica of Hawkins? They never once mentioned the Russian entrance to the upside down. The show was",2026-01-03T06:43:21+00:00,kaggle,2026-01-04T09:03:12.324551,"{'sentiment': {'error': 'Could not parse response', 'raw': '{\n  ""sentiment"": ""mixed"",\n  ""intensity"": 6,\n  ""key_emotion"": ""defensive"",\n  ""reasoning"": The tone shifts from criticism to justification, suggesting a mix of emotions with a dominant defensive tone.\n}'}, 'theory': {'theories': [{'has_theory': True, 'theory_summary': ""The Upside Down's existence may be explained by the idea that it is a parallel dimension, rather than a physical place."", 'plausibility': 8}, {'has_theory': True, 'theory_summary': 'The buildings in Hawkins being replicas of the real town could suggest that the Upside Down is a alternate reality where the original town was destroyed or consumed by some event.', 'plausibility': 7}, {'has_theory': True, 'theory_summary': ""Vecna's defeat may have been made too easy, and his character may have been underpowered compared to other villains in the series."", 'plausibility': 6}]}, 'themes': ['Self-awareness', 'Plot holes and inconsistencies', 'Tone and seriousness', 'Nostalgia', 'Creator intentions']}"
Binge list,https://www.reddit.com/r/netflix/comments/1q2luhg/binge_list/,"In 2025, I've watched many movies and series across multiple platforms but majority from Netflix. My list was filled with adventures, sci-fi, thriller, murder mystery, drama, horror and othere genres and I'm planning to watch more of it in 2026.  I've watched Breaking Bad, Better Call Saul, Peaky Blinders, Dark, Wednesday, Stranger Things, Ozark, Money Heist, Narcos, Berlin, Lucifer. And in movies - Shutter island, bird box, 28 years later, homebound, El Camino, Frankenstein.  Based on watched m",2026-01-03T05:09:56+00:00,kaggle,2026-01-04T09:03:12.324627,"{'sentiment': {'error': 'Could not parse response', 'raw': '{\n  ""sentiment"": ""positive"",\n  ""intensity"": 8,\n  ""key_emotion"": ""excitement"",\n  ""reasoning"": The user expresses enthusiasm and eagerness to watch more shows and movies, using words like ""binge list"" and ""planning to watch"", indicating a positive sentiment towards their viewing experiences.\n}'}, 'theory': {'Stranger Things': [{'has_theory': True, 'theory_summary': 'The Upside Down is a parallel dimension created by the experiments of scientist Martin Brenner.', 'plausibility': 8}, {'has_theory': True, 'theory_summary': ""Eleven's powers are a result of her exposure to the Upside Down, which allowed her to tap into its dark energy."", 'plausibility': 9}, {'has_theory': True, 'theory_summary': 'The Shadow Monster is a powerful entity from the Upside Down that seeks to destroy the human world.', 'plausibility': 9}]}, 'themes': ['Character Development', 'Plot Elements', 'Relationships']}"
Stranger things 5 Finale mixed feelings,https://www.reddit.com/r/netflix/comments/1q2ip8n/stranger_things_5_finale_mixed_feelings/,"I want to start off by saying I’m everywhere about the ending, I don’t think it is entirely good or bad. I look forward to seeing everyone’s thoughts because you all may shed more light on the finale. Regardless of my thoughts this season, when I first watched this show 10 years ago in middle school, I fell in love with it and its characters. Regardless of my thoughts on the duffer brothers now, hats off to them for bringing this show to life. Pros: -I like how they gave each respective characte",2026-01-03T02:43:08+00:00,kaggle,2026-01-04T09:03:12.324756,"{'sentiment': {'error': 'Could not parse response', 'raw': '{\n  ""sentiment"": ""mixed"",\n  ""intensity"": 6,\n  ""key_emotion"": ""hopeful"",\n  ""reasoning"": The author is expressing mixed feelings about the finale, but also has a hopeful tone as they invite others to share their thoughts and opinions.\n}'}, 'theory': {'name': 'Fan Theories', 'theories': [{'has_theory': True, 'theory_summary': ""The Duffer Brothers' intentions behind using the 'Upside Down' as a metaphor for mental health and trauma."", 'plausibility': 8}, {'has_theory': False}, {'has_theory': True, 'theory_summary': ""The possibility that Eleven's powers are not just a product of her past, but also influenced by her connection to the Upside Down."", 'plausibility': 7}]}, 'themes': ['character development', 'plot twists', 'nostalgia', 'relationships', 'theories']}"
"WE, YES WE NEED A STRANGER THINGS HORROR GAME",https://www.reddit.com/r/netflix/comments/1q2fdyb/we_yes_we_need_a_stranger_things_horror_game/," PLEASE, it would be SO COOL to have a game, similar to Alien Isolation, where you play asyour OWN character, not any of the series, and idk, fight in the upside down, survive idk, maybe at some point you meet other characters. PLEASE I NEED THIS RIGHT NOW    submitted by    /u/Rixinoquellovero   [link]   [comments]",2026-01-03T00:18:19+00:00,kaggle,2026-01-04T09:03:12.324825,"{'sentiment': {'error': 'Could not parse response', 'raw': '{\n  ""sentiment"": ""positive"",\n  ""intensity"": 8,\n  ""key_emotion"": ""enthusiasm"",\n  ""reasoning"": The user\'s excited and pleading tone conveys their strong desire for a Stranger Things horror game.\n}'}, 'theory': {'theories': [{'has_theory': True, 'theory_summary': 'The user suggests a horror game featuring an original character in the Upside Down.', 'plausibility': 6}]}, 'themes': ['character development', 'plot elements', 'upside-down environments', 'nostalgia', 'player agency']}"
"Netflix's ""second screen"" writing ideology doesn't give me hope for Netflix's future releases.",https://www.reddit.com/r/netflix/comments/1q2eo56/netflixs_second_screen_writing_ideology_doesnt/,"Them basically writing shows to ""accommodate"" for the idea that people are probably going to be scrolling on their phones while watching them, so they simplify and dumb down their shows so people can still understand what's going on while paying attention to something else. x and quite frankly, I think this is a horrible idea. one that's going to do more harm than good. we should not be dumbing down media and art as a whole just because some people might not happen to be paying full attention. a",2026-01-02T23:47:43+00:00,kaggle,2026-01-04T09:03:12.324952,"{'sentiment': {'error': 'Could not parse response', 'raw': '{\n  ""sentiment"": ""negative"",\n  ""intensity"": 8,\n  ""key_emotion"": ""disgust"",\n  ""reasoning"": The writer expresses strong disapproval of the idea that Netflix is simplifying its shows to cater to audience fragmentation, viewing it as a devaluation of media and art.\n}'}, 'theory': {' theories': [{'has_theory': True, 'theory_summary': 'The writer thinks that Netflix prioritizes catering to distracted viewers over creating meaningful content.', 'plausibility': 6}]}, 'themes': []}"
How did they have courage to produce something like Stranger Things S5?,https://www.reddit.com/r/netflix/comments/1q2en55/how_did_they_have_courage_to_produce_something/,"This show defined my teenage years. At a time when there was so much garbage around, so many pointless shows and movies, something truly special came along: Stranger Things. It carried so many memories, so many emotions. Watching it with friends, talking about it afterward, it really felt like we were somehow reliving the glory of the 1980s again. And they just threw it all away. If you actually stop and look at it and compare the first season with what the show gradually became over time, you s",2026-01-02T23:46:31+00:00,kaggle,2026-01-04T09:03:12.325073,"{'sentiment': {'error': 'Could not parse response', 'raw': '{\n  ""sentiment"": ""negative"",\n  ""intensity"": 8,\n  ""key_emotion"": ""betrayal"",\n  ""reasoning"": The user feels betrayed by the evolution of the show\'s quality over time and its deviation from its original nostalgic charm.\n}'}, 'theory': {'theories': [{'has_theory': True, 'theory_summary': ""The show's creators may have intentionally deviated from the original 1980s vibe to appeal to a broader audience and maintain its nostalgic value."", 'plausibility': 6}, {'has_theory': False}]}, 'themes': ['character development', 'nostalgia', 'relationships', 'theories', 'courage']}"
Stranger Things officially ends its run since 2016... do you think Eleven IS ALIVE?,https://www.reddit.com/r/netflix/comments/1q2auyp/stranger_things_officially_ends_its_run_since/,"After all these years, Stranger Things has finally come to an end. From 2016 to now, it’s wild to think how long this show has been part of our lives. The final scene especially sparked a lot of theories, and people seem divided on what it really means. Do you think Eleven is actually alive, or was the ending meant to be more symbolic or open-ended?    submitted by    /u/RiskAndReason   [link]   [comments]",2026-01-02T21:15:30+00:00,kaggle,2026-01-04T09:03:12.325145,"{'sentiment': {'error': 'Could not parse response', 'raw': '{\n  ""sentiment"": ""mixed"",\n  ""intensity"": 6,\n  ""key_emotion"": ""curiosity"",\n  ""reasoning"": The discussion is mixed due to the ambiguous ending of the show, leaving fans curious and divided about Eleven\'s fate.'}, 'theory': {'theories': [{'has_theory': True, 'theory_summary': ""Some fans believe Eleven is alive because of the mysterious and unclear ending, while others think it's symbolic or open-ended."", 'plausibility': 8}]}, 'themes': ['Character Development', 'Plot Elements', 'Theories', 'Nostalgia', 'Relationships']}"
Thoughts on Stranger Things,https://www.reddit.com/r/netflix/comments/1q2alln/thoughts_on_stranger_things/,Started watching Stranger Things yesterday and you guys were right after the first few seasons it’s not that great. What season was your guys’s favorite? I liked the part where the chief found Will and Barbara what about you guys?    submitted by    /u/harpreetthind   [link]   [comments],2026-01-02T21:05:14+00:00,kaggle,2026-01-04T09:03:12.325204,"{'sentiment': {'error': 'Could not parse response', 'raw': '{\n  ""sentiment"": ""mixed"",\n  ""intensity"": 6,\n  ""key_emotion"": ""skeptical"",\n  ""reasoning"": The user initially expresses a negative sentiment about the show, but later seems to be open to discussing it with others.\n}'}, 'theory': {'error': 'Could not parse response', 'raw': '{\n  ""has_theory"": false,\n  ""theory_summary"": None,\n  ""plausibility"": 0\n}'}, 'themes': ['character development', 'plot elements', 'nostalgia', 'relationships', 'theories']}"
Where were the Goatgorgons,https://www.reddit.com/r/netflix/comments/1q28a81/where_were_the_goatgorgons/,The Duffer Brothers explain why there were no Demogorgans in the ‘STRANGER THINGS’ series finale “Mainly it’s just that Vecna was not expecting this sneak attack on his home turf. Never in a million years could he even imagine that. They’re there somewhere” (Source:https://www.thewrap.com/creative-content/tv-shows/stranger-things-5-ending-explained-is-eleven-dead-duffer-brothers-interview/)    submitted by    /u/CLUTCHlegend6969   [link]   [comments],2026-01-02T19:37:05+00:00,kaggle,2026-01-04T09:03:12.325280,"{'sentiment': {'error': 'Could not parse response', 'raw': '{\n  ""sentiment"": ""positive"",\n  ""intensity"": 4,\n  ""key_emotion"": ""excited"",\n  ""reasoning"": The user is excitedly discussing the plot twist in the Stranger Things series finale, showcasing their enthusiasm and engagement with the show.'}, 'theory': [{'has_theory': True, 'theory_summary': 'The Duffer Brothers hinted that the Demogorgons might still be in the Upside Down, possibly waiting for an opportunity to attack.', 'plausibility': 7}, {'has_theory': False, 'theory_summary': '', 'plausibility': 0}], 'themes': ['Character development', 'Plot twists and surprises', 'Nostalgia for the original Eleven storyline', ""Unanswered questions (Vecna's plan)"", ""Theories about Vecna's ultimate goal""]}"
What are your top 6 Netflix shows ever?,https://www.reddit.com/r/netflix/comments/1q27y2d/what_are_your_top_6_netflix_shows_ever/,What are your top 6 Netflix shows ever? Mine top 6 are : Ozark Peaky Blinders Stranger Things Queen's Gambit The Last Kingdom Haunting of Hill House    submitted by    /u/Mucek121   [link]   [comments],2026-01-02T19:24:13+00:00,kaggle,2026-01-04T09:03:12.325374,"{'sentiment': {'error': 'Could not parse response', 'raw': '{\n  ""sentiment"": ""mixed"",\n  ""intensity"": 4,\n  ""key_emotion"": ""excited"",\n  ""reasoning"": The user expresses enthusiasm for sharing their favorite Netflix shows, indicating a positive tone, but the discussion is not overwhelmingly enthusiastic or negative.'}, 'theory': {'theories': [{'has_theory': True, 'theory_summary': ""Some fans speculate that Eleven's powers are not a natural gift, but rather a result of her connection to the Mind Flayer and its experiments on her."", 'plausibility': 6}, {'has_theory': False, 'theory_summary': '', 'plausibility': 0}, {'has_theory': True, 'theory_summary': 'Fans have noticed a possible connection between the Upside Down and other supernatural realms in various mythologies, sparking theories about its origins.', 'plausibility': 7}, {'has_theory': False, 'theory_summary': '', 'plausibility': 0}]}, 'themes': ['character development', 'plot twists', 'nostalgia', 'atmosphere and tension', 'relationship dynamics']}"
Stranger things spinoff,https://www.reddit.com/r/netflix/comments/1q274ax/stranger_things_spinoff/,"So now, since the Duffer brothers have confirmed that the spinoff will be based on the stone from which Henry Creel got connected to the hive mind and it will have a new location and new characters. So, my guess is that the spinoff series will be a prequel set in Nevada, and it will explore the lab and Brenner's story with the Henry Creel backstory that was featured in the Stranger Things play. Or, rather than the lab and Henry Creel's backstory, they can also go for an entirely new group of kid",2026-01-02T18:53:57+00:00,kaggle,2026-01-04T09:03:12.325434,"{'sentiment': {'error': 'Could not parse response', 'raw': '{\n  ""sentiment"": ""positive"",\n  ""intensity"": 8,\n  ""key_emotion"": ""excitement"",\n  ""reasoning"": The user is enthusiastic about the spinoff series and its potential to expand on the Stranger Things universe.\n}'}, 'theory': {'error': 'Could not parse response', 'raw': '{\n  ""0"": {\n    ""has_theory"": true,\n    ""theory_summary"": The spinoff series will be a prequel exploring Brenner\'s story and Henry Creel\'s backstory, possibly set in Nevada with a new location and characters."",\n    ""plausibility"": 7\n  },\n  ""1"": {\n    ""has_theory"": true,\n    ""theory_summary"": The spinoff series could explore an entirely new group of kids, departing from the lab and Henry Creel\'s backstory to create a fresh narrative."",\n    ""plausibility"": 5\n  }\n}'}, 'themes': ['character development', 'plot elements', 'theories', 'relationships', 'nostalgia']}"
No more hawkins and it's beautiful people 😭,https://www.reddit.com/r/netflix/comments/1q22wy8/no_more_hawkins_and_its_beautiful_people/,"Hawkins in peace finally. MEWLDMNSJRJH+++ Thanks :)🥹. The fact that stranger things ended has traumatized me,and I can't accept it's over. A fantasy world hits harder in the brain 🫠.After Harry Potter I get this weird feeling but this time it last longer than I thought it'll be. But yeah it teached me something, as a filmmaker and as well as a human I learned a lot from the seris and I am truly grateful to exist in a time period where I can experience these emotions,these situations and these ch",2026-01-02T16:21:46+00:00,kaggle,2026-01-04T09:03:12.325549,"{'sentiment': {'error': 'Could not parse response', 'raw': '{\n  ""sentiment"": ""negative"",\n  ""intensity"": 8,\n  ""key_emotion"": ""grief"",\n  ""reasoning"": The author expresses a deep emotional pain and trauma due to the conclusion of Stranger Things, indicating a strong negative sentiment.'}, 'theory': {'theories': [{'has_theory': True, 'theory_summary': 'Fans speculate that the ending of Hawkins is not as definitive as it seems, leaving room for possible returns or alternate timelines.', 'plausibility': 6}, {'has_theory': False, 'theory_summary': '', 'plausibility': 0}]}, 'themes': ['Character development', 'Trauma and grief', 'Nostalgia for fantasy worlds', 'Relationships and bonds', 'Catharsis through art']}"
